country,flag_url
United States,https://flagcdn.com/w320/us.png
Russia,https://flagcdn.com/w320/ru.png
China,https://flagcdn.com/w320/cn.png
India,https://flagcdn.com/w320/in.png
South Korea,https://flagcdn.com/w320/kr.png
United Kingdom,https://flagcdn.com/w320/gb.png
France,https://flagcdn.com/w320/fr.png
Japan,https://flagcdn.com/w320/jp.png
Turkiye,https://flagcdn.com/w320/tr.png
Italy,https://flagcdn.com/w320/it.png
Brazil,https://flagcdn.com/w320/br.png
Pakistan,https://flagcdn.com/w320/pk.png
Indonesia,https://flagcdn.com/w320/id.png
Germany,https://flagcdn.com/w320/de.png
Israel,https://flagcdn.com/w320/il.png
Iran,https://flagcdn.com/w320/ir.png
Spain,https://flagcdn.com/w320/es.png
Australia,https://flagcdn.com/w320/au.png
Egypt,https://flagcdn.com/w320/eg.png
Ukraine,https://flagcdn.com/w320/ua.png
Poland,https://flagcdn.com/w320/pl.png
Taiwan,https://flagcdn.com/w320/tw.png
Vietnam,https://flagcdn.com/w320/vn.png
Saudi Arabia,https://flagcdn.com/w320/sa.png
Thailand,https://flagcdn.com/w320/th.png
Algeria,https://flagcdn.com/w320/dz.png
Sweden,https://flagcdn.com/w320/se.png
Canada,https://flagcdn.com/w320/ca.png
Singapore,https://flagcdn.com/w320/sg.png
Greece,https://flagcdn.com/w320/gr.png
Nigeria,https://flagcdn.com/w320/ng.png
Mexico,https://flagcdn.com/w320/mx.png
Argentina,https://flagcdn.com/w320/ar.png
North Korea,https://flagcdn.com/w320/kp.png
Bangladesh,https://flagcdn.com/w320/bd.png
Netherlands,https://flagcdn.com/w320/nl.png
Myanmar,https://flagcdn.com/w320/mm.png
Norway,https://flagcdn.com/w320/no.png
Portugal,https://flagcdn.com/w320/pt.png
South Africa,https://flagcdn.com/w320/za.png
Philippines,https://flagcdn.com/w320/ph.png
Malaysia,https://flagcdn.com/w320/my.png
Iraq,https://flagcdn.com/w320/iq.png
Switzerland,https://flagcdn.com/w320/ch.png
Denmark,https://flagcdn.com/w320/dk.png
Colombia,https://flagcdn.com/w320/co.png
Chile,https://flagcdn.com/w320/cl.png
Finland,https://flagcdn.com/w320/fi.png
Peru,https://flagcdn.com/w320/pe.png
Venezuela,https://flagcdn.com/w320/ve.png
Romania,https://flagcdn.com/w320/ro.png
Ethiopia,https://flagcdn.com/w320/et.png
Czechia,https://flagcdn.com/w320/cz.png
United Arab Emirates,https://flagcdn.com/w320/ae.png
Hungary,https://flagcdn.com/w320/hu.png
Angola,https://flagcdn.com/w320/ao.png
Kazakhstan,https://flagcdn.com/w320/kz.png
Uzbekistan,https://flagcdn.com/w320/uz.png
Morocco,https://flagcdn.com/w320/ma.png
Azerbaijan,https://flagcdn.com/w320/az.png
Belgium,https://flagcdn.com/w320/be.png
Bulgaria,https://flagcdn.com/w320/bg.png
Serbia,https://flagcdn.com/w320/rs.png
Syria,https://flagcdn.com/w320/sy.png
Ecuador,https://flagcdn.com/w320/ec.png
Democratic Republic of the Congo,https://flagcdn.com/w320/cd.png
Cuba,https://flagcdn.com/w320/cu.png
Austria,https://flagcdn.com/w320/at.png
Sri Lanka,https://flagcdn.com/w320/lk.png
Belarus,https://flagcdn.com/w320/by.png
Slovakia,https://flagcdn.com/w320/sk.png
Qatar,https://flagcdn.com/w320/qa.png
Sudan,https://flagcdn.com/w320/sd.png
Croatia,https://flagcdn.com/w320/hr.png
Jordan,https://flagcdn.com/w320/jo.png
Libya,https://flagcdn.com/w320/ly.png
Turkmenistan,https://flagcdn.com/w320/tm.png
Albania,https://flagcdn.com/w320/al.png
Kuwait,https://flagcdn.com/w320/kw.png
Bolivia,https://flagcdn.com/w320/bo.png
Bahrain,https://flagcdn.com/w320/bh.png
Oman,https://flagcdn.com/w320/om.png
Kenya,https://flagcdn.com/w320/ke.png
Chad,https://flagcdn.com/w320/td.png
Yemen,https://flagcdn.com/w320/ye.png
New Zealand,https://flagcdn.com/w320/nz.png
Paraguay,https://flagcdn.com/w320/py.png
Lithuania,https://flagcdn.com/w320/lt.png
Mozambique,https://flagcdn.com/w320/mz.png
Tunisia,https://flagcdn.com/w320/tn.png
Armenia,https://flagcdn.com/w320/am.png
Tanzania,https://flagcdn.com/w320/tz.png
Cameroon,https://flagcdn.com/w320/cm.png
Georgia,https://flagcdn.com/w320/ge.png
Cambodia,https://flagcdn.com/w320/kh.png
Slovenia,https://flagcdn.com/w320/si.png
Ireland,https://flagcdn.com/w320/ie.png
Mongolia,https://flagcdn.com/w320/mn.png
Latvia,https://flagcdn.com/w320/lv.png
Uruguay,https://flagcdn.com/w320/uy.png
Honduras,https://flagcdn.com/w320/hn.png
Ivory Coast,https://flagcdn.com/w320/ci.png
Guatemala,https://flagcdn.com/w320/gt.png
Mali,https://flagcdn.com/w320/ml.png
Kyrgyzstan,https://flagcdn.com/w320/kg.png
Laos,https://flagcdn.com/w320/la.png
Estonia,https://flagcdn.com/w320/ee.png
Tajikistan,https://flagcdn.com/w320/tj.png
Zambia,https://flagcdn.com/w320/zm.png
Ghana,https://flagcdn.com/w320/gh.png
Zimbabwe,https://flagcdn.com/w320/zw.png
North Macedonia,https://flagcdn.com/w320/mk.png
South Sudan,https://flagcdn.com/w320/ss.png
Uganda,https://flagcdn.com/w320/ug.png
Lebanon,https://flagcdn.com/w320/lb.png
Namibia,https://flagcdn.com/w320/na.png
Luxembourg,https://flagcdn.com/w320/lu.png
Afghanistan,https://flagcdn.com/w320/af.png
Niger,https://flagcdn.com/w320/ne.png
Eritrea,https://flagcdn.com/w320/er.png
Republic of the Congo,https://flagcdn.com/w320/cg.png
Botswana,https://flagcdn.com/w320/bw.png
Mauritania,https://flagcdn.com/w320/mr.png
Dominican Republic,https://flagcdn.com/w320/do.png
Senegal,https://flagcdn.com/w320/sn.png
Nepal,https://flagcdn.com/w320/np.png
Montenegro,https://flagcdn.com/w320/me.png
El Salvador,https://flagcdn.com/w320/sv.png
Burkina Faso,https://flagcdn.com/w320/bf.png
Madagascar,https://flagcdn.com/w320/mg.png
Nicaragua,https://flagcdn.com/w320/ni.png
Bosnia and Herzegovina,https://flagcdn.com/w320/ba.png
Gabon,https://flagcdn.com/w320/ga.png
Moldova,https://flagcdn.com/w320/md.png
Iceland,https://flagcdn.com/w320/is.png
Panama,https://flagcdn.com/w320/pa.png
Belize,https://flagcdn.com/w320/bz.png
Liberia,https://flagcdn.com/w320/lr.png
Suriname,https://flagcdn.com/w320/sr.png
Sierra Leone,https://flagcdn.com/w320/sl.png
Kosovo,https://flagcdn.com/w320/xk.png
Somalia,https://flagcdn.com/w320/so.png
Central African Republic,https://flagcdn.com/w320/cf.png
Benin,https://flagcdn.com/w320/bj.png
Bhutan,https://flagcdn.com/w320/bt.png
