Country,total_population,total_military_manpower,fit_for_service,population_reaching_military_age_annually,active_personnel,reserve_personnel,paramilitary,total_military_aircraft,fighter_aircraft,attack_aircraft,transport_aircraft,trainer_aircraft,special_mission_aircraft,tanker_aircraft,total_military_helicopters,attack_helicopters,tanks,armored_fighting_vehicles,self_propelled_artillery,towed_artillery,rocket_projectors,total_naval_fleet,aircraft_carriers,helicopter_carriers,submarines,destroyers,frigates,corvettes,coastal_patrol_craft,mine_warfare_craft,defense_budget_usd,purchasing_power_parity_usd,external_debt_usd,foreign_exchange_and_gold_reserves_usd,labour_force,total_merchant_marine_fleet,major_ports_and_terminals,roadway_coverage_km,railway_coverage_km,total_serviceable_airports,waterway_coverage_km,oil_production_bbl,oil_consumption_bbl,proven_oil_reserves_bbl,natural_gas_production_cum,natural_gas_consumption_cum,proven_natural_gas_reserves_cum,coal_production_cum,coal_consumption_mt,proven_coal_reserves_cum,total_land_area_sq_km,coastline_coverage_km,border_coverage_km,NATO,alliance,region_africa,region_asia,region_europe,region_middle_east,region_north_america,region_south_america,capital_city
Afghanistan,40121552.0,15647405.0,8826741.0,842553.0,0.0,0.0,80000.0,9.0,0.0,0.0,3.0,0.0,0.0,0.0,6.0,1.0,0.0,5202.0,0.0,0.0,0.0,0.0,0.0,0.0,0.0,0.0,0.0,0.0,0.0,0.0,290000000.0,54772700000.0,1142500000.0,8852092000.0,8921000.0,0.0,0.0,34903.0,0.0,67.0,1200.0,0.0,2700.0,0.0,80200000.0,80200000.0,49554000000.0,4885000.0,1545000.0,66000000.0,652230.0,0.0,5987.0,,,,2.6442,,,,,Kabul
Albania,3107100.0,1522479.0,1292554.0,62142.0,6600.0,2000.0,500.0,19.0,0.0,0.0,0.0,0.0,0.0,0.0,19.0,0.0,46.0,1796.0,0.0,50.0,135.0,19.0,0.0,0.0,0.0,0.0,0.0,0.0,19.0,0.0,558862420.0,49592000000.0,7312000000.0,6455000000.0,1388000.0,67.0,3.0,3945.0,424.0,3.0,41.0,1400.0,2600.0,150000000.0,50623000.0,50623000.0,5692000000.0,379000.0,389000.0,522000000.0,28748.0,362.0,691.0,1.6815,,,,1.6815,,,,Tirana
Algeria,47022473.0,22570787.0,19185169.0,752360.0,325000.0,135000.0,150000.0,608.0,102.0,42.0,63.0,87.0,10.0,5.0,299.0,74.0,1485.0,26000.0,224.0,483.0,266.0,110.0,0.0,0.0,6.0,0.0,8.0,8.0,75.0,2.0,25000000000.0,699947000000.0,3335624000.0,81217000000.0,13425000.0,119.0,17.0,104000.0,4020.0,85.0,0.0,1443000.0,428000.0,12200000000.0,100726000000.0,47963000000.0,4504000000000.0,0.0,167000.0,233000000.0,2381740.0,998.0,6734.0,,,0.3589,,,,,,Alger
Angola,37202061.0,7440412.0,3720206.0,372021.0,107000.0,0.0,10000.0,298.0,71.0,12.0,31.0,66.0,2.0,0.0,116.0,15.0,309.0,5500.0,25.0,575.0,113.0,31.0,0.0,0.0,0.0,0.0,0.0,0.0,29.0,0.0,1101360000.0,265868000000.0,45774500000.0,13942000000.0,15223000.0,64.0,21.0,26000.0,2761.0,106.0,1300.0,1175000.0,127000.0,7783000000.0,5514000000.0,1397000000.0,343002000000.0,0.0,0.0,0.0,1246700.0,1600.0,5369.0,,,1.0961,,,,,,Luanda
Argentina,46994384.0,20677529.0,17575900.0,704916.0,108000.0,0.0,20000.0,239.0,23.0,11.0,52.0,71.0,13.0,2.0,94.0,0.0,342.0,21724.0,55.0,172.0,26.0,44.0,0.0,0.0,2.0,3.0,0.0,6.0,13.0,0.0,928897000.0,1235000000000.0,178940000000.0,23081000000.0,21906000.0,201.0,37.0,281290.0,17866.0,756.0,11000.0,807000.0,706000.0,2483000000.0,43280000000.0,46228000000.0,396464000000.0,1318000.0,3391000.0,799999000.0,2780400.0,4989.0,11968.0,,,,,,,,0.6013,Buenos Aires
Armenia,2976765.0,1666988.0,1366335.0,44651.0,57500.0,210000.0,5000.0,71.0,4.0,15.0,3.0,13.0,0.0,0.0,36.0,20.0,109.0,1306.0,145.0,148.0,100.0,0.0,0.0,0.0,0.0,0.0,0.0,0.0,0.0,0.0,1700000000.0,57728000000.0,9014000000.0,3607000000.0,1356000.0,0.0,0.0,7700.0,686.0,11.0,0.0,0.0,14000.0,0.0,0.0,2861000000.0,0.0,60.0,23000.0,317000000.0,29743.0,0.0,1570.0,,,,2.0373,,,,,Yerevan
Australia,26768598.0,11242811.0,9208398.0,294455.0,57350.0,32050.0,0.0,327.0,24.0,62.0,38.0,98.0,30.0,6.0,69.0,22.0,59.0,15648.0,0.0,48.0,0.0,44.0,0.0,2.0,6.0,3.0,7.0,0.0,10.0,3.0,55700000000.0,1584000000000.0,3427504300000.0,61703000000.0,14501000.0,604.0,66.0,873573.0,36064.0,2180.0,2000.0,386000.0,1123000.0,2446000000.0,153783000000.0,50188000000.0,3228000000000.0,465865000.0,107624000.0,150227000000.0,7741220.0,25760.0,0.0,,,,,,,,,Canberra
Austria,8967982.0,4035592.0,3632033.0,98648.0,16000.0,125600.0,0.0,85.0,15.0,0.0,11.0,18.0,0.0,0.0,41.0,0.0,56.0,7322.0,30.0,0.0,0.0,0.0,0.0,0.0,0.0,0.0,0.0,0.0,0.0,0.0,5475750000.0,590354000000.0,630000000000.0,31212000000.0,4825000.0,1.0,0.0,137039.0,6123.0,61.0,358.0,18000.0,245000.0,35200000.0,618209000.0,8136000000.0,5040000000.0,1271000.0,5026000.0,0.0,83871.0,0.0,2524.0,,1.3704,,,1.3704,,,,Wien
Azerbaijan,10650239.0,5218617.0,3908638.0,159754.0,126400.0,300000.0,15000.0,154.0,12.0,18.0,3.0,35.0,0.0,0.0,86.0,16.0,497.0,7642.0,198.0,650.0,268.0,38.0,0.0,0.0,4.0,0.0,0.0,0.0,17.0,4.0,5000000000.0,215896000000.0,16159500000.0,13749000000.0,5473000.0,312.0,0.0,24981.0,2944.0,32.0,0.0,618000.0,105000.0,7000000000.0,34175000000.0,11759000000.0,1699000000000.0,0.0,60000.0,0.0,86600.0,713.0,2468.0,,,,1.2531,,,,,Baku
Bahrain,1566888.0,846120.0,720768.0,17236.0,18400.0,110000.0,1500.0,132.0,24.0,0.0,3.0,40.0,0.0,0.0,80.0,34.0,150.0,2764.0,38.0,26.0,17.0,64.0,0.0,0.0,0.0,0.0,2.0,2.0,50.0,0.0,1597200000.0,85491000000.0,49500000000.0,5118000000.0,855000.0,184.0,4.0,4122.0,0.0,3.0,0.0,189000.0,72000.0,186500000.0,18005000000.0,17924000000.0,81382000000.0,0.0,0.0,0.0,760.0,161.0,0.0,,,,1.7448,,1.7448,,,al-Manama
Bangladesh,168697184.0,82661620.0,66129296.0,3205246.0,163000.0,0.0,6800000.0,214.0,42.0,0.0,17.0,86.0,4.0,0.0,65.0,0.0,320.0,11584.0,56.0,546.0,110.0,118.0,0.0,0.0,2.0,0.0,7.0,6.0,61.0,5.0,4374000000.0,1413000000000.0,51965000000.0,21860000000.0,74914000.0,558.0,2.0,369105.0,2460.0,17.0,8370.0,13000.0,160000.0,28000000.0,24620000000.0,30384000000.0,126293000000.0,754000.0,7514000.0,3260000000.0,148460.0,580.0,4413.0,,,,0.6062,,,,,Dhaka
Belarus,9501451.0,5035769.0,3724569.0,104516.0,63000.0,145000.0,55000.0,185.0,36.0,50.0,4.0,27.0,0.0,0.0,68.0,29.0,507.0,6916.0,357.0,215.0,206.0,0.0,0.0,0.0,0.0,0.0,0.0,0.0,0.0,0.0,1077900000.0,254407000000.0,44000000000.0,8118000000.0,4956000.0,4.0,0.0,86600.0,5528.0,46.0,2500.0,30000.0,131000.0,198000000.0,73929000.0,16683000000.0,2832000000.0,0.0,778000.0,0.0,207600.0,0.0,3599.0,,,,,1.3954,,,,Minsk
Belgium,11977634.0,4910830.0,3880753.0,119776.0,25000.0,6400.0,0.0,108.0,43.0,0.0,7.0,38.0,0.0,0.0,20.0,0.0,0.0,4606.0,0.0,0.0,0.0,9.0,0.0,0.0,0.0,0.0,2.0,0.0,2.0,5.0,10200000000.0,751592000000.0,1449264300000.0,40813000000.0,5432000.0,198.0,7.0,118414.0,3602.0,49.0,2043.0,11000.0,585000.0,0.0,13436000.0,15347000000.0,0.0,1270000.0,4869000.0,4100000000.0,30528.0,67.0,1297.0,1.2564,1.2564,,,1.2564,,,,Bruxelles [Brussel]
Beliz,415789.0,158000.0,90226.0,8732.0,1650.0,850.0,0.0,3.0,0.0,0.0,1.0,0.0,1.0,0.0,1.0,0.0,0.0,130.0,0.0,0.0,0.0,8.0,0.0,0.0,0.0,0.0,0.0,0.0,8.0,0.0,29538000.0,5257000000.0,1248000000.0,473729000.0,190000.0,774.0,2.0,3281.0,0.0,27.0,825.0,800.0,5000.0,6700000.0,0.0,0.0,0.0,0.0,0.0,0.0,22966.0,386.0,542.0,,,,,,,,,
Benin,14697052.0,5584880.0,3189260.0,308638.0,4750.0,0.0,0.0,5.0,0.0,0.0,0.0,0.0,0.0,0.0,5.0,0.0,0.0,92.0,0.0,16.0,0.0,2.0,0.0,0.0,0.0,0.0,0.0,0.0,2.0,0.0,98350000.0,52510000000.0,4066500000.0,698900000.0,4964000.0,6.0,1.0,16000.0,438.0,10.0,150.0,0.0,46000.0,8000000.0,0.0,182131000.0,1133000000.0,0.0,45000.0,0.0,112622.0,121.0,2123.0,,,4.3156,,,,,,Porto-Novo
Bhutan,884546.0,203446.0,122067.0,4423.0,7500.0,0.0,0.0,2.0,0.0,0.0,0.0,0.0,0.0,0.0,2.0,0.0,0.0,84.0,0.0,0.0,0.0,0.0,0.0,0.0,0.0,0.0,0.0,0.0,0.0,0.0,14000000.0,10981000000.0,2757000000.0,976260000.0,430000.0,0.0,0.0,12205.0,0.0,4.0,0.0,0.0,3000.0,0.0,0.0,0.0,0.0,177000.0,325000.0,0.0,38394.0,0.0,1136.0,,,,6.3934,,,,,Thimphu
Bolivia,12311974.0,5417269.0,4112199.0,233928.0,40000.0,40000.0,0.0,64.0,0.0,0.0,15.0,19.0,0.0,0.0,33.0,0.0,54.0,890.0,0.0,106.0,0.0,67.0,0.0,0.0,0.0,0.0,0.0,0.0,50.0,0.0,550200000.0,119785000000.0,11431000000.0,1800000000.0,6114000.0,50.0,0.0,90568.0,3690.0,200.0,10000.0,58000.0,87000.0,240900000.0,13760000000.0,3055000000.0,302990000000.0,0.0,9000.0,1000000.0,1098581.0,0.0,7252.0,,,,,,,,1.7221,La Paz
Bosnia and Herzegovina,3798671.0,2355176.0,1956316.0,49383.0,12770.0,6000.0,0.0,22.0,0.0,0.0,0.0,0.0,0.0,0.0,22.0,0.0,45.0,720.0,0.0,457.0,79.0,0.0,0.0,0.0,0.0,0.0,0.0,0.0,0.0,0.0,216400000.0,63769000000.0,7760500000.0,9205000000.0,1369000.0,0.0,1.0,22926.0,965.0,13.0,990.0,0.0,36000.0,0.0,0.0,225824000.0,0.0,14114000.0,14766000.0,2264000000.0,51197.0,20.0,1543.0,,,,,3.0799,,,,Sarajevo
Botswana,2450668.0,1029281.0,617568.0,24507.0,21000.0,0.0,0.0,45.0,11.0,0.0,9.0,9.0,0.0,0.0,16.0,0.0,45.0,1224.0,12.0,36.0,20.0,0.0,0.0,0.0,0.0,0.0,0.0,0.0,0.0,0.0,465600000.0,46742000000.0,1853500000.0,4756000000.0,1170000.0,0.0,0.0,31747.0,888.0,122.0,0.0,0.0,21000.0,0.0,0.0,0.0,0.0,2634000.0,2291000.0,1660000000.0,581730.0,0.0,4347.0,,,2.7509,,,,,,Gaborone
Brazil,220051512.0,112226271.0,88680759.0,3520824.0,360000.0,340000.0,200000.0,513.0,43.0,38.0,109.0,133.0,25.0,0.0,191.0,0.0,294.0,22464.0,109.0,412.0,38.0,64.0,0.0,1.0,4.0,0.0,6.0,2.0,23.0,3.0,26157300000.0,4016000000000.0,432224000000.0,355021000000.0,108695000.0,888.0,45.0,2000000.0,29850.0,4919.0,50000.0,4221000.0,3027000.0,12715000000.0,22670000000.0,31654000000.0,363985000000.0,15644000.0,32787000.0,6596000000.0,8515770.0,7491.0,16145.0,,,,,,,,0.2415,Brasília
Bulgaria,6782659.0,3187850.0,2611324.0,61044.0,37000.0,3000.0,0.0,65.0,10.0,5.0,6.0,21.0,0.0,0.0,27.0,4.0,90.0,4914.0,48.0,24.0,24.0,36.0,0.0,0.0,0.0,0.0,4.0,3.0,0.0,10.0,1373232000.0,214061000000.0,27138500000.0,46334000000.0,3103000.0,78.0,2.0,19512.0,4029.0,111.0,470.0,4000.0,101000.0,15000000.0,20837000.0,2801000000.0,5663000000.0,35516000.0,35970000.0,2366000000.0,110880.0,354.0,1806.0,1.2563,1.2563,,,1.2563,,,,Sofia
Burkina Faso,23042199.0,8525614.0,6060098.0,368675.0,12000.0,0.0,4500.0,25.0,0.0,3.0,2.0,0.0,2.0,0.0,18.0,5.0,0.0,491.0,0.0,8.0,9.0,0.0,0.0,0.0,0.0,0.0,0.0,0.0,0.0,0.0,81280000.0,57152000000.0,3145000000.0,47138000.0,8577000.0,0.0,0.0,15304.0,622.0,49.0,0.0,0.0,36000.0,0.0,0.0,0.0,0.0,0.0,0.0,0.0,274200.0,0.0,3611.0,,,2.9734,,,,,,Ouagadougou
Cambodia,17063669.0,8190561.0,5733393.0,307146.0,221000.0,0.0,10000.0,25.0,0.0,0.0,4.0,0.0,0.0,0.0,21.0,0.0,644.0,3627.0,30.0,430.0,463.0,20.0,0.0,0.0,0.0,0.0,0.0,0.0,20.0,0.0,860000000.0,85900000000.0,13200000000.0,17801000000.0,9175000.0,195.0,2.0,47263.0,642.0,13.0,3700.0,0.0,73000.0,0.0,0.0,0.0,0.0,113000.0,2215000.0,0.0,181035.0,443.0,2530.0,,,,2.0752,,,,,Phnom Penh
Cameroon,30966105.0,10528476.0,6224187.0,495458.0,40000.0,0.0,12500.0,35.0,0.0,0.0,6.0,6.0,2.0,0.0,21.0,0.0,0.0,430.0,18.0,52.0,20.0,51.0,0.0,0.0,0.0,0.0,0.0,0.0,51.0,0.0,554952283.0,138925000000.0,9506000000.0,5754093000.0,11965000.0,198.0,7.0,77589.0,987.0,37.0,0.0,54000.0,40000.0,200000000.0,2595000000.0,877058000.0,135071000000.0,0.0,0.0,0.0,475440.0,400.0,5018.0,,,2.0501,,,,,,Yaounde
Canada,38794813.0,16681770.0,13500595.0,426743.0,68000.0,27000.0,5500.0,351.0,66.0,0.0,28.0,95.0,33.0,6.0,145.0,0.0,74.0,21704.0,0.0,0.0,0.0,73.0,0.0,0.0,4.0,0.0,12.0,0.0,24.0,0.0,41000000000.0,2238000000000.0,2337375700000.0,117551000000.0,22110000.0,716.0,284.0,1042300.0,4942.0,1425.0,636.0,5692000.0,2454000.0,170300000000.0,187686000000.0,130316000000.0,2067126000000.0,43024000.0,17138000.0,6582000000.0,9984670.0,202080.0,8893.0,0.5179,,,,,,0.5179,,Ottawa
Central African Republic,5650957.0,2203873.0,1254512.0,101717.0,10000.0,0.0,1000.0,6.0,0.0,6.0,0.0,0.0,0.0,0.0,0.0,0.0,0.0,228.0,0.0,0.0,0.0,0.0,0.0,0.0,0.0,0.0,0.0,0.0,0.0,0.0,45990000.0,5849000000.0,666293000.0,374405000.0,2114000.0,0.0,0.0,24000.0,0.0,43.0,2800.0,0.0,2000.0,0.0,0.0,0.0,0.0,0.0,0.0,3000000.0,622984.0,0.0,5920.0,,,4.2347,,,,,,Bangui
Chad,19093595.0,6873694.0,3856906.0,381872.0,33250.0,0.0,5000.0,40.0,0.0,7.0,7.0,8.0,2.0,0.0,16.0,3.0,90.0,3316.0,10.0,10.0,20.0,0.0,0.0,0.0,0.0,0.0,0.0,0.0,0.0,0.0,381350000.0,32446000000.0,2038000000.0,211591000.0,5806000.0,0.0,0.0,40000.0,0.0,42.0,12400.0,124000.0,15000.0,1500000000.0,0.0,0.0,0.0,0.0,0.0,0.0,1284000.0,0.0,6406.0,,,1.8712,,,,,,N'Djamena
Chile,18664652.0,8959033.0,7521855.0,298634.0,80000.0,40000.0,50000.0,277.0,45.0,0.0,32.0,92.0,21.0,5.0,87.0,0.0,386.0,8832.0,48.0,249.0,8.0,130.0,0.0,0.0,4.0,0.0,8.0,0.0,40.0,0.0,5032500000.0,579201000000.0,214500000000.0,46377000000.0,9848000.0,249.0,39.0,77801.0,7282.0,374.0,12290.0,11000.0,405000.0,150000000.0,1200000000.0,6916000000.0,97976000000.0,499000.0,8637000.0,1181000000.0,756102.0,6435.0,7801.0,,,,,,,,0.8361,Santiago de Chile
China,1415043270.0,764123366.0,626864169.0,19810606.0,2035000.0,510000.0,625000.0,3309.0,1212.0,371.0,289.0,402.0,112.0,10.0,913.0,281.0,6800.0,144017.0,3490.0,1000.0,2750.0,754.0,3.0,4.0,61.0,50.0,47.0,72.0,150.0,36.0,266850000000.0,31227000000000.0,1218458500000.0,3450000000000.0,779246000.0,8314.0,66.0,5200000.0,150000.0,531.0,27700.0,4984000.0,15148000.0,26023000000.0,225341000000.0,366160000000.0,6654000000000.0,4827000000.0,5313000000.0,143197000000.0,9596960.0,14500.0,22457.0,,,,0.0788,,,,,Peking
Colombia,49588357.0,24298295.0,19190694.0,843002.0,293200.0,35000.0,150000.0,436.0,16.0,24.0,86.0,72.0,23.0,1.0,257.0,0.0,0.0,3460.0,6.0,110.0,0.0,233.0,0.0,0.0,4.0,0.0,7.0,2.0,217.0,0.0,10541500000.0,978024000000.0,116779500000.0,59041000000.0,26003000.0,153.0,14.0,205379.0,2141.0,662.0,24725.0,800000.0,320000.0,2036000000.0,11290000000.0,11451000000.0,87782000000.0,58747000.0,7880000.0,4554000000.0,1138910.0,3208.0,6672.0,,,,,,,,0.8353,Bogota
Croatia,4150116.0,2033557.0,1564594.0,53952.0,14325.0,20100.0,2000.0,67.0,10.0,0.0,0.0,28.0,0.0,0.0,37.0,0.0,45.0,2848.0,25.0,42.0,42.0,30.0,0.0,0.0,0.0,0.0,0.0,0.0,10.0,1.0,1176000000.0,159305000000.0,55000000000.0,3176000000.0,1744000.0,384.0,16.0,26958.0,2617.0,40.0,4714.0,11000.0,70000.0,71000000.0,741456000.0,2502000000.0,24919000000.0,0.0,702000.0,0.0,56594.0,5835.0,2237.0,1.5074,1.5074,,,1.5074,,,,Zagreb
Cuba,10966038.0,5921661.0,4737328.0,142558.0,45500.0,40000.0,1145000.0,31.0,11.0,0.0,4.0,3.0,0.0,0.0,13.0,4.0,113.0,6864.0,60.0,130.0,15.0,19.0,0.0,0.0,0.0,0.0,1.0,1.0,6.0,4.0,4508784000.0,141400000000.0,33066000000.0,10442000000.0,5317000.0,65.0,34.0,60000.0,8367.0,123.0,240.0,34000.0,165000.0,124000000.0,659434000.0,659434000.0,70792000000.0,0.0,2000.0,0.0,110860.0,3735.0,29.0,,,,,,,,,La Habana
Czechia,10837890.0,5093808.0,4129236.0,97541.0,28000.0,4200.0,0.0,99.0,12.0,16.0,10.0,17.0,2.0,0.0,42.0,4.0,43.0,6340.0,50.0,0.0,16.0,0.0,0.0,0.0,0.0,0.0,0.0,0.0,0.0,0.0,6750000000.0,519007000000.0,211200000000.0,148379000000.0,5502000.0,0.0,0.0,55744.0,9548.0,243.0,664.0,4000.0,211000.0,15000000.0,224725000.0,7602000000.0,3964000000.0,37423000.0,40239000.0,3595000000.0,78867.0,0.0,2046.0,0.9994,0.9994,,,0.9994,,,,
Democratic Republic of the Congo,115403027.0,39237029.0,31389623.0,2538867.0,166580.0,31000.0,10000.0,46.0,1.0,6.0,6.0,1.0,0.0,0.0,32.0,8.0,105.0,916.0,8.0,60.0,25.0,16.0,0.0,0.0,0.0,0.0,0.0,0.0,16.0,0.0,796560000.0,154012000000.0,4994000000.0,3898125000.0,35983000.0,24.0,3.0,152373.0,4007.0,272.0,15000.0,19000.0,26000.0,180000000.0,380000.0,380000.0,991090000.0,0.0,23000.0,987999000.0,2344858.0,37.0,10481.0,,,1.3111,,,,,,
Denmark,5973136.0,2628180.0,2126436.0,77651.0,20000.0,12000.0,51000.0,117.0,31.0,4.0,4.0,41.0,3.0,0.0,34.0,0.0,44.0,3856.0,19.0,0.0,8.0,50.0,0.0,0.0,0.0,0.0,9.0,0.0,9.0,6.0,7225466250.0,428385000000.0,555500000000.0,109371000000.0,3180000.0,715.0,69.0,74558.0,2682.0,99.0,400.0,63000.0,152000.0,441000000.0,1879000000.0,2208000000.0,29534000000.0,0.0,1788000.0,0.0,43094.0,7314.0,140.0,0.8109,0.8109,,,0.8109,,,,Copenhagen
Dominican Republic,10815857.0,4975294.0,4034315.0,97343.0,50000.0,0.0,30000.0,79.0,0.0,8.0,11.0,17.0,1.0,0.0,50.0,0.0,5.0,540.0,0.0,11.0,0.0,34.0,0.0,0.0,0.0,0.0,0.0,0.0,14.0,0.0,810800000.0,261616000000.0,27500000000.0,15547000000.0,5302000.0,40.0,17.0,19705.0,496.0,32.0,0.0,0.0,134000.0,0.0,0.0,2440000000.0,0.0,0.0,2188000.0,0.0,48320.0,1288.0,376.0,,,,,,,,,Santo Domingo de Guzm
Ecuador,18309984.0,8422593.0,6738074.0,329580.0,41250.0,118000.0,1500.0,102.0,0.0,0.0,20.0,34.0,8.0,0.0,46.0,0.0,54.0,5204.0,5.0,106.0,24.0,30.0,0.0,0.0,2.0,0.0,2.0,6.0,5.0,0.0,2376000000.0,260213000000.0,44898000000.0,4442000000.0,8893000.0,154.0,6.0,43950.0,965.0,310.0,1500.0,480000.0,225000.0,8273000000.0,309778000.0,309778000.0,10902000000.0,0.0,21000.0,24000000.0,283560.0,2237.0,2237.0,,,,,,,,1.3021,Quito
Egypt,111247248.0,45611372.0,38269053.0,1668709.0,440000.0,480000.0,300000.0,1093.0,238.0,90.0,61.0,345.0,11.0,0.0,348.0,100.0,3620.0,41012.0,1056.0,962.0,528.0,150.0,0.0,2.0,8.0,0.0,13.0,7.0,62.0,17.0,5879500000.0,1912000000000.0,103750000000.0,33070000000.0,33431000.0,441.0,31.0,65050.0,5085.0,73.0,3500.0,667000.0,851000.0,3300000000.0,64817000000.0,60089000000.0,1784000000000.0,289000.0,3083000.0,182000000.0,1001450.0,2450.0,2612.0,,,0.3427,,,0.3427,,,Cairo
El Salvador,6628702.0,3181777.0,2512278.0,145831.0,25000.0,10000.0,15000.0,52.0,0.0,15.0,4.0,10.0,0.0,0.0,30.0,0.0,0.0,1844.0,0.0,76.0,0.0,14.0,0.0,0.0,0.0,0.0,0.0,0.0,10.0,0.0,334620000.0,71957000000.0,14258000000.0,3799434000.0,2870000.0,5.0,3.0,9012.0,13.0,27.0,422.0,3.0,58000.0,0.0,0.0,226472.0,0.0,0.0,500.0,0.0,21041.0,307.0,590.0,,,,,,,,,San Salvador
Eritrea,6343956.0,2220385.0,1598677.0,76127.0,120000.0,130000.0,0.0,20.0,1.0,0.0,5.0,1.0,0.0,0.0,13.0,6.0,65.0,860.0,23.0,75.0,22.0,23.0,0.0,0.0,0.0,0.0,0.0,0.0,18.0,0.0,198000000.0,9702000000.0,635504500.0,225014976.0,1800000.0,9.0,2.0,16000.0,306.0,10.0,0.0,0.0,4000.0,0.0,0.0,0.0,0.0,0.0,0.0,0.0,117600.0,2234.0,1840.0,,,2.6985,,,,,,Asmara
Estonia,1193791.0,584958.0,456028.0,13132.0,7700.0,78800.0,10000.0,5.0,0.0,0.0,2.0,3.0,0.0,0.0,3.0,0.0,0.0,1685.0,36.0,0.0,0.0,8.0,0.0,0.0,0.0,0.0,0.0,0.0,4.0,4.0,1463360000.0,57377000000.0,26400000000.0,2593000000.0,752000.0,72.0,20.0,58412.0,1441.0,26.0,335.0,24000.0,28000.0,0.0,0.0,354912000.0,0.0,0.0,3000.0,0.0,45228.0,3794.0,657.0,2.2917,2.2917,,,2.2917,,,,Tallinn
Ethiopia,118550298.0,56904143.0,35327989.0,2726657.0,162000.0,0.0,0.0,103.0,25.0,0.0,8.0,34.0,0.0,0.0,33.0,7.0,338.0,7256.0,35.0,309.0,40.0,0.0,0.0,0.0,0.0,0.0,0.0,0.0,0.0,0.0,2097575000.0,354604000000.0,25761000000.0,3131288000.0,61664000.0,12.0,0.0,120171.0,659.0,57.0,0.0,0.0,110000.0,428000.0,0.0,0.0,24919000000.0,8000.0,660000.0,0.0,1104300.0,0.0,5925.0,,,0.9305,,,,,,Addis Abeba
Finland,5626414.0,2306830.0,1912981.0,56264.0,24000.0,870000.0,53800.0,163.0,54.0,0.0,11.0,77.0,1.0,0.0,27.0,0.0,200.0,11704.0,107.0,667.0,76.0,264.0,0.0,0.0,0.0,0.0,0.0,0.0,8.0,18.0,6779661000.0,321126000000.0,660000000000.0,16929000000.0,2880000.0,282.0,37.0,454000.0,5918.0,98.0,8000.0,8000.0,175000.0,0.0,0.0,1157000000.0,0.0,808000.0,4141000.0,0.0,338145.0,1250.0,2563.0,0.8437,0.8437,,,0.8437,,,,Helsinki [Helsingfors]
France,68374591.0,30084820.0,23794358.0,752121.0,200000.0,26000.0,150000.0,976.0,226.0,0.0,119.0,141.0,44.0,16.0,448.0,68.0,215.0,110932.0,96.0,0.0,9.0,129.0,1.0,3.0,9.0,11.0,11.0,0.0,20.0,17.0,55000000000.0,3764000000000.0,6992104900000.0,240792000000.0,31825000.0,553.0,66.0,1053215.0,27860.0,689.0,8501.0,80000.0,1554000.0,61719000.0,20132000.0,37001000000.0,7787000000.0,2419000.0,12985000.0,160000000.0,643801.0,4853.0,4072.0,0.1878,0.1878,,,0.1878,,,,Paris
Gabon,2455105.0,932940.0,532758.0,46647.0,4800.0,0.0,2500.0,24.0,6.0,0.0,3.0,0.0,0.0,0.0,15.0,0.0,0.0,424.0,0.0,0.0,14.0,5.0,0.0,0.0,0.0,0.0,0.0,0.0,4.0,0.0,274820000.0,48201000000.0,6280000000.0,1568196000.0,763000.0,87.0,9.0,14300.0,649.0,40.0,1600.0,204000.0,16000.0,2000000000.0,463000000.0,463000000.0,25995000000.0,0.0,0.0,0.0,267667.0,885.0,3261.0,,,3.1805,,,,,,Libreville
Georgia,4900961.0,2744538.0,2225036.0,93118.0,55000.0,152500.0,0.0,61.0,0.0,5.0,2.0,10.0,0.0,0.0,44.0,11.0,123.0,3392.0,67.0,121.0,42.0,19.0,0.0,0.0,0.0,0.0,0.0,0.0,31.0,4.0,495629055.0,83656000000.0,13488000000.0,5002000000.0,1853000.0,26.0,3.0,20295.0,1363.0,19.0,0.0,300.0,32000.0,35000000.0,8760000.0,2796000000.0,8495000000.0,256000.0,516000.0,900999000.0,69700.0,310.0,1814.0,,,,2.0695,,,,,Tbilisi
Germany,84119100.0,38694786.0,30955829.0,841191.0,181600.0,34000.0,0.0,584.0,129.0,63.0,50.0,35.0,26.0,3.0,309.0,54.0,296.0,83260.0,134.0,0.0,33.0,61.0,0.0,0.0,6.0,0.0,11.0,5.0,0.0,12.0,50000000000.0,5230000000000.0,6238609300000.0,322700000000.0,44784000.0,595.0,35.0,830000.0,39379.0,838.0,7300.0,131000.0,2052000.0,115200000.0,4824000000.0,77516000000.0,23390000000.0,138981000.0,186725000.0,35900000000.0,357022.0,2389.0,3694.0,0.2601,0.2601,,,0.2601,,,,Berlin
Ghana,34589092.0,14873310.0,9961658.0,622604.0,15500.0,0.0,0.0,19.0,0.0,0.0,2.0,5.0,2.0,0.0,10.0,0.0,0.0,1824.0,0.0,6.0,6.0,28.0,0.0,0.0,0.0,0.0,0.0,0.0,27.0,0.0,308500000.0,229639000000.0,22550000000.0,3624000000.0,14887000.0,52.0,4.0,65725.0,947.0,11.0,1293.0,174000.0,110000.0,660000000.0,3192000000.0,3912000000.0,22653000000.0,0.0,85000.0,0.0,238533.0,539.0,2420.0,,,2.3775,,,,,,Accra
Greece,10461091.0,4916713.0,3985676.0,104611.0,142700.0,221350.0,55000.0,558.0,178.0,0.0,15.0,81.0,8.0,0.0,293.0,29.0,1344.0,61888.0,589.0,698.0,152.0,192.0,0.0,0.0,10.0,0.0,13.0,0.0,39.0,7.0,6500000000.0,375780000000.0,550000000000.0,13608000000.0,4645000.0,1215.0,57.0,117000.0,2345.0,81.0,6.0,5000.0,303000.0,10000000.0,3284000.0,5173000000.0,991090000.0,13703000.0,13988000.0,2876000000.0,131957.0,13676.0,1110.0,0.5337,0.5337,,,0.5337,,,,Athenai
Guatemala,18255216.0,7484639.0,6279794.0,182552.0,106114.0,90000.0,35000.0,36.0,0.0,4.0,10.0,0.0,0.0,0.0,21.0,0.0,5.0,688.0,0.0,50.0,0.0,25.0,0.0,0.0,0.0,0.0,0.0,0.0,20.0,0.0,408635000.0,223183000000.0,27500000000.0,21311000000.0,7258000.0,9.0,3.0,17440.0,800.0,58.0,990.0,6000.0,115000.0,86110000.0,3276000.0,2986000.0,0.0,0.0,1296000.0,0.0,108889.0,400.0,1667.0,,,,,,,,,Ciudad de Guatemala
Honduras,9529188.0,4192843.0,3144632.0,95292.0,52225.0,60000.0,23000.0,40.0,4.0,7.0,10.0,10.0,1.0,0.0,8.0,0.0,11.0,614.0,0.0,32.0,0.0,98.0,0.0,0.0,0.0,0.0,0.0,0.0,93.0,0.0,413635000.0,68854000000.0,8805500000.0,7543000000.0,4676000.0,489.0,8.0,14742.0,699.0,129.0,465.0,20.0,67000.0,0.0,0.0,0.0,0.0,0.0,190000.0,0.0,112090.0,832.0,1575.0,,,,,,,,,Tegucigalpa
Hungary,9855745.0,4632200.0,3794462.0,118269.0,41600.0,20000.0,15000.0,69.0,12.0,0.0,3.0,12.0,0.0,0.0,44.0,8.0,209.0,7797.0,24.0,295.0,0.0,0.0,0.0,0.0,0.0,0.0,0.0,0.0,0.0,0.0,4576000000.0,388906000000.0,137500000000.0,45719000000.0,5006000.0,1.0,0.0,203601.0,7687.0,109.0,1622.0,36000.0,175000.0,12100000.0,1523000000.0,9485000000.0,3738000000.0,5450000.0,6180000.0,2909000000.0,103000.0,0.0,2106.0,1.0259,1.0259,,,1.0259,,,,Budapest
Iceland,364036.0,83728.0,50237.0,1820.0,0.0,0.0,0.0,0.0,0.0,0.0,0.0,0.0,0.0,0.0,0.0,0.0,0.0,150.0,0.0,0.0,0.0,0.0,0.0,0.0,0.0,0.0,0.0,0.0,0.0,0.0,312400000.0,26155000000.0,22000000000.0,5809000000.0,239000.0,39.0,43.0,12898.0,0.0,83.0,0.0,0.0,18000.0,0.0,0.0,0.0,0.0,0.0,188000.0,0.0,100250.0,4970.0,0.0,3.5181,,,,3.5181,,,,Reykjavík
India,1409128296.0,662290299.0,522786598.0,23955181.0,1455550.0,1155000.0,2527000.0,2229.0,513.0,130.0,270.0,351.0,74.0,6.0,899.0,80.0,4201.0,148594.0,100.0,3975.0,264.0,293.0,2.0,0.0,18.0,13.0,14.0,18.0,135.0,0.0,75000000000.0,13104000000000.0,371020500000.0,627793000000.0,593729000.0,1859.0,56.0,6371847.0,65554.0,311.0,14500.0,795000.0,5049000.0,4605000000.0,33170000000.0,58867000000.0,1381000000000.0,985671000.0,1200000000.0,111052000000.0,3287263.0,7000.0,13888.0,,,,0.1184,,,,,New Delhi
Indonesia,281562465.0,137965608.0,114595923.0,4786562.0,400000.0,400000.0,250000.0,459.0,41.0,34.0,70.0,112.0,17.0,1.0,214.0,15.0,331.0,20440.0,153.0,396.0,63.0,331.0,0.0,0.0,4.0,0.0,7.0,25.0,211.0,12.0,10600000000.0,3906000000000.0,440000000000.0,146359000000.0,140931000.0,11422.0,123.0,496607.0,8159.0,513.0,21579.0,865000.0,1728000.0,2480000000.0,57410000000.0,36061000000.0,1408000000000.0,659357000.0,202283000.0,34869000000.0,1904569.0,54716.0,2958.0,,,,0.2557,,,,,Jakarta
Iran,88386937.0,49496685.0,41541860.0,1414191.0,610000.0,350000.0,220000.0,551.0,188.0,21.0,87.0,103.0,10.0,6.0,128.0,13.0,1713.0,65825.0,392.0,2070.0,1517.0,107.0,0.0,0.0,25.0,0.0,7.0,3.0,21.0,1.0,15450000000.0,1440000000000.0,4134926000.0,120600000000.0,29159000.0,965.0,18.0,223485.0,8484.0,173.0,850.0,3985000.0,2136000.0,208600000000.0,263280000000.0,244890000000.0,33987000000000.0,2791000.0,3531000.0,1203000000.0,1648195.0,2440.0,5894.0,,,,0.3048,,0.3048,,,Tehran
Iraq,42083436.0,17675043.0,14308368.0,715418.0,193000.0,0.0,100000.0,391.0,26.0,36.0,15.0,139.0,17.0,0.0,197.0,39.0,1025.0,37288.0,434.0,610.0,572.0,68.0,0.0,0.0,0.0,0.0,0.0,2.0,26.0,0.0,7923000000.0,572939000000.0,45032500000.0,112233000000.0,11812000.0,74.0,6.0,59623.0,2272.0,71.0,5279.0,4437000.0,918000.0,145019000000.0,9860000000.0,19298000000.0,3729000000000.0,0.0,0.0,0.0,438317.0,58.0,3809.0,,,,0.7738,,0.7738,,,Baghdad
Ireland,5233461.0,2407392.0,1999182.0,57568.0,7765.0,1700.0,0.0,22.0,0.0,0.0,4.0,8.0,2.0,0.0,8.0,0.0,0.0,1712.0,0.0,0.0,0.0,8.0,0.0,0.0,0.0,0.0,0.0,0.0,8.0,0.0,1500000000.0,608463000000.0,3300000000000.0,12905000000.0,2766000.0,94.0,21.0,99830.0,1688.0,100.0,956.0,600.0,156000.0,0.0,1447000000.0,5280000000.0,9911000000.0,0.0,1322000.0,40000000.0,70273.0,1448.0,443.0,,2.1103,,,2.1103,,,,Dublin
Israel,9402617.0,3949099.0,3281513.0,131637.0,170000.0,465000.0,35000.0,611.0,240.0,38.0,13.0,159.0,19.0,14.0,147.0,48.0,1300.0,35985.0,352.0,171.0,183.0,62.0,0.0,0.0,5.0,0.0,0.0,7.0,46.0,0.0,30500000000.0,471030000000.0,148500000000.0,204661000000.0,4554000.0,41.0,5.0,20391.0,1497.0,37.0,0.0,15000.0,230000.0,12730000.0,22886000000.0,11510000000.0,176018000000.0,0.0,6476000.0,0.0,21937.0,273.0,1068.0,,,,0.2661,,0.2661,,,Jerusalem
Italy,60964931.0,27434219.0,22191235.0,548684.0,165500.0,18500.0,105000.0,729.0,89.0,67.0,30.0,162.0,23.0,8.0,392.0,37.0,200.0,73480.0,64.0,108.0,21.0,196.0,2.0,0.0,8.0,3.0,10.0,0.0,19.0,10.0,30890000000.0,3097000000000.0,2750000000000.0,247396000000.0,25669000.0,1276.0,123.0,487700.0,18475.0,636.0,2400.0,116000.0,1246000.0,497934000.0,3117000000.0,68735000000.0,45750000000.0,1618000.0,13127000.0,609999000.0,301340.0,7600.0,1836.0,0.2164,0.2164,,,0.2164,,,,Roma
Ivory Coast,29981758.0,12292521.0,7855221.0,569653.0,22000.0,0.0,5500.0,19.0,0.0,0.0,4.0,2.0,3.0,0.0,10.0,3.0,5.0,656.0,0.0,2.0,3.0,3.0,0.0,0.0,0.0,0.0,0.0,0.0,3.0,0.0,669600935.0,202758000000.0,19311500000.0,7583484000.0,10954000.0,25.0,5.0,81996.0,660.0,29.0,980.0,29000.0,60000.0,100000000.0,2635000000.0,2635000000.0,28317000000.0,0.0,0.0,0.0,322463.0,515.0,3458.0,,,2.1796,,,,,,Yamoussoukro
Japan,123201945.0,52976836.0,42874277.0,1108818.0,247150.0,56000.0,25000.0,1443.0,217.0,38.0,55.0,401.0,141.0,10.0,596.0,119.0,521.0,31964.0,149.0,480.0,54.0,159.0,0.0,4.0,24.0,42.0,6.0,0.0,6.0,22.0,57000000000.0,5761000000000.0,4679698100000.0,1295000000000.0,69349000.0,5229.0,163.0,1218772.0,27311.0,279.0,1770.0,8000.0,3289000.0,44115000.0,2220000000.0,92843000000.0,20898000000.0,29141000.0,216332000.0,350000000.0,377915.0,29751.0,0.0,,,,0.1839,,,,,Tokyo
Jordan,11174024.0,3463947.0,2983464.0,145262.0,100500.0,65000.0,35000.0,274.0,44.0,6.0,13.0,66.0,13.0,0.0,155.0,44.0,1458.0,16624.0,358.0,80.0,56.0,27.0,0.0,0.0,0.0,0.0,0.0,0.0,27.0,0.0,2500000000.0,106806000000.0,25646500000.0,15715600000.0,3063000.0,34.0,1.0,7203.0,509.0,17.0,0.0,20.0,97000.0,1000000.0,187262000.0,4382000000.0,6031000000.0,0.0,479000.0,0.0,89342.0,26.0,1744.0,,,,1.6139,,1.6139,,,Amman
Kazakhstan,20260006.0,9117003.0,6928922.0,283640.0,110000.0,135000.0,55000.0,198.0,63.0,25.0,19.0,26.0,0.0,0.0,65.0,12.0,350.0,7736.0,126.0,194.0,287.0,26.0,0.0,0.0,0.0,0.0,0.0,0.0,23.0,2.0,2048700000.0,705520000000.0,91321500000.0,35965000000.0,9587000.0,122.0,0.0,96167.0,16636.0,132.0,43983.0,1955000.0,288000.0,30000000000.0,27011000000.0,22623000000.0,2407000000000.0,118195000.0,84852000.0,25605000000.0,2724900.0,26.0,13364.0,,,,1.1016,,,,,Astana
Kenya,58246378.0,21551160.0,14037377.0,931942.0,50000.0,0.0,25000.0,156.0,17.0,0.0,21.0,31.0,2.0,0.0,85.0,2.0,188.0,4128.0,18.0,53.0,0.0,23.0,0.0,0.0,0.0,0.0,0.0,0.0,7.0,0.0,1307383850.0,314063000000.0,30514500000.0,7342000000.0,25502000.0,26.0,4.0,161452.0,3819.0,370.0,0.0,0.0,119000.0,0.0,0.0,0.0,0.0,0.0,1168000.0,0.0,580367.0,536.0,3457.0,,,1.8135,,,,,,Nairobi
Kosovo,1977093.0,917371.0,743387.0,17794.0,10000.0,5000.0,500.0,0.0,0.0,0.0,0.0,0.0,0.0,0.0,0.0,0.0,0.0,737.0,0.0,0.0,0.0,0.0,0.0,0.0,0.0,0.0,0.0,0.0,0.0,0.0,260715150.0,23794000000.0,2750000000.0,1245000000.0,500300.0,0.0,0.0,2012.0,437.0,4.0,0.0,0.0,15000.0,0.0,0.0,0.0,0.0,9074000.0,8927000.0,1564000000.0,10887.0,0.0,714.0,,,,,4.9141,,,,
Kuwait,3138355.0,1726095.0,1449920.0,37660.0,72000.0,24000.0,7500.0,128.0,43.0,0.0,2.0,13.0,0.0,3.0,67.0,16.0,367.0,5636.0,74.0,0.0,27.0,123.0,0.0,0.0,0.0,0.0,0.0,0.0,106.0,0.0,6950000000.0,219060000000.0,55000000000.0,52619000000.0,2463000.0,176.0,6.0,5749.0,0.0,6.0,0.0,2910000.0,372000.0,101500000000.0,19285000000.0,26083000000.0,1784000000000.0,0.0,145000.0,0.0,17818.0,499.0,475.0,,,,1.6982,,1.6982,,,Kuwait
Kyrgyzstan,6172101.0,3147772.0,2487357.0,117270.0,23000.0,300000.0,55000.0,7.0,0.0,0.0,0.0,0.0,0.0,0.0,7.0,2.0,215.0,2686.0,30.0,169.0,21.0,0.0,0.0,0.0,0.0,0.0,0.0,0.0,0.0,0.0,221800000.0,45461000000.0,6728500000.0,3237000000.0,3069000.0,0.0,0.0,34000.0,424.0,28.0,576.0,6000.0,31000.0,40000000.0,31026000.0,438000000.0,5663000000.0,3637000.0,3352000.0,28499000000.0,199951.0,0.0,4573.0,,,,2.2543,,,,,Bishkek
Laos,7953556.0,3499565.0,2521277.0,159071.0,100000.0,30000.0,120000.0,33.0,0.0,0.0,2.0,8.0,0.0,0.0,23.0,0.0,160.0,4380.0,40.0,87.0,64.0,36.0,0.0,0.0,0.0,0.0,0.0,0.0,36.0,0.0,135000000.0,64173000000.0,16500000000.0,1770000000.0,3174000.0,1.0,0.0,39568.0,422.0,18.0,4600.0,0.0,24000.0,0.0,0.0,0.0,0.0,14845000.0,13691000.0,62000000.0,236800.0,0.0,5274.0,,,,2.2663,,,,,Vientiane
Latvia,1801246.0,810561.0,648449.0,16211.0,17250.0,36000.0,12500.0,7.0,0.0,0.0,0.0,0.0,0.0,0.0,7.0,0.0,0.0,1848.0,47.0,0.0,0.0,18.0,0.0,0.0,0.0,0.0,0.0,0.0,11.0,6.0,1138000000.0,71154000000.0,44180400000.0,4957000000.0,978000.0,83.0,5.0,70244.0,2216.0,56.0,300.0,2000.0,35000.0,0.0,0.0,828214000.0,0.0,0.0,20000.0,0.0,64589.0,498.0,1370.0,2.1246,2.1246,,,2.1246,,,,Riga
Lebanon,5364482.0,2092148.0,1775644.0,69738.0,60000.0,35000.0,65000.0,80.0,0.0,9.0,0.0,9.0,0.0,0.0,68.0,0.0,116.0,4538.0,12.0,353.0,11.0,64.0,0.0,0.0,0.0,0.0,0.0,0.0,61.0,0.0,768250325.0,65818000000.0,36928000000.0,26498095000.0,1771000.0,51.0,5.0,21705.0,401.0,8.0,0.0,0.0,174000.0,0.0,0.0,0.0,0.0,0.0,207000.0,0.0,10400.0,225.0,484.0,,,,2.5981,,2.5981,,,Beirut
Liberia,5437249.0,2392390.0,1913912.0,65247.0,1500.0,0.0,5500.0,0.0,0.0,0.0,0.0,0.0,0.0,0.0,0.0,0.0,0.0,300.0,0.0,0.0,0.0,4.0,0.0,0.0,0.0,0.0,0.0,0.0,4.0,0.0,364800000.0,8884000000.0,830923000.0,599660000.0,2499000.0,4821.0,4.0,10600.0,429.0,99.0,0.0,0.0,4000.0,0.0,0.0,0.0,0.0,0.0,0.0,0.0,111369.0,579.0,1667.0,,,3.7781,,,,,,Monrovia
Libya,7361263.0,3827857.0,3290485.0,125141.0,32000.0,0.0,100000.0,143.0,10.0,1.0,6.0,38.0,0.0,0.0,16.0,4.0,43.0,1816.0,15.0,28.0,25.0,5.0,0.0,0.0,0.0,0.0,0.0,1.0,1.0,1.0,3060000000.0,121951000000.0,3322000000.0,92427000000.0,2398000.0,96.0,14.0,37000.0,2000.0,66.0,0.0,1245000.0,230000.0,48363000000.0,11832000000.0,9212000000.0,1505000000000.0,0.0,0.0,0.0,1759540.0,1770.0,4339.0,,,1.4449,,,,,,Tripoli
Lithuania,2628186.0,1708321.0,1332490.0,36795.0,23000.0,104000.0,14150.0,9.0,0.0,0.0,5.0,0.0,0.0,0.0,4.0,0.0,0.0,1263.0,21.0,54.0,0.0,14.0,0.0,0.0,0.0,0.0,0.0,0.0,7.0,4.0,2388900000.0,132712000000.0,44000000000.0,6168000000.0,1510000.0,59.0,2.0,84166.0,1911.0,65.0,441.0,4000.0,68000.0,12000000.0,0.0,1601000000.0,0.0,0.0,263000.0,0.0,65300.0,90.0,1545.0,1.9075,1.9075,,,1.9075,,,,Vilnius
Luxembourg,671254.0,154388.0,92633.0,3356.0,1000.0,0.0,0.0,1.0,0.0,0.0,1.0,0.0,0.0,0.0,0.0,0.0,0.0,182.0,0.0,0.0,0.0,0.0,0.0,0.0,0.0,0.0,0.0,0.0,0.0,0.0,726092925.0,88533000000.0,4730000000000.0,2977000000.0,352000.0,147.0,0.0,2875.0,271.0,3.0,37.0,0.0,51000.0,0.0,0.0,594240000.0,0.0,0.0,62000.0,0.0,2586.0,0.0,327.0,2.6415,2.6415,,,2.6415,,,,Luxembourg [Luxemburg/L
Madagascar,29452714.0,11192031.0,7952233.0,559602.0,13500.0,0.0,8100.0,5.0,0.0,0.0,0.0,0.0,0.0,0.0,5.0,0.0,6.0,158.0,0.0,9.0,0.0,6.0,0.0,0.0,0.0,0.0,0.0,0.0,4.0,0.0,112210000.0,51255000000.0,3028500000.0,2632000000.0,15830000.0,29.0,13.0,31640.0,836.0,91.0,600.0,0.0,19000.0,0.0,0.0,0.0,0.0,0.0,511000.0,150000000.0,587040.0,4828.0,0.0,,,3.0609,,,,,,Antananarivo
Malaysia,34564810.0,16245461.0,13480276.0,553037.0,113000.0,51600.0,100000.0,135.0,26.0,12.0,16.0,31.0,6.0,4.0,45.0,0.0,48.0,13506.0,0.0,196.0,36.0,100.0,0.0,0.0,2.0,0.0,2.0,6.0,71.0,4.0,4800000000.0,1152000000000.0,247500000000.0,113438000000.0,17308000.0,1750.0,35.0,144403.0,1851.0,102.0,7200.0,582000.0,717000.0,3600000000.0,75456000000.0,42499000000.0,1189000000000.0,3731000.0,35050000.0,226000000.0,329847.0,4675.0,2742.0,,,,0.7429,,,,,Kuala Lumpur
Mali,21990607.0,6817088.0,4288168.0,351850.0,40000.0,0.0,4800.0,43.0,9.0,12.0,7.0,4.0,1.0,0.0,10.0,8.0,10.0,570.0,0.0,10.0,20.0,0.0,0.0,0.0,0.0,0.0,0.0,0.0,0.0,0.0,650386000.0,57235000000.0,4057500000.0,647800000.0,8277000.0,0.0,0.0,139107.0,593.0,30.0,1800.0,0.0,46000.0,0.0,0.0,0.0,0.0,0.0,0.0,0.0,1240192.0,0.0,7908.0,,,2.2379,,,,,,Bamako
Mauritania,4328040.0,1687936.0,1181555.0,82233.0,31540.0,66000.0,5000.0,24.0,0.0,4.0,7.0,7.0,2.0,0.0,4.0,0.0,25.0,628.0,0.0,75.0,0.0,6.0,0.0,0.0,0.0,0.0,0.0,0.0,6.0,0.0,261250000.0,30395000000.0,3661000000.0,2629290500.0,1179000.0,11.0,2.0,12253.0,728.0,25.0,1086.0,0.0,29000.0,20000000.0,0.0,0.0,28317000000.0,0.0,0.0,0.0,1030700.0,754.0,5002.0,,,2.7977,,,,,,Nouakchott
Mexico,130739927.0,61447766.0,49811912.0,2222579.0,412000.0,98655.0,120000.0,433.0,3.0,33.0,41.0,176.0,25.0,0.0,178.0,0.0,0.0,19658.0,20.0,70.0,0.0,167.0,0.0,0.0,0.0,5.0,1.0,3.0,140.0,0.0,7600000000.0,2873000000000.0,371359000000.0,214317000000.0,60042000.0,674.0,35.0,704884.0,23389.0,1485.0,2900.0,2101000.0,1737000.0,5786000000.0,31422000000.0,90566000000.0,180322000000.0,7453000.0,18423000.0,1211000000.0,1964375.0,9330.0,4389.0,,,,,,,0.5965,,Ciudad de M
Moldova,3599528.0,2159717.0,1792565.0,71991.0,8500.0,67000.0,2000.0,3.0,0.0,0.0,1.0,0.0,0.0,0.0,2.0,0.0,0.0,500.0,9.0,67.0,11.0,0.0,0.0,0.0,0.0,0.0,0.0,0.0,0.0,0.0,1710000000.0,38969000000.0,4565500000.0,5453000000.0,1464000.0,75.0,0.0,9352.0,1171.0,11.0,558.0,0.0,22000.0,0.0,10000.0,2344000000.0,0.0,0.0,120000.0,0.0,33851.0,0.0,1885.0,,,,,3.2555,,,,Chisinau
Mongolia,3281676.0,1870555.0,1552233.0,62352.0,35000.0,135000.0,50000.0,7.0,0.0,0.0,3.0,2.0,0.0,0.0,2.0,0.0,420.0,2560.0,0.0,500.0,130.0,0.0,0.0,0.0,0.0,0.0,0.0,0.0,0.0,0.0,165110000.0,56264000000.0,19542500000.0,4782000000.0,1403000.0,318.0,0.0,113200.0,1815.0,35.0,580.0,15000.0,36000.0,0.0,0.0,0.0,0.0,28276000.0,6393000.0,2520000000.0,1564116.0,0.0,8082.0,,,,2.1135,,,,,Ulan Bator
Montenegro,599849.0,143964.0,85179.0,3599.0,2350.0,0.0,5500.0,11.0,0.0,0.0,0.0,0.0,0.0,0.0,11.0,0.0,0.0,471.0,0.0,12.0,12.0,14.0,0.0,0.0,0.0,0.0,0.0,0.0,2.0,0.0,148100000.0,17115000000.0,2958500000.0,1574000000.0,286000.0,18.0,4.0,7762.0,250.0,5.0,0.0,0.0,8000.0,0.0,0.0,0.0,0.0,1734000.0,1517000.0,337000000.0,13812.0,294.0,680.0,2.9216,,,,2.9216,,,,Podgorica
Morocco,37387585.0,17946041.0,15254135.0,635589.0,195800.0,150000.0,50000.0,260.0,83.0,0.0,31.0,75.0,4.0,2.0,78.0,0.0,903.0,7877.0,396.0,153.0,129.0,111.0,0.0,0.0,0.0,0.0,6.0,1.0,105.0,0.0,13400000000.0,337480000000.0,45645000000.0,36328000000.0,12284000.0,94.0,12.0,57300.0,2067.0,49.0,0.0,25.0,318000.0,684000.0,82595000.0,243201000.0,1444000000.0,0.0,11940000.0,96000000.0,715550.0,1835.0,2363.0,,,1.1273,,,,,,Rabat
Mozambique,33350954.0,14674420.0,7770772.0,533615.0,11200.0,0.0,3000.0,22.0,8.0,0.0,4.0,1.0,1.0,0.0,8.0,2.0,30.0,872.0,0.0,52.0,6.0,33.0,0.0,0.0,0.0,0.0,0.0,0.0,33.0,0.0,412400000.0,50631000000.0,12100000000.0,3515000000.0,15191000.0,36.0,11.0,31083.0,4787.0,92.0,460.0,0.0,40000.0,0.0,5388000000.0,1347000000.0,2832000000000.0,9015000.0,11000.0,1792000000.0,799380.0,2470.0,4783.0,,,1.9265,,,,,,Maputo
Myanmar,57527139.0,30489384.0,21975367.0,1035489.0,150000.0,20000.0,55000.0,317.0,58.0,26.0,30.0,119.0,5.0,0.0,83.0,9.0,445.0,5980.0,95.0,210.0,180.0,232.0,0.0,0.0,3.0,0.0,6.0,3.0,146.0,2.0,2948000000.0,290507000000.0,7253400000.0,8590400000.0,22884000.0,101.0,7.0,157000.0,5031.0,73.0,12800.0,7000.0,148000.0,139000000.0,16780000000.0,3788000000.0,637129000000.0,1268000.0,1453000.0,252000000.0,676578.0,1930.0,6522.0,,,,0.6735,,,,,Rangoon (Yangon)
Namibia,2803660.0,616805.0,400923.0,30840.0,13000.0,0.0,5000.0,34.0,11.0,0.0,3.0,14.0,0.0,0.0,7.0,2.0,4.0,2094.0,0.0,25.0,25.0,15.0,0.0,0.0,0.0,0.0,0.0,2.0,12.0,0.0,370500000.0,29944000000.0,8800000000.0,2956000000.0,989000.0,15.0,2.0,48875.0,2628.0,255.0,0.0,0.0,25000.0,0.0,0.0,0.0,62297000000.0,0.0,32000.0,350000000.0,824292.0,1572.0,4220.0,,,2.6384,,,,,,Windhoek
Nepal,31122387.0,15249970.0,11733140.0,778060.0,95000.0,0.0,15000.0,15.0,0.0,0.0,5.0,0.0,0.0,0.0,10.0,0.0,0.0,1108.0,0.0,14.0,0.0,0.0,0.0,0.0,0.0,0.0,0.0,0.0,0.0,0.0,409100000.0,144310000000.0,5838500000.0,12456000000.0,8937000.0,0.0,0.0,27990.0,59.0,51.0,0.0,0.0,62000.0,0.0,0.0,0.0,0.0,15000.0,1095000.0,8000000.0,147181.0,0.0,3159.0,,,,2.8915,,,,,Kathmandu
Netherlands,17772378.0,7997570.0,6486918.0,195496.0,41380.0,6765.0,5000.0,120.0,32.0,0.0,4.0,21.0,0.0,0.0,63.0,12.0,18.0,2755.0,46.0,0.0,2.0,64.0,0.0,0.0,3.0,0.0,6.0,0.0,4.0,4.0,27000000000.0,1240000000000.0,4779954300000.0,69830000000.0,9999000.0,1187.0,18.0,139124.0,3055.0,45.0,6237.0,70000.0,872000.0,137747000.0,17774000000.0,33243000000.0,132608000000.0,1825000.0,10610000.0,3247000000.0,41543.0,451.0,1053.0,0.6412,0.6412,,,0.6412,,,,Amsterdam
New Zealand,5161211.0,2219321.0,1775457.0,61935.0,8670.0,3250.0,300.0,48.0,0.0,0.0,8.0,13.0,6.0,0.0,21.0,0.0,0.0,2114.0,0.0,31.0,0.0,8.0,0.0,0.0,0.0,0.0,2.0,0.0,4.0,0.0,3030000000.0,254770000000.0,209683100000.0,15487000000.0,3068000.0,117.0,22.0,94000.0,4128.0,202.0,0.0,12000.0,154000.0,40993000.0,3770000000.0,3819000000.0,31149000000.0,3036000.0,2441000.0,7575000000.0,268838.0,15134.0,0.0,,,,,,,,,Wellington
Nicaragua,6676948.0,3271705.0,2777610.0,146893.0,45000.0,0.0,5500.0,17.0,0.0,0.0,5.0,1.0,0.0,0.0,11.0,0.0,89.0,1869.0,0.0,0.0,0.0,23.0,0.0,0.0,0.0,0.0,0.0,0.0,23.0,0.0,92000000.0,51088000000.0,9053000000.0,5447000000.0,3264000.0,5.0,5.0,23897.0,0.0,39.0,2220.0,200.0,36000.0,0.0,0.0,0.0,0.0,0.0,0.0,0.0,130370.0,910.0,1253.0,,,,,,,,,Managua
Niger,26342784.0,7902835.0,5294900.0,447827.0,25000.0,0.0,5000.0,26.0,0.0,2.0,7.0,0.0,2.0,0.0,13.0,1.0,0.0,456.0,0.0,0.0,0.0,0.0,0.0,0.0,0.0,0.0,0.0,0.0,0.0,0.0,336400000.0,44561000000.0,3844000000.0,1442772000.0,10237000.0,0.0,0.0,18949.0,0.0,26.0,300.0,6000.0,13000.0,150000000.0,29509000.0,29858000.0,0.0,457000.0,457000.0,90000000.0,1267000.0,0.0,5834.0,,,2.6689,,,,,,Niamey
Nigeria,236747130.0,125475979.0,90437404.0,4261448.0,230000.0,0.0,50000.0,163.0,14.0,24.0,23.0,28.0,11.0,0.0,66.0,15.0,330.0,8962.0,40.0,339.0,37.0,133.0,0.0,0.0,0.0,0.0,1.0,0.0,109.0,2.0,3160000000.0,1275000000000.0,32455500000.0,41349000000.0,75721000.0,928.0,28.0,195000.0,3798.0,47.0,8600.0,1541000.0,515000.0,36890000000.0,39951000000.0,20719000000.0,5761000000000.0,3043000.0,3044000.0,2144000000.0,923768.0,853.0,4477.0,,,0.5771,,,,,,Abuja
North Korea,26298666.0,9467520.0,5312331.0,420779.0,1320000.0,560000.0,100000.0,861.0,368.0,114.0,1.0,173.0,0.0,0.0,205.0,20.0,4344.0,18288.0,1300.0,700.0,1500.0,207.0,0.0,0.0,13.0,0.0,2.0,4.0,155.0,1.0,4736000000.0,72000000000.0,5500000000.0,5500000000.0,15837000.0,264.0,10.0,25554.0,7435.0,83.0,2250.0,0.0,17000.0,0.0,0.0,0.0,0.0,21747000.0,21747000.0,10600000000.0,120538.0,2495.0,1607.0,,,,0.6016,,,,,Pyongyang
North Macedonia,2135622.0,948216.0,783773.0,27763.0,9000.0,60000.0,3500.0,20.0,0.0,0.0,0.0,10.0,0.0,0.0,10.0,4.0,20.0,1108.0,0.0,150.0,17.0,0.0,0.0,0.0,0.0,0.0,0.0,0.0,0.0,0.0,388421700.0,42444000000.0,11000000000.0,5015000000.0,801000.0,0.0,0.0,14182.0,699.0,13.0,0.0,0.0,22000.0,0.0,0.0,274928000.0,0.0,5075000.0,5776000.0,332000000.0,25713.0,0.0,838.0,2.4042,,,,2.4042,,,,Skopje
Norway,5509733.0,2203893.0,1807192.0,71627.0,23250.0,0.0,40000.0,97.0,0.0,32.0,4.0,23.0,5.0,0.0,33.0,0.0,44.0,6552.0,42.0,0.0,0.0,43.0,0.0,0.0,6.0,0.0,4.0,6.0,18.0,5.0,9710000000.0,499528000000.0,716144000000.0,80459000000.0,3009000.0,1720.0,141.0,94902.0,3848.0,145.0,1577.0,2020000.0,229000.0,8122200000.0,123727000000.0,4548000000.0,1544455000000.0,117000.0,1201000.0,2000000.0,323802.0,25148.0,2566.0,0.6811,,,,,,,,Oslo
Oman,3901992.0,1482757.0,1291559.0,50726.0,42600.0,100000.0,10000.0,128.0,29.0,10.0,9.0,45.0,4.0,0.0,31.0,0.0,150.0,4084.0,24.0,140.0,0.0,22.0,0.0,0.0,0.0,0.0,0.0,5.0,12.0,0.0,8200000000.0,185960000000.0,50897000000.0,17455000000.0,2316000.0,57.0,7.0,60230.0,0.0,36.0,0.0,1056000.0,211000.0,5375000000.0,40754000000.0,27364000000.0,651287000000.0,0.0,31000.0,0.0,309500.0,2092.0,1561.0,,,,1.8047,,1.8047,,,Masqat
Pakistan,252363571.0,108516336.0,85803614.0,4794908.0,654000.0,550000.0,500000.0,1399.0,328.0,90.0,64.0,565.0,27.0,4.0,373.0,57.0,2627.0,17516.0,662.0,2629.0,600.0,121.0,0.0,0.0,8.0,0.0,9.0,9.0,69.0,3.0,7640000000.0,1347000000000.0,92426000000.0,13730000000.0,80990000.0,60.0,3.0,264175.0,11881.0,116.0,0.0,101000.0,473000.0,540000000.0,36937000000.0,46448000000.0,592219000000.0,12712000.0,34027000.0,3064000000.0,796095.0,1046.0,7257.0,,,,0.2513,,,,,Islamabad
Panama,4470241.0,2011608.0,1206965.0,53643.0,0.0,0.0,80000.0,38.0,0.0,0.0,13.0,0.0,2.0,0.0,23.0,0.0,0.0,262.0,0.0,0.0,0.0,30.0,0.0,0.0,0.0,0.0,0.0,0.0,27.0,0.0,917202000.0,159867000000.0,1115532300000.0,6757000000.0,2096000.0,8174.0,12.0,11978.0,77.0,76.0,800.0,0.0,146000.0,0.0,0.0,389611000.0,0.0,0.0,837000.0,0.0,75420.0,2490.0,687.0,,,,,,,,,Ciudad de Panamá
Paraguay,7522549.0,3535598.0,3001497.0,150451.0,15650.0,168500.0,15000.0,39.0,0.0,0.0,11.0,13.0,1.0,0.0,14.0,0.0,0.0,1108.0,0.0,25.0,0.0,72.0,0.0,0.0,0.0,0.0,0.0,0.0,63.0,0.0,17595000000.0,108022000000.0,14370000000.0,9886000000.0,3469000.0,108.0,1.0,78811.0,30.0,83.0,3100.0,2000.0,57000.0,0.0,0.0,0.0,0.0,0.0,1000.0,0.0,406752.0,0.0,4655.0,,,,,,,,1.9044,Asunción
Peru,32600249.0,15648120.0,12681497.0,619405.0,120000.0,385000.0,60000.0,256.0,15.0,22.0,38.0,72.0,12.0,0.0,111.0,16.0,240.0,6560.0,12.0,290.0,49.0,71.0,0.0,0.0,4.0,0.0,7.0,8.0,13.0,0.0,3420000000.0,517644000000.0,59400000000.0,71394000000.0,18529000.0,111.0,20.0,18699.0,1855.0,166.0,8808.0,118000.0,210000.0,858890000.0,12270000000.0,7185000000.0,300159000000.0,153000.0,712000.0,1567000000.0,1285216.0,2414.0,7062.0,,,,,,,,0.8588,Lima
Philippines,118277063.0,50859137.0,41751803.0,2128987.0,150000.0,1200000.0,35000.0,202.0,0.0,25.0,26.0,23.0,8.0,0.0,122.0,2.0,10.0,11878.0,12.0,294.0,0.0,113.0,0.0,0.0,0.0,0.0,2.0,1.0,58.0,0.0,4380000000.0,1138000000000.0,90200000000.0,103742000000.0,49477000.0,2203.0,70.0,216387.0,77.0,246.0,3219.0,10000.0,453000.0,138500000.0,2251000000.0,2251000000.0,98543000000.0,14483000.0,37130000.0,361000000.0,300000.0,36289.0,0.0,,,,0.6987,,,,,Manila
Poland,38746310.0,18985692.0,15576017.0,464956.0,202100.0,350000.0,50000.0,479.0,59.0,44.0,49.0,105.0,11.0,0.0,216.0,29.0,614.0,23138.0,677.0,0.0,196.0,62.0,0.0,0.0,1.0,0.0,2.0,2.0,3.0,26.0,48700000000.0,1616000000000.0,386947000000.0,193783000000.0,18387000.0,152.0,10.0,420000.0,19461.0,288.0,3997.0,24000.0,722000.0,113000000.0,5551000000.0,20056000000.0,91492000000.0,116682000.0,123782000.0,28531000000.0,312685.0,440.0,2845.0,0.3776,0.3776,,,0.3776,,,,Warszawa
Portugal,10639726.0,5319863.0,4096295.0,127677.0,24000.0,211700.0,24700.0,115.0,28.0,0.0,19.0,23.0,14.0,3.0,31.0,0.0,34.0,10828.0,24.0,115.0,0.0,194.0,0.0,0.0,2.0,0.0,5.0,2.0,20.0,0.0,4627000000.0,529901000000.0,399395000000.0,53710000000.0,5140900.0,996.0,18.0,136635.0,3622.0,136.0,764.0,12932.0,191000.0,22440000.0,0.0,4500000000.0,72000000000.0,0.0,0.0,40000000.0,92090.0,1793.0,1224.0,0.6856,0.6856,,,0.6856,,,,Lisboa
Qatar,2552088.0,638022.0,490001.0,12760.0,66550.0,15000.0,5500.0,251.0,102.0,6.0,12.0,51.0,0.0,0.0,80.0,24.0,99.0,5024.0,46.0,12.0,16.0,115.0,0.0,0.0,0.0,0.0,0.0,4.0,105.0,0.0,9432000000.0,304973000000.0,187000000000.0,51539000000.0,2035000.0,123.0,6.0,7039.0,0.0,8.0,0.0,1815000.0,297000.0,25244000.0,169595000000.0,41515000000.0,23861000000000.0,0.0,0.0,0.0,11586.0,563.0,87.0,,,,1.4307,,1.4307,,,Doha
Republic of the Congo,6097665.0,2256136.0,1353682.0,115856.0,8500.0,0.0,2500.0,13.0,2.0,0.0,4.0,0.0,0.0,0.0,7.0,1.0,30.0,644.0,2.0,38.0,30.0,4.0,0.0,0.0,0.0,0.0,0.0,0.0,0.0,0.0,306400000.0,38163000000.0,5741000000.0,715391000.0,2461000.0,11.0,5.0,23324.0,510.0,56.0,1120.0,267000.0,12000.0,2885000000.0,423000000.0,423000000.0,283990000000.0,0.0,0.0,0.0,342000.0,169.0,5008.0,,,2.7282,,,,,,
Romania,18148155.0,9437041.0,7731114.0,199630.0,81300.0,55000.0,15000.0,140.0,21.0,0.0,14.0,44.0,2.0,0.0,65.0,0.0,328.0,10774.0,0.0,720.0,243.0,20.0,0.0,0.0,0.0,0.0,3.0,7.0,3.0,5.0,9700000000.0,772107000000.0,132000000000.0,73000000000.0,8282000.0,127.0,11.0,84185.0,10628.0,82.0,1731.0,67000.0,221000.0,600000000.0,9501000000.0,10055000000.0,105480000000.0,18160000.0,19404000.0,291000000.0,238391.0,225.0,2844.0,0.8984,0.8984,,,0.8984,,,,Bucuresti
Russia,140820810.0,69002197.0,46189226.0,1267387.0,1320000.0,2000000.0,250000.0,4292.0,833.0,689.0,456.0,611.0,141.0,19.0,1651.0,557.0,5750.0,131527.0,5168.0,8505.0,3005.0,419.0,1.0,0.0,63.0,10.0,12.0,83.0,123.0,47.0,126000000000.0,5816000000000.0,317650500000.0,597217000000.0,72408000.0,2910.0,67.0,1283387.0,85494.0,904.0,102000.0,10727000.0,3684000.0,80000000000.0,617830000000.0,472239000000.0,47805000000000.0,508190000.0,310958000.0,162166000000.0,17098242.0,37653.0,22407.0,,,,0.0788,,,,,Moscow
Saudi Arabia,36544431.0,19003104.0,17468238.0,621255.0,257000.0,0.0,150000.0,917.0,283.0,81.0,49.0,202.0,16.0,22.0,264.0,34.0,840.0,19040.0,332.0,467.0,321.0,32.0,0.0,0.0,0.0,0.0,7.0,9.0,9.0,3.0,74760000000.0,1831000000000.0,225610000000.0,457949000000.0,16934000.0,433.0,16.0,221372.0,5410.0,86.0,0.0,11113000.0,3649000.0,258600000000.0,121870000000.0,121870000000.0,9423000000000.0,0.0,164000.0,0.0,2149690.0,2640.0,4272.0,,,,0.4201,,0.4201,,,Riyadh
Senegal,18847519.0,7162057.0,4089912.0,395798.0,17000.0,0.0,0.0,40.0,0.0,0.0,5.0,23.0,1.0,0.0,20.0,5.0,0.0,1740.0,0.0,20.0,6.0,4.0,0.0,0.0,0.0,0.0,0.0,0.0,4.0,0.0,465150000.0,77382000000.0,11326000000.0,889295000.0,5257000.0,36.0,6.0,16665.0,906.0,19.0,1000.0,9000.0,55000.0,0.0,54646000.0,54498000.0,0.0,0.0,502000.0,0.0,196722.0,531.0,2684.0,,,2.8116,,,,,,Dakar
Serbia,6652212.0,3259584.0,2574406.0,79827.0,25000.0,2000.0,600000.0,110.0,11.0,17.0,3.0,33.0,0.0,0.0,46.0,4.0,262.0,3683.0,90.0,150.0,98.0,20.0,0.0,0.0,0.0,0.0,0.0,0.0,7.0,5.0,2287461000.0,162213000000.0,35200000000.0,27569000000.0,3333000.0,0.0,0.0,44248.0,3333.0,43.0,587.0,13000.0,82000.0,77500000.0,353376000.0,2939000000.0,48139000000.0,35129000.0,38297000.0,7514000000.0,77474.0,0.0,2322.0,,,,,1.2576,,,,Belgrade
Sierra Leone,9121049.0,2006631.0,1203978.0,45605.0,13000.0,0.0,0.0,1.0,0.0,0.0,0.0,0.0,0.0,0.0,1.0,0.0,0.0,150.0,0.0,0.0,0.0,7.0,0.0,0.0,0.0,0.0,0.0,0.0,7.0,0.0,228600000.0,14633000000.0,2687000000.0,495699000.0,2913000.0,584.0,3.0,11701.0,0.0,8.0,800.0,0.0,9000.0,0.0,0.0,0.0,0.0,0.0,0.0,0.0,71740.0,402.0,1093.0,,,3.9701,,,,,,Freetown
Singapore,6028459.0,3918498.0,2628408.0,66313.0,51000.0,252500.0,12000.0,230.0,100.0,0.0,9.0,36.0,9.0,11.0,70.0,18.0,170.0,8998.0,48.0,89.0,24.0,50.0,0.0,0.0,6.0,0.0,6.0,6.0,12.0,4.0,15000000000.0,754758000000.0,1713410600000.0,359835000000.0,3619000.0,3202.0,5.0,3500.0,0.0,9.0,0.0,0.0,1470000.0,0.0,0.0,13724000000.0,0.0,0.0,784000.0,0.0,719.0,193.0,0.0,,,,0.5271,,,,,Singapore
Slovakia,5563649.0,2837461.0,2353424.0,61200.0,19500.0,0.0,0.0,41.0,2.0,0.0,7.0,9.0,1.0,0.0,22.0,0.0,45.0,3074.0,35.0,9.0,25.0,0.0,0.0,0.0,0.0,0.0,0.0,0.0,0.0,0.0,2656000000.0,213053000000.0,127600000000.0,11288000000.0,2823000.0,0.0,0.0,56926.0,3627.0,114.0,172.0,7000.0,94000.0,9000000.0,52556000.0,60424000.0,14158000000.0,2343000.0,5794000.0,19000000.0,49035.0,0.0,1587.0,1.3978,1.3978,,,1.3978,,,,Bratislava
Slovenia,2097893.0,1006989.0,826570.0,22867.0,7300.0,26000.0,5000.0,39.0,0.0,0.0,4.0,23.0,0.0,0.0,16.0,0.0,54.0,1428.0,0.0,18.0,0.0,2.0,0.0,0.0,0.0,0.0,0.0,0.0,2.0,0.0,886860000.0,102036000000.0,55000000000.0,2370000000.0,1055000.0,8.0,2.0,38985.0,1207.0,42.0,710.0,0.0,45000.0,0.0,3863000.0,840902000.0,0.0,2358000.0,2553000.0,95000000.0,20273.0,47.0,1211.0,2.1016,2.1016,,,2.1016,,,,Ljubljana
Somalia,13017273.0,2993973.0,1796384.0,130173.0,15000.0,0.0,2000.0,0.0,0.0,0.0,0.0,0.0,0.0,0.0,0.0,0.0,0.0,682.0,0.0,0.0,0.0,10.0,0.0,0.0,0.0,0.0,0.0,0.0,10.0,0.0,171002350.0,26351000000.0,5830000000.0,16747500.0,3277000.0,4.0,6.0,15000.0,0.0,38.0,0.0,0.0,6000.0,0.0,0.0,0.0,5663000000.0,0.0,0.0,0.0,637657.0,3025.0,2385.0,,,4.2037,,,,,,Mogadishu
South Africa,60442647.0,27803618.0,14989776.0,1027525.0,71235.0,29350.0,50000.0,182.0,2.0,0.0,12.0,81.0,0.0,0.0,87.0,10.0,252.0,18692.0,49.0,134.0,101.0,49.0,0.0,0.0,3.0,0.0,4.0,0.0,33.0,2.0,2266800000.0,862981000000.0,58773000000.0,62492000000.0,25158000.0,110.0,8.0,750000.0,20986.0,575.0,0.0,95000.0,601000.0,15000000.0,59128000.0,4487000000.0,0.0,245467000.0,176148000.0,9893000000.0,1219090.0,2798.0,5244.0,,,0.6889,,,,,,Pretoria
South Korea,52081799.0,26040900.0,21353538.0,416654.0,600000.0,3100000.0,120000.0,1592.0,315.0,98.0,41.0,318.0,36.0,4.0,807.0,111.0,2236.0,58880.0,3270.0,4400.0,426.0,227.0,0.0,2.0,22.0,13.0,17.0,5.0,35.0,14.0,46300000000.0,2615000000000.0,503519500000.0,420930000000.0,29611000.0,2149.0,15.0,100428.0,3979.0,89.0,1600.0,38000.0,2452000.0,0.0,55127000.0,59480000000.0,7079000000.0,15595000.0,136413000.0,326000000.0,99720.0,2413.0,237.0,,,,0.1656,,,,,Seoul
South Sudan,12703714.0,6351857.0,4065188.0,330297.0,185000.0,0.0,0.0,20.0,0.0,0.0,5.0,0.0,0.0,0.0,15.0,6.0,30.0,1950.0,24.0,0.0,15.0,0.0,0.0,0.0,0.0,0.0,0.0,0.0,0.0,0.0,175300000.0,20010000000.0,2475000000.0,183615000.0,4471000.0,0.0,0.0,90200.0,248.0,82.0,0.0,146000.0,14000.0,3750000000.0,0.0,0.0,0.0,0.0,0.0,0.0,644329.0,0.0,6018.0,,,2.4321,,,,,,Juba
Spain,47280433.0,21748999.0,17635602.0,330963.0,133282.0,15150.0,78470.0,461.0,137.0,12.0,51.0,140.0,8.0,0.0,153.0,17.0,317.0,17626.0,95.0,287.0,0.0,152.0,1.0,0.0,2.0,0.0,11.0,0.0,22.0,6.0,23397000000.0,2242000000000.0,2572738300000.0,103089000000.0,24108000.0,503.0,52.0,683175.0,15489.0,363.0,1000.0,47000.0,1269000.0,150000000.0,41009000.0,32833000000.0,2549000000.0,1293000.0,8255000.0,1187000000.0,505370.0,4964.0,1953.0,0.3242,0.3242,,,0.3242,,,,Madrid
Sri Lanka,21982608.0,10551652.0,8551235.0,307757.0,346000.0,90000.0,0.0,85.0,5.0,0.0,14.0,8.0,3.0,0.0,55.0,9.0,44.0,3190.0,0.0,96.0,28.0,270.0,0.0,0.0,0.0,0.0,5.0,0.0,59.0,0.0,1265400000.0,287132000000.0,46409500000.0,3450700000.0,8707000.0,96.0,6.0,114093.0,1562.0,18.0,160.0,0.0,121000.0,0.0,0.0,0.0,0.0,0.0,2084000.0,0.0,65610.0,1340.0,0.0,,,,1.3941,,,,,"Colombo, Sri Jayawardenepura Kotte"
Sudan,50467278.0,26747657.0,17108407.0,1312149.0,92000.0,85000.0,17500.0,165.0,37.0,27.0,13.0,15.0,0.0,0.0,64.0,35.0,224.0,2900.0,100.0,287.0,192.0,6.0,0.0,0.0,0.0,0.0,0.0,0.0,6.0,0.0,342000000.0,136039000000.0,37846000000.0,206763700.0,13590000.0,14.0,4.0,31000.0,7251.0,41.0,4068.0,68000.0,127000.0,1250000000.0,0.0,0.0,84951000000.0,0.0,0.0,0.0,1861484.0,853.0,6819.0,,,1.4756,,,,,,Khartum
Suriname,646758.0,142287.0,84079.0,3234.0,2000.0,0.0,200.0,3.0,0.0,0.0,0.0,0.0,0.0,0.0,3.0,0.0,0.0,650.0,0.0,0.0,0.0,17.0,0.0,0.0,0.0,0.0,0.0,0.0,17.0,0.0,144000000.0,11824000000.0,2200000000.0,1346000000.0,250000.0,13.0,4.0,4304.0,0.0,55.0,1200.0,14000.0,15000.0,89000000.0,7109000.0,6967000.0,0.0,0.0,0.0,0.0,163820.0,386.0,1907.0,,,,,,,,3.9127,Paramaribo
Sweden,10589835.0,4235934.0,3558185.0,105898.0,24400.0,32900.0,25000.0,169.0,71.0,0.0,6.0,33.0,5.0,1.0,53.0,0.0,110.0,6795.0,26.0,0.0,0.0,308.0,0.0,0.0,4.0,0.0,0.0,7.0,179.0,8.0,13000000000.0,676353000000.0,1002448700000.0,60863000000.0,5825000.0,361.0,92.0,573134.0,10910.0,203.0,2052.0,11000.0,283000.0,0.0,0.0,889924000.0,0.0,1115000.0,3396000.0,5000000.0,450295.0,3218.0,2211.0,0.4835,0.4835,,,0.4835,,,,Stockholm
Switzerland,8860574.0,3898653.0,3163225.0,97466.0,101584.0,49715.0,5000.0,146.0,43.0,0.0,16.0,44.0,3.0,0.0,40.0,0.0,205.0,6996.0,133.0,0.0,0.0,0.0,0.0,0.0,0.0,0.0,0.0,0.0,0.0,0.0,25039000000.0,733779000000.0,2200000000000.0,863892000000.0,4991000.0,17.0,0.0,71557.0,5296.0,62.0,1292.0,300.0,193000.0,0.0,0.0,3138000000.0,0.0,0.0,161000.0,0.0,41277.0,0.0,1770.0,,,,,0.7869,,,,Bern
Syria,23865423.0,15273871.0,13245310.0,668232.0,170000.0,50000.0,50000.0,207.0,104.0,9.0,3.0,15.0,1.0,0.0,77.0,14.0,365.0,11148.0,90.0,641.0,204.0,27.0,0.0,0.0,0.0,0.0,0.0,0.0,16.0,4.0,291850000.0,55935900000.0,4309500000.0,341962500.0,6315000.0,24.0,3.0,69873.0,2052.0,39.0,900.0,75000.0,138000.0,2500000000.0,3085000000.0,3084000000.0,240693000000.0,0.0,47000.0,0.0,187437.0,193.0,2363.0,,,,1.2771,,1.2771,,,Damascus
Taiwan,23595274.0,12269542.0,1061787.0,306739.0,215000.0,2310000.0,55000.0,761.0,285.0,0.0,19.0,232.0,18.0,0.0,236.0,91.0,888.0,19921.0,488.0,1360.0,234.0,97.0,0.0,0.0,4.0,4.0,22.0,7.0,37.0,14.0,19740000000.0,1257300000000.0,209000000000.0,492635000000.0,11498000.0,465.0,8.0,43206.0,1613.0,53.0,0.0,800.0,1022000.0,2380000.0,63747000.0,21157000000.0,6230000000.0,5608000.0,66855000.0,1000000.0,35980.0,1566.0,0.0,,,,0.3988,,,,,
Tajikistan,10394063.0,4781269.0,3773045.0,176699.0,9500.0,600000.0,20000.0,25.0,0.0,0.0,1.0,4.0,0.0,0.0,20.0,6.0,38.0,1240.0,3.0,13.0,20.0,0.0,0.0,0.0,0.0,0.0,0.0,0.0,0.0,0.0,446000000.0,46467000000.0,7150000000.0,2748900000.0,2677000.0,0.0,0.0,30000.0,680.0,19.0,200.0,300.0,28000.0,12000000.0,18476000.0,85567000.0,5663000000.0,2175000.0,2245000.0,4075000000.0,144100.0,0.0,4130.0,,,,2.3049,,,,,Dushanbe
Tanzania,67462121.0,12143182.0,6678750.0,607159.0,27000.0,80000.0,6500.0,39.0,14.0,0.0,6.0,7.0,0.0,0.0,12.0,0.0,62.0,1072.0,0.0,0.0,0.0,12.0,0.0,0.0,0.0,0.0,0.0,0.0,10.0,0.0,1406745334.0,234050000000.0,18983500000.0,5693050000.0,31219000.0,381.0,8.0,145203.0,4097.0,206.0,0.0,0.0,58000.0,0.0,1808000000.0,1808000000.0,6513000000.0,2511000.0,802000.0,1410000000.0,947300.0,1424.0,4161.0,,,2.0416,,,,,,Dodoma
Thailand,69920998.0,36358919.0,27968399.0,1118736.0,360850.0,200000.0,25000.0,493.0,72.0,20.0,54.0,135.0,26.0,0.0,258.0,7.0,635.0,16935.0,50.0,589.0,26.0,293.0,0.0,1.0,0.0,0.0,7.0,6.0,49.0,5.0,5887883500.0,1516000000000.0,102694000000.0,224470000000.0,40814000.0,884.0,21.0,180053.0,4127.0,108.0,4000.0,386000.0,1248000.0,252750000.0,30797000000.0,48898000000.0,138243000000.0,13642000.0,36030000.0,1063000000.0,513120.0,3219.0,5673.0,,,,0.4536,,,,,Bangkok
Tunisia,12048847.0,6024424.0,5181004.0,204830.0,89800.0,0.0,12000.0,154.0,10.0,0.0,11.0,28.0,4.0,0.0,101.0,0.0,90.0,7913.0,0.0,85.0,0.0,58.0,0.0,0.0,0.0,0.0,0.0,0.0,51.0,0.0,1400000000.0,153637000000.0,27084500000.0,9240000000.0,4445000.0,72.0,16.0,20000.0,2173.0,14.0,0.0,35000.0,108000.0,425000000.0,1323000000.0,5153000000.0,65129000000.0,0.0,2000.0,0.0,163610.0,1148.0,1495.0,,,1.9538,,,,,,Tunis
Turkiye,84119531.0,42985080.0,36087279.0,1430032.0,355200.0,378700.0,150000.0,1083.0,201.0,0.0,84.0,287.0,28.0,7.0,508.0,111.0,2238.0,61173.0,1038.0,1707.0,296.0,182.0,0.0,1.0,13.0,0.0,17.0,9.0,41.0,11.0,47000000000.0,2936000000000.0,294441000000.0,140858000000.0,35071000.0,1170.0,54.0,67333.0,11497.0,115.0,1200.0,83000.0,1077000.0,366000000.0,379701000.0,2887000000.0,3794000000.0,88746000.0,123976000.0,11525000000.0,783562.0,7200.0,2816.0,0.1902,,,0.1902,,0.1902,,,
Turkmenistan,5744151.0,2768681.0,2245963.0,109139.0,36500.0,0.0,3500.0,91.0,24.0,27.0,5.0,9.0,0.0,0.0,26.0,10.0,654.0,5016.0,73.0,450.0,164.0,16.0,0.0,0.0,0.0,0.0,0.0,0.0,16.0,0.0,1078020000.0,94790000000.0,2134500000.0,23415400000.0,2163000.0,73.0,0.0,58592.0,5113.0,23.0,1300.0,272000.0,152000.0,600000000.0,86472000000.0,41561000000.0,11327000000000.0,0.0,0.0,800000000.0,488100.0,1768.0,4158.0,,,,1.6512,,,,,Ashgabat
Uganda,49283041.0,16756234.0,9905891.0,985661.0,45000.0,0.0,10000.0,51.0,6.0,0.0,0.0,12.0,0.0,0.0,30.0,6.0,259.0,3862.0,6.0,26.0,12.0,0.0,0.0,0.0,0.0,0.0,0.0,0.0,0.0,0.0,985400000.0,135668000000.0,11818000000.0,3506500000.0,18881000.0,0.0,0.0,20544.0,1244.0,39.0,0.0,0.0,43000.0,2500000000.0,0.0,0.0,14158000000.0,0.0,0.0,800000000.0,241038.0,0.0,2729.0,,,2.4767,,,,,,Kampala
Ukraine,35661826.0,18187531.0,12731272.0,392280.0,900000.0,1200000.0,100000.0,324.0,70.0,36.0,24.0,73.0,3.0,0.0,136.0,39.0,1114.0,18920.0,658.0,615.0,279.0,89.0,0.0,0.0,0.0,0.0,0.0,0.0,33.0,3.0,53700000000.0,559981000000.0,132000000000.0,40510000000.0,20312000.0,410.0,26.0,169694.0,21733.0,148.0,1672.0,3000.0,248000.0,395000000.0,18725000000.0,22856000000.0,1104000000000.0,4248000.0,10953000.0,34375000000.0,603550.0,2782.0,5581.0,,,,,0.3755,,,,Kyiv
United Arab Emirates,10032213.0,5818684.0,4945881.0,80258.0,65000.0,130000.0,12000.0,551.0,99.0,16.0,37.0,147.0,27.0,4.0,247.0,30.0,354.0,8707.0,165.0,99.0,49.0,181.0,0.0,0.0,0.0,0.0,0.0,11.0,34.0,2.0,2212360382.0,719733000000.0,264000000000.0,189491000000.0,6668000.0,655.0,20.0,4080.0,0.0,42.0,0.0,4146000.0,939000.0,97800000000.0,56683000000.0,66091000000.0,6091000000.0,0.0,3273000.0,0.0,83600.0,1318.0,1066.0,,,,1.0186,,1.0186,,,Abu Dhabi
United Kingdom,68459055.0,31491165.0,25192932.0,753050.0,184860.0,924000.0,0.0,631.0,113.0,31.0,29.0,203.0,28.0,9.0,266.0,37.0,227.0,38200.0,71.0,126.0,29.0,109.0,2.0,0.0,9.0,6.0,8.0,0.0,26.0,7.0,71500540000.0,3700000000000.0,9593749000000.0,177915000000.0,35275000.0,868.0,185.0,394428.0,16390.0,1043.0,3200.0,753000.0,1397000.0,2500000000.0,37758000000.0,70141000000.0,180661000000.0,1891000.0,8568000.0,26000000.0,243610.0,12429.0,443.0,0.1785,,,,0.1785,,,,London
United States,341963408.0,150463900.0,124816644.0,4445524.0,1328000.0,799500.0,0.0,13043.0,1790.0,889.0,918.0,2647.0,647.0,605.0,5843.0,1002.0,4640.0,391963.0,671.0,1212.0,641.0,440.0,11.0,9.0,70.0,81.0,0.0,26.0,0.0,8.0,895000000000.0,24662000000000.0,22303546100000.0,773426000000.0,170549000.0,3533.0,666.0,6586610.0,293564.0,15873.0,41009.0,20879000.0,20245000.0,38212000000.0,1029000000000.0,914301000000.0,13402000000000.0,548849000.0,476044000.0,248941000000.0,9833517.0,19924.0,12002.0,0.0744,,,,,,0.0744,,Washington
Uruguay,3425330.0,1575652.0,1322177.0,54805.0,25000.0,0.0,5000.0,43.0,0.0,6.0,6.0,12.0,5.0,2.0,12.0,0.0,31.0,3042.0,6.0,70.0,4.0,14.0,0.0,0.0,0.0,0.0,0.0,0.0,2.0,2.0,772400000.0,105096000000.0,49500000000.0,16257000000.0,1775000.0,58.0,8.0,77732.0,1673.0,64.0,1600.0,400.0,52000.0,0.0,0.0,86037000.0,0.0,0.0,18000.0,0.0,176215.0,660.0,1591.0,,,,,,,,2.1385,Montevideo
Uzbekistan,36520593.0,18990708.0,15959499.0,730412.0,48000.0,0.0,20000.0,192.0,58.0,13.0,13.0,7.0,0.0,0.0,101.0,34.0,340.0,2970.0,147.0,236.0,108.0,0.0,0.0,0.0,0.0,0.0,0.0,0.0,0.0,0.0,2803500000.0,319174000000.0,19652500000.0,34558000000.0,14270000.0,0.0,0.0,86496.0,4642.0,74.0,1100.0,64000.0,91000.0,594000000.0,47500000000.0,43227000000.0,1841000000000.0,5356000.0,7396000.0,1375000000.0,447400.0,420.0,6893.0,,,,1.1121,,,,,Toskent
Venezuela,31250306.0,15625153.0,12812625.0,625006.0,109000.0,8000.0,220000.0,229.0,30.0,0.0,49.0,75.0,3.0,1.0,88.0,10.0,172.0,8802.0,48.0,100.0,36.0,34.0,0.0,0.0,1.0,0.0,1.0,0.0,25.0,0.0,4093120000.0,295974800000.0,110330000000.0,10095500000.0,11548000.0,272.0,31.0,96189.0,447.0,502.0,7100.0,761000.0,367000.0,303806000000.0,17696000000.0,17696000000.0,5674000000000.0,197000.0,82000.0,730999000.0,912050.0,2800.0,5267.0,,,,,,,,0.8882,Caracas
Vietnam,105758975.0,54994667.0,45053323.0,1797903.0,600000.0,5000000.0,250000.0,246.0,41.0,32.0,9.0,60.0,3.0,0.0,101.0,0.0,1374.0,11912.0,40.0,535.0,474.0,110.0,0.0,0.0,9.0,0.0,9.0,16.0,35.0,8.0,8594000000.0,1354000000000.0,110000000000.0,97955500000.0,56149000.0,1973.0,16.0,195468.0,2600.0,42.0,47130.0,187000.0,494000.0,4400000000.0,7676000000.0,7676000000.0,699426000000.0,43614000.0,83116000.0,3360000000.0,331210.0,3444.0,4616.0,,,,0.4024,,,,,Hanoi
Yemen,32140443.0,12213368.0,9031464.0,610668.0,66700.0,0.0,20000.0,84.0,27.0,12.0,2.0,15.0,0.0,0.0,30.0,7.0,0.0,550.0,0.0,15.0,10.0,33.0,0.0,0.0,0.0,0.0,0.0,1.0,12.0,1.0,810375000.0,67003300000.0,6343500000.0,923361750.0,6883000.0,30.0,10.0,71300.0,0.0,36.0,0.0,15000.0,60000.0,3000000000.0,189432000.0,189432000.0,478555000000.0,0.0,165000.0,0.0,527968.0,1906.0,1601.0,,,,1.8901,,1.8901,,,Sanaa
Zambia,20799116.0,7279691.0,4139024.0,374384.0,15150.0,0.0,1200.0,77.0,0.0,0.0,13.0,34.0,0.0,0.0,32.0,0.0,35.0,424.0,12.0,30.0,25.0,0.0,0.0,0.0,0.0,0.0,0.0,0.0,0.0,0.0,394240000.0,76493000000.0,13200000000.0,2861000000.0,7051000.0,2.0,0.0,67671.0,3126.0,119.0,0.0,0.0,34000.0,0.0,0.0,0.0,0.0,831000.0,823000.0,944999000.0,752618.0,0.0,6043.0,,,2.3411,,,,,,Lusaka
Zimbabwe,17150352.0,6517134.0,3721626.0,360157.0,29000.0,0.0,21800.0,95.0,13.0,0.0,14.0,40.0,0.0,0.0,28.0,6.0,15.0,828.0,0.0,0.0,0.0,0.0,0.0,0.0,0.0,0.0,0.0,0.0,0.0,0.0,530800000.0,58583000000.0,11000000000.0,115530000.0,6561000.0,0.0,0.0,97267.0,3427.0,144.0,0.0,800.0,29000.0,0.0,0.0,0.0,0.0,3877000.0,4479000.0,502000000.0,390757.0,0.0,3229.0,,,2.3863,,,,,,Harare
