country,year,assets_per_capita,defense_budget_to_gdp,personnel_density,defense_budget_per_soldier,power_index_rank_gap,air_power_ratio,armor_intensity_index,naval_strength_per_coastline,military_burden_index,total_assets
United States,2025,7.49E-05,0.029248366,0.006221426,673945.7831,0,0.015466114,0.000471856,0.022083919,2617.239094,25619
Russia,2025,9.38E-05,0.049606299,0.023576061,95454.54545,1,0.005334091,0.000336292,0.011127931,894.7541205,13210
China,2025,9.37E-06,0.013762887,0.001798532,131203.9312,2,0.00280344,0.000708558,0.052,188.6868096,13259
India,2025,5.72E-06,0.018159806,0.001852599,51526.91422,3,0.002454742,0.001277963,0.041857143,53.22439427,8067
South Korea,2025,9.34E-05,0.024892473,0.071042093,77166.66667,4,0.004006667,0.022422784,0.094073767,888.9861888,4867
United Kingdom,2025,2.02E-05,0.018055692,0.016197419,386782.1054,5,0.005647517,0.000931817,0.008769813,1044.427797,1380
France,2025,2.73E-05,0.016369048,0.003305321,275000,6,0.00761,0.000333954,0.026581496,804.3923802,1866
Japan,2025,2.42E-05,0.013317757,0.002460594,230629.1726,7,0.00932632,0.001378617,0.005344358,462.6550336,2985
Turkiye,2025,4.89E-05,0.029936306,0.00872449,132319.8198,8,0.004757883,0.002856188,0.025277778,558.7287452,4110
Italy,2025,2.47E-05,0.012161417,0.003018129,186646.5257,9,0.006694864,0.000663702,0.025789474,506.6847365,1504
Brazil,2025,5.54E-06,0.011574027,0.003181073,72659.16667,10,0.002391667,3.45E-05,0.008543586,118.8689855,1219
Pakistan,2025,2.07E-05,0.018634146,0.004770895,11681.95719,11,0.003787462,0.003299857,0.115678776,30.27378306,5225
Indonesia,2025,4.96E-06,0.008030303,0.002841288,26500,12,0.001835,0.000173793,0.006049419,37.6470635,1396
Germany,2025,1.48E-05,0.00998004,0.002563033,275330.3965,13,0.004900881,0.000829081,0.025533696,594.3953276,1247
Israel,2025,0.000261204,0.053043478,0.06753439,179411.7647,14,0.006435294,0.05926061,0.227106227,3243.77777,2456
Iran,2025,3.15E-05,0.036785714,0.010861334,25327.86885,15,0.001583607,0.001039319,0.043852459,174.7995861,2786
Spain,2025,2.70E-05,0.012379365,0.003139396,175545.0849,16,0.006069837,0.000627263,0.030620467,494.8558741,1278
Australia,2025,2.57E-05,0.030437158,0.003339734,971229.2938,17,0.010200523,7.62E-06,0.001708075,2080.796312,688
Egypt,2025,5.04E-05,0.012509574,0.008269867,13362.5,18,0.004177273,0.003614759,0.06122449,52.85074558,5608
Ukraine,2025,4.86E-05,0.255714286,0.058886497,59666.66667,19,0.000588889,0.001845746,0.031991373,1505.811845,1733
Poland,2025,3.67E-05,0.054111111,0.014249099,240969.8169,20,0.00369619,0.001963638,0.140909091,1256.893882,1423
Taiwan,2025,9.75E-05,0.024073171,0.107012955,91813.95349,21,0.006116279,0.024680378,0.061941252,836.6082123,2300
Vietnam,2025,1.77E-05,0.01685098,0.052950589,14323.33333,22,0.000651667,0.004148425,0.031939605,81.26024293,1875
Saudi Arabia,2025,6.68E-05,0.066159292,0.007032535,290894.9416,23,0.006108949,0.000390754,0.012121212,2045.728937,2442
Thailand,2025,2.47E-05,0.010514078,0.008021196,16316.70639,24,0.002216988,0.001237527,0.091022057,84.20765819,1728
Algeria,2025,5.34E-05,0.089285714,0.009782557,76923.07692,25,0.002821538,0.000623494,0.110220441,531.6606806,2512
Sweden,2025,6.64E-05,0.0203125,0.005410849,532786.8852,26,0.011680328,0.000244284,0.095711622,1227.592309,703
Canada,2025,1.87E-05,0.017982456,0.002448781,602941.1765,27,0.008514706,7.41E-06,0.000361243,1056.842315,726
Singapore,2025,0.000102016,0.027777778,0.050344541,294117.6471,28,0.007745098,0.236439499,0.259067358,2488.198062,615
Greece,2025,0.000227127,0.026,0.034800386,45550.10512,29,0.005886475,0.010185136,0.014039193,621.3501058,2376
Nigeria,2025,3.07E-06,0.006076923,0.000971501,13739.13043,30,0.001143478,0.000357233,0.155920281,13.34757469,726
Mexico,2025,6.72E-06,0.004086022,0.003905884,18446.60194,31,0.001725728,0,0.01789925,58.13067342,878
Argentina,2025,1.70E-05,0.001451402,0.002298147,8600.898148,32,0.003805556,0.000123004,0.008819403,19.7661278,797
North Korea,2025,0.000230734,0.157866667,0.071486516,3587.878788,33,0.001149242,0.036038428,0.082965932,180.08518,6068
Bangladesh,2025,4.75E-06,0.008748,0.000966228,26834.35583,34,0.002226994,0.002155463,0.203448276,25.92811508,801
Netherlands,2025,1.46E-05,0.01875,0.002708979,652489.1252,35,0.004277429,0.000433286,0.141906874,1519.211441,259
Myanmar,2025,2.14E-05,0.034682353,0.002955127,19653.33333,36,0.0037,0.000657722,0.120207254,51.24537829,1232
Norway,2025,4.50E-05,0.016183333,0.004219805,417634.4086,37,0.006924731,0.000135886,0.001709878,1762.335852,248
Portugal,2025,4.04E-05,0.015423333,0.022152826,192791.6667,38,0.008416667,0.000369204,0.10819855,434.87962,430
South Africa,2025,9.56E-06,0.005271628,0.00166414,31821.43609,39,0.003888538,0.000206712,0.017512509,37.50332112,578
Philippines,2025,3.44E-06,0.009125,0.011413878,29200,40,0.001893333,3.33E-05,0.003113891,37.03169396,407
Malaysia,2025,1.09E-05,0.010666667,0.004762069,42477.87611,41,0.002035398,0.000145522,0.021390374,138.8695613,378
Iraq,2025,4.08E-05,0.024759375,0.004586127,41051.81347,42,0.003233161,0.00233849,1.172413793,188.2688476,1717
Switzerland,2025,5.16E-05,0.026356842,0.01707553,246485.667,43,0.002480706,0.004966446,,2825.889158,457
Denmark,2025,4.92E-05,0.017203491,0.00535732,361273.3125,44,0.01,0.001021024,0.006836205,1209.660428,294
Colombia,2025,1.80E-05,0.02509881,0.006618489,35953.27422,45,0.002244202,0,0.072630923,212.5801426,891
Chile,2025,5.29E-05,0.013979167,0.006429265,62906.25,46,0.0059,0.000510513,0.02020202,269.6273148,988
Finland,2025,0.000136854,0.021186441,0.158893391,282485.875,47,0.01275,0.000591462,0.2112,1204.970164,770
Peru,2025,2.23E-05,0.011793103,0.015490679,28500,48,0.003458333,0.000186739,0.029411765,104.9071742,726
Venezuela,2025,1.90E-05,0.025582,0.003743963,37551.55963,49,0.003550459,0.000188586,0.012142857,130.9785575,593
Romania,2025,3.14E-05,0.02255814,0.007510405,119311.1931,50,0.002718327,0.001375891,0.088888889,534.4895941,569
Ethiopia,2025,4.29E-06,0.009988452,0.001366509,12947.99383,51,0.001049383,0.000306076,,17.69354473,508
Czechia,2025,1.84E-05,0.01875,0.002971058,241071.4286,52,0.005571429,0.000545222,,622.8149575,199
United Arab Emirates,2025,0.000141145,0.004096964,0.019437386,34036.31357,53,0.013553846,0.00423445,0.137329287,220.5256589,1416
Hungary,2025,3.09E-05,0.019066667,0.006250162,110000,54,0.002307692,0.002029126,,464.2977269,305
Angola,2025,2.20E-05,0.007866857,0.002876185,10293.08411,55,0.004485981,0.000247854,0.019375,29.60481141,820
Kazakhstan,2025,3.49E-05,0.006402188,0.01209279,18624.54545,56,0.003009091,0.000128445,1,101.1204044,707
Uzbekistan,2025,1.71E-05,0.020025,0.001314327,58406.25,57,0.005895833,0.000759946,0,76.76490905,623
Morocco,2025,3.93E-05,0.08375,0.00924906,68437.1808,58,0.0023238,0.001261966,0.060490463,358.4077442,1469
Azerbaijan,2025,7.11E-05,0.052631579,0.04003666,39556.96203,59,0.001756329,0.00573903,0.053295933,469.4730325,757
Belgium,2025,1.71E-05,0.015,0.002621553,408000,60,0.00784,0,0.134328358,851.5872166,205
Bulgaria,2025,3.44E-05,0.0114436,0.005897392,37114.37838,61,0.002891892,0.000811688,0.101694915,202.4621907,233
Serbia,2025,6.85E-05,0.024078537,0.0040588,91498.44,62,0.00696,0.00338178,inf,343.8647175,456
Syria,2025,3.06E-05,0.004169286,0.009218357,1716.764706,63,0.001994118,0.001947321,0.139896373,12.22898919,731
Ecuador,2025,1.35E-05,0.018276923,0.008697441,57600,64,0.003975758,0.000190436,0.013410818,129.765269,248
Democratic Republic of the Congo,2025,1.57E-06,0.009371294,0.001712087,4781.84656,65,0.000360187,4.48E-05,0.432432432,6.902418599,181
Cuba,2025,1.65E-05,0.0375732,0.0077968,99094.15385,66,0.001076923,0.001019304,0.005087015,411.1588889,181
Austria,2025,2.06E-05,0.009778125,0.015789505,342234.375,67,0.0080625,0.000667692,,610.5888705,185
Sri Lanka,2025,1.95E-05,0.011503636,0.019833861,3657.225434,68,0.00033237,0.000670629,0.201492537,57.56368853,429
Belarus,2025,8.51E-05,0.011346316,0.021891393,17109.52381,69,0.004793651,0.002442197,,113.4458305,809
Slovakia,2025,1.89E-05,0.018971429,0.003504894,136205.1282,70,0.003076923,0.000917712,,477.3845367,105
Qatar,2025,0.000249208,0.036276923,0.031954227,141728.024,71,0.006341097,0.008544795,0.204262877,3695.797324,636
Sudan,2025,9.65E-06,0.00456,0.003507223,3717.391304,72,0.002793478,0.000120334,0.007033998,6.77666824,487
Croatia,2025,4.34E-05,0.012378947,0.008294949,82094.24084,73,0.007329843,0.000795137,0.005141388,283.3655734,180
Jordan,2025,0.000170127,0.041666667,0.014811137,24875.62189,74,0.004139303,0.016319312,1.038461538,223.7331869,1901
Libya,2025,3.34E-05,0.055636364,0.00434708,95625,75,0.0061875,2.44E-05,0.002824859,415.6895359,246
Turkmenistan,2025,0.000143798,0.0143736,0.00635429,29534.79452,76,0.004273973,0.001339889,0.009049774,187.672643,826
Albania,2025,2.70E-05,0.015967498,0.002767854,84676.12424,77,0.002878788,0.001600111,0.052486188,179.8662483,84
Kuwait,2025,0.000216355,0.036578947,0.030589274,96527.77778,78,0.002625,0.020597149,0.246492986,2214.535959,679
Bolivia,2025,1.78E-05,0.011004,0.00649774,13755,79,0.00245,4.92E-05,inf,44.68820353,219
Bahrain,2025,0.00026358,0.02904,0.08194587,86804.34783,80,0.010815217,0.197368421,0.397515528,1019.345352,413
Oman,2025,0.000101743,0.071304348,0.036545436,192488.2629,81,0.00528169,0.000484653,0.010516252,2101.490726,397
Kenya,2025,7.52E-06,0.009338456,0.000858422,26147.677,82,0.00454,0.000323933,0.042910448,22.44575362,438
Chad,2025,8.07E-06,0.0190675,0.001741422,11469.17293,83,0.001924812,7.01E-05,,19.97266623,154
Yemen,2025,5.38E-06,0.0270125,0.002075267,12149.55022,84,0.002098951,0,0.017313746,25.21356037,173
New Zealand,2025,1.61E-05,0.0101,0.002309535,349480.9689,85,0.008650519,0,0.000528611,587.0715226,83
Paraguay,2025,1.81E-05,0.319909091,0.024479734,1124281.15,86,0.004089457,0,inf,2338.967815,136
Lithuania,2025,1.07E-05,0.026543333,0.048322303,103865.2174,87,0.000608696,0,0.155555556,908.9539325,28
Mozambique,2025,2.97E-06,0.017930435,0.000335822,36821.42857,88,0.003214286,3.75E-05,0.013360324,12.36546337,99
Tunisia,2025,2.95E-05,0.025454545,0.007452995,15590.20045,89,0.002305122,0.000550089,0.050522648,116.1936906,355
Armenia,2025,7.22E-05,0.056666667,0.089862653,29565.21739,90,0.001843478,0.003664728,,571.0897568,215
Tanzania,2025,2.08E-06,0.015630504,0.001586075,52101.67904,91,0.002444444,6.54E-05,0.008426966,20.85237335,140
Cameroon,2025,3.23E-06,0.010090042,0.001291735,13873.80708,92,0.001225,0,0.1275,17.92128145,100
Georgia,2025,4.49E-05,0.01416083,0.042338635,9011.437364,93,0.001418182,0.001764706,0.061290323,101.1289531,220
Cambodia,2025,4.06E-05,0.0215,0.012951494,3891.402715,94,0.000131222,0.003557323,0.045146727,50.39947739,693
Slovenia,2025,5.82E-05,0.0118248,0.015873069,121487.6712,95,0.009041096,0.002663641,0.042553191,422.7384333,122
Ireland,2025,8.41E-06,0.002419355,0.001808555,193174.501,96,0.004636188,0,0.005524862,286.6172118,44
Mongolia,2025,0.00013164,0.0066044,0.051802798,4717.428571,97,0.000342857,0.000268522,,50.31270607,432
Latvia,2025,1.39E-05,0.025288889,0.029562869,65971.01449,98,0.000405797,0,0.036144578,631.7848867,25
Uruguay,2025,3.47E-05,0.009087059,0.007298567,30896,99,0.00296,0.000175921,0.021212121,225.4965215,119
Honduras,2025,1.90E-05,0.011818143,0.011776974,7920.248923,100,0.00137865,9.81E-05,0.117788462,43.40716124,181
Ivory Coast,2025,1.20E-06,0.00744001,0.00073378,30436.40614,101,0.001272727,1.55E-05,0.005825243,22.33361149,36
Guatemala,2025,4.38E-06,0.003891762,0.010742902,3850.90563,102,0.000471191,4.59E-05,0.0625,22.38456121,80
Mali,2025,3.91E-06,0.029563,0.001818958,16259.65,103,0.0019,8.06E-06,,29.57562745,86
Kyrgyzstan,2025,3.60E-05,0.014786667,0.052332261,9643.478261,104,0.000304348,0.001075263,,35.9358993,222
Laos,2025,3.00E-05,0.0075,0.01634489,1350,105,0.00043,0.000675676,inf,16.97353989,239
Estonia,2025,1.51E-05,0.032519111,0.072458244,190046.7532,106,0.001298701,0,0.002108593,1225.809208,18
Tajikistan,2025,6.54E-06,0.037166667,0.058639244,46947.36842,107,0.003157895,0.000263706,,42.90911071,68
Zambia,2025,7.64E-06,0.011264,0.000728396,26022.44224,108,0.008184818,4.65E-05,,18.95465173,159
Ghana,2025,1.62E-06,0.003247368,0.000448118,19903.22581,109,0.001806452,0,0.051948052,8.918996775,56
Zimbabwe,2025,1.03E-05,0.015165714,0.001690927,18303.44828,110,0.005586207,3.84E-05,,30.94980208,177
North Macedonia,2025,2.34E-05,0.019421085,0.032309088,43157.96667,111,0.003333333,0.000777817,,181.8775514,50
South Sudan,2025,4.33E-06,0.025042857,0.01456267,947.5675676,112,0.000135135,4.66E-05,,13.79911418,55
Uganda,2025,6.66E-06,0.016423333,0.000913093,21897.77778,113,0.001533333,0.001074519,,19.99470771,328
Lebanon,2025,5.18E-05,0.030730013,0.017709072,12804.17208,114,0.001633333,0.011153846,0.284444444,143.2105327,278
Namibia,2025,2.89E-05,0.02315625,0.004636796,28500,115,0.004769231,4.85E-06,0.009541985,132.1486914,81
Luxembourg,2025,2.98E-06,0.007643083,0.001489749,726092.925,116,0.002,0,,1081.696236,2
Afghanistan,2025,2.99E-07,0.0116,0,7650,117,0.001,0,,7.228035446,12
Niger,2025,1.40E-06,0.018688889,0.000949026,13456,118,0.00148,0,,12.77010053,37
Eritrea,2025,1.81E-05,0.018,0.039407587,1650,119,0.000225,0.000552721,0.010295434,31.21080915,115
Republic of the Congo,2025,8.69E-06,0.01915,0.001393976,36047.05882,120,0.002235294,8.77E-05,0.023668639,50.24874276,53
Botswana,2025,4.86E-05,0.021163636,0.008569092,22171.42857,121,0.00352381,7.74E-05,,189.9890152,119
Mauritania,2025,1.73E-05,0.02375,0.02253676,8283.13253,122,0.001395054,2.43E-05,0.00795756,60.36219628,75
Dominican Republic,2025,1.43E-05,0.006005926,0.004622842,16216,123,0.00232,0.000103477,0.026397516,74.96400886,155
Senegal,2025,3.87E-06,0.01329,0.000901975,27361.76471,124,0.004058824,0,0.007532957,24.67964086,73
Nepal,2025,6.43E-07,0.008522917,0.003052465,4306.315789,125,0.000210526,0,,13.14487864,20
Montenegro,2025,4.17E-05,0.016455556,0.003917653,63021.2766,126,0.004680851,0,0.047619048,246.8954687,25
El Salvador,2025,1.43E-05,0.009560571,0.005280068,13384.8,127,0.00324,0,0.045602606,50.48047114,95
Burkina Faso,2025,1.39E-06,0.003694545,0.000520784,6773.333333,128,0.002666667,0,,3.527441109,32
Madagascar,2025,5.77E-07,0.006233889,0.000458362,8311.851852,129,0.00037037,1.02E-05,0.001242751,3.809835657,17
Nicaragua,2025,2.02E-05,0.004181818,0.006739606,2044.444444,130,0.000511111,0.000682672,0.025274725,13.77875041,135
Bosnia and Herzegovina,2025,1.76E-05,0.007213333,0.004941202,16945.96711,131,0.001722788,0.000878958,0,56.96729198,67
Gabon,2025,1.55E-05,0.011450833,0.00195511,57254.16667,132,0.006875,0,0.005649718,111.9381859,38
Moldova,2025,1.11E-06,0.095,0.020974972,201176.4706,133,0.000470588,0,,475.0622859,4
Iceland,2025,0,0.010413333,0,inf,134,,0,0,858.1568856,0
Panama,2025,1.86E-05,0.009654758,0,inf,135,inf,0,0.012048193,205.1795418,83
Beliz,2025,3.13E-05,0.009846,0.006012665,17901.81818,136,0.003030303,0,0.020725389,71.04084043,13
Liberia,2025,7.36E-07,0.081066667,0.000275875,243200,137,0,0,0.006908463,67.09275224,4
Suriname,2025,3.09E-05,0.026181818,0.003092347,72000,138,0.0015,0,0.044041451,222.6489661,20
Sierra Leone,2025,8.77E-07,0.032657143,0.001425275,17584.61538,139,7.69E-05,0,0.017412935,25.06290669,8
Kosovo,2025,0,0.023701377,0.007586897,26071.515,140,0,0,,131.8679243,0
Somalia,2025,7.68E-07,0.019000261,0.001152315,11400.15667,141,0,0,0.003305785,13.13657246,10
Central African Republic,2025,2.12E-06,0.01533,0.001769612,4599,142,0.0012,0,,8.138444515,12
Benin,2025,4.76E-07,0.0049175,0.000323194,20705.26316,143,0.001052632,0,0.016528926,6.691818196,7
Bhutan,2025,2.26E-06,0.004,0.008478926,1866.666667,144,0.000266667,0,,15.82732837,2
