,country,population,available_military_manpower,manpower_fit_for_military_service,manpower_reaching_military_age_annually,active_personnel,reserve_personnel,manpower_paramilitary,total_aircraft,fighter_aircraft,attack_aircraft,transport_aircraft,aircraft_total_trainers,aircraft_total_special_mission,aircraft_total_tanker_fleet,helicopters,aircraft_helicopters_attack,tanks,armored_vehicles,armor_self_propelled_guns_total,artillery_units,armor_mlrs_total,navy_ships,navy_force_by_tonnage,aircraft_carriers,navy_helo_carriers,navy_submarines,navy_destroyers,navy_frigates,navy_corvettes,navy_patrol_coastal_craft,navy_mine_warfare_craft,defense_budget_usd,external_debt_by_country,purchasing_power_parity,reserves_of_foreign_exchange_and_gold,major_serviceable_airports_by_country,labor_force_by_country,major_ports_and_terminals,railway_coverage,roadway_coverage,oil_production_by_country,oil_consumption_by_country,proven_oil_reserves_by_country,natural_gas_production_by_country,natural_gas_consumption_by_country,proven_natural_gas_reserves_by_country,coal_production_by_country,coal_consumption_by_country,proven_coal_reserves_by_country,land_area_sq_km,coastline_km,border_coverage,waterway_coverage,capital_city,captal population,power_index_rank,year,alliance,continent,region,gdp_usd,power_index_rank_gap,naval_assets,total_military_assets,assets_per_capita,budget_to_gdp_ratio,budget_to_gdp_percent
0,China,1415043270,764123366,626864169,19810606,2035000,510000,625000,3309,1212,371,289,402,112,10,913,281,6800,144017,3490,1000,2750,754,2857143,3,4,61,50,47,72,150,36,266850000000,1218458500000,31227000000000,3450000000000,531,779246000,66,150000,5200000,4984000,15148000,26023000000,225341000000,366160000000,6654000000000,4827000000,5313000000,143197000000,9596960,14500,22457,27700,Tokyo,37274000,3,2025,Non-NATO,Asia,East Asia,18743803170827.2,2,1177,155126,155126.0000008318,0.01423670519627119,1.423670519627119
1,India,1409128296,662290299,522786598,23955181,1455550,1155000,2527000,2229,513,130,270,351,74,6,899,80,4201,148594,100,3975,264,293,593603,2,0,18,13,14,18,135,0,75000000000,371020500000,13104000000000,627793000000,311,593729000,56,65554,6371847,795000,5049000,4605000000,33170000000,58867000000,1381000000000,985671000,1200000000,111052000000,3287263,7000,13888,14500,New Delhi,32066000,4,2025,Non-NATO,Asia,South Asia,3909891533858.08,3,493,158999,158999.00000034986,0.019182117803148838,1.9182117803148837
2,United States,341963408,150463900,124816644,4445524,1328000,799500,0,13043,1790,889,918,2647,647,605,5843,1002,4640,391963,671,1212,641,440,4168037,11,9,70,81,0,26,0,8,895000000000,22303546100000,24662000000000,773426000000,15873,170549000,666,293564,6586610,20879000,20245000,38212000000,1029000000000,914301000000,13402000000000,548849000,476044000,248941000000,9833517,19924,12002,41009,Dhaka,22478000,1,2025,NATO,North America,North America,28750956130731.2,0,645,410858,410858.00000188616,0.03112939952085128,3.112939952085128
3,Indonesia,281562465,137965608,114595923,4786562,400000,400000,250000,459,41,34,70,112,17,1,214,15,331,20440,153,396,63,331,304168,0,0,4,0,7,25,211,12,10600000000,440000000000,3906000000000,146359000000,513,140931000,123,8159,496607,865000,1728000,2480000000,57410000000,36061000000,1408000000000,659357000,202283000,34869000000,1904569,54716,2958,21579,Mexico City,22281000,13,2025,Non-NATO,Asia,Southeast Asia,1396300098190.97,12,590,21626,21626.00000209545,0.007591491265905686,0.7591491265905687
4,Pakistan,252363571,108516336,85803614,4794908,654000,550000,500000,1399,328,90,64,565,27,4,373,57,2627,17516,662,2629,600,121,111715,0,0,8,0,9,9,69,3,7640000000,92426000000,1347000000000,13730000000,116,80990000,3,11881,264175,101000,473000,540000000,36937000000,46448000000,592219000000,12712000,34027000,3064000000,796095,1046,7257,0,Cairo,21750000,12,2025,Non-NATO,Asia,South Asia,374890295666.694,11,219,24171,24171.000000867796,0.02037929519197942,2.037929519197942
5,Nigeria,236747130,125475979,90437404,4261448,230000,0,50000,163,14,24,23,28,11,0,66,15,330,8962,40,339,37,133,0,0,0,0,0,1,0,109,2,3160000000,32455500000,1275000000000,41349000000,47,75721000,28,3798,195000,1541000,515000,36890000000,39951000000,20719000000,5761000000000,3043000,3044000,2144000000,923768,853,4477,8600,Beijing,21333000,31,2025,Non-NATO,Africa,Sub-Saharan Africa,668219992691.462,30,245,9794,9794.00000103486,0.004728981524889918,0.4728981524889918
6,Brazil,220051512,112226271,88680759,3520824,360000,340000,200000,513,43,38,109,133,25,0,191,0,294,22464,109,412,38,64,135737,0,1,4,0,6,2,23,3,26157300000,432224000000,4016000000000,355021000000,4919,108695000,45,29850,2000000,4221000,3027000,12715000000,22670000000,31654000000,363985000000,15644000,32787000,6596000000,8515770,7491,16145,50000,Kinshasa,15628000,11,2025,Non-NATO,South America,South America,2616156606579.21,10,103,23683,23683.000000468073,0.009998369338524547,0.9998369338524546
7,Bangladesh,168697184,82661620,66129296,3205246,163000,0,6800000,214,42,0,17,86,4,0,65,0,320,11584,56,546,110,118,75280,0,0,2,0,7,6,61,5,4374000000,51965000000,1413000000000,21860000000,17,74914000,2,2460,369105,13000,160000,28000000,24620000000,30384000000,126293000000,754000,7514000,3260000000,148460,580,4413,8370,Buenos Aires,15370000,35,2025,Non-NATO,Asia,South Asia,460131689083.083,34,199,12664,12664.00000117963,0.009505974276008222,0.9505974276008222
8,Russia,140820810,69002197,46189226,1267387,1320000,2000000,250000,4292,833,689,456,611,141,19,1651,557,5750,131527,5168,8505,3005,419,1260447,1,0,63,10,12,83,123,47,126000000000,317650500000,5816000000000,597217000000,904,72408000,67,85494,1283387,10727000,3684000,80000000000,617830000000,472239000000,47805000000000,508190000,310958000,162166000000,17098242,37653,22407,102000,Manila,14667000,2,2025,Non-NATO,Europe,Eastern Europe,2380000000000.0,1,758,150074,150074.00000538272,0.052941176470588235,5.294117647058823
9,Mexico,130739927,61447766,49811912,2222579,412000,98655,120000,433,3,33,41,176,25,0,178,0,0,19658,20,70,0,167,0,0,0,0,5,1,3,140,0,7600000000,371359000000,2873000000000,214317000000,1485,60042000,35,23389,704884,2101000,1737000,5786000000,31422000000,90566000000,180322000000,7453000,18423000,1211000000,1964375,9330,4389,2900,Moscow,11920000,32,2025,Non-NATO,North America,North America,1856365616165.94,31,316,20161,20161.00000241701,0.004094021098977648,0.40940210989776477
10,Japan,123201945,52976836,42874277,1108818,247150,56000,25000,1443,217,38,55,401,141,10,596,119,521,31964,149,480,54,159,769882,0,4,24,42,6,0,6,22,57000000000,4679698100000,5761000000000,1295000000000,279,69349000,163,27311,1218772,8000,3289000,44115000,2220000000,92843000000,20898000000,29141000,216332000,350000000,377915,29751,0,1770,Bogota,11344000,8,2025,Non-NATO,Asia,East Asia,6272362996105.03,7,263,34408,34408.00000213471,0.009087484259982318,0.9087484259982318
11,Ethiopia,118550298,56904143,35327989,2726657,162000,0,0,103,25,0,8,34,0,0,33,7,338,7256,35,309,40,0,0,0,0,0,0,0,0,0,0,2097575000,25761000000,354604000000,3131288000,57,61664000,0,659,120171,0,110000,428000,0,0,24919000000,8000,660000,0,1104300,0,5925,0,Lima,11204000,52,2025,Non-NATO,Africa,Sub-Saharan Africa,149740297952.986,51,0,8006,8006.0,0.014008086191057107,1.4008086191057108
12,Philippines,118277063,50859137,41751803,2128987,150000,1200000,35000,202,0,25,26,23,8,0,122,2,10,11878,12,294,0,113,76313,0,0,0,0,2,1,58,0,4380000000,90200000000,1138000000000,103742000000,246,49477000,70,77,216387,10000,453000,138500000,2251000000,2251000000,98543000000,14483000,37130000,361000000,300000,36289,0,3219,Paris,11142000,41,2025,Non-NATO,Asia,Southeast Asia,461617509782.355,40,174,12384,12384.000001471122,0.00948837491468878,0.9488374914688781
13,Democratic Republic of the Congo,115403027,39237029,31389623,2538867,166580,31000,10000,46,1,6,6,1,0,0,32,8,105,916,8,60,25,16,0,0,0,0,0,0,0,16,0,796560000,4994000000,154012000000,3898125000,272,35983000,3,4007,152373,19000,26000,180000000,380000,380000,991090000,0,23000,987999000,2344858,37,10481,15000,Jakarta,11075000,66,2025,Non-NATO,,,164000000000.0,65,32,1127,1127.000000277289,0.004857073170731707,0.4857073170731707
14,Egypt,111247248,45611372,38269053,1668709,440000,480000,300000,1093,238,90,61,345,11,0,348,100,3620,41012,1056,962,528,150,235989,0,2,8,0,13,7,62,17,5879500000,103750000000,1912000000000,33070000000,73,33431000,31,5085,65050,667000,851000,3300000000,64817000000,60089000000,1784000000000,289000,3083000,182000000,1001450,2450,2612,3500,Bangkok,11070000,19,2025,Non-NATO,Africa,North Africa,389000000000.0,18,259,46687,46687.00000232815,0.01511439588688946,1.511439588688946
15,Vietnam,105758975,54994667,45053323,1797903,600000,5000000,250000,246,41,32,9,60,3,0,101,0,1374,11912,40,535,474,110,107813,0,0,9,0,9,16,35,8,8594000000,110000000000,1354000000000,97955500000,42,56149000,16,2600,195468,187000,494000,4400000000,7676000000,7676000000,699426000000,43614000,83116000,3360000000,331210,3444,4616,47130,Seoul,9988000,23,2025,Non-NATO,Asia,Southeast Asia,476000000000.0,22,187,14067,14067.000001768172,0.018054621848739495,1.8054621848739496
16,Iran,88386937,49496685,41541860,1414191,610000,350000,220000,551,188,21,87,103,10,6,128,13,1713,65825,392,2070,1517,107,223395,0,0,25,0,7,3,21,1,15450000000,4134926000,1440000000000,120600000000,173,29159000,18,8484,223485,3985000,2136000,208600000000,263280000000,244890000000,33987000000000,2791000,3531000,1203000000,1648195,2440,5894,850,London,9648000,16,2025,Non-NATO,Asia,Middle East,1490000000000.0,15,164,70159,70159.00000185547,0.010369127516778523,1.0369127516778522
17,Turkiye,84119531,42985080,36087279,1430032,355200,378700,150000,1083,201,0,84,287,28,7,508,111,2238,61173,1038,1707,296,182,325729,0,1,13,0,17,9,41,11,47000000000,294441000000,2936000000000,140858000000,115,35071000,54,11497,67333,83000,1077000,366000000,379701000,2887000000,3794000000,88746000,123976000,11525000000,783562,7200,2816,1200,Tehran,9382000,9,2025,Non-NATO,Asia,,1359123768774.12,8,274,66201,66201.00000325727,0.03458110370801055,3.4581103708010548
18,Germany,84119100,38694786,30955829,841191,181600,34000,0,584,129,63,50,35,26,3,309,54,296,83260,134,0,33,61,228552,0,0,6,0,11,5,0,12,50000000000,6238609300000,5230000000000,322700000000,838,44784000,35,39379,830000,131000,2052000,115200000,4824000000,77516000000,23390000000,138981000,186725000,35900000000,357022,2389,3694,7300,Luanda,8952000,14,2025,NATO,Europe,Western Europe,4685592577804.69,13,95,84140,84140.00000112935,0.010671008878758761,1.067100887875876
19,Thailand,69920998,36358919,27968399,1118736,360850,200000,25000,493,72,20,54,135,26,0,258,7,635,16935,50,589,26,293,130988,0,1,0,0,7,6,49,5,5887883500,102694000000,1516000000000,224470000000,108,40814000,21,4127,180053,386000,1248000,252750000,30797000000,48898000000,138243000000,13642000,36030000,1063000000,513120,3219,5673,4000,Kuala Lumpur,8420000,25,2025,Non-NATO,Asia,Southeast Asia,543976691793.886,24,361,18652,18652.00000516297,0.010823779012632645,1.0823779012632646
20,United Kingdom,68459055,31491165,25192932,753050,184860,924000,0,631,113,31,29,203,28,9,266,37,227,38200,71,126,29,109,394043,2,0,9,6,8,0,26,7,71500540000,9593749000000,3700000000000,177915000000,1043,35275000,185,16390,394428,753000,1397000,2500000000,37758000000,70141000000,180661000000,1891000,8568000,26000000,243610,12429,443,3200,Dar es Salaam,7776000,6,2025,NATO,Europe,Western Europe,3686033044482.13,5,167,39184,39184.00000243942,0.019397693709510812,1.9397693709510813
21,France,68374591,30084820,23794358,752121,200000,26000,150000,976,226,0,119,141,44,16,448,68,215,110932,96,0,9,129,428765,1,3,9,11,11,0,20,17,55000000000,6992104900000,3764000000000,240792000000,689,31825000,66,27860,1053215,80000,1554000,61719000,20132000,37001000000,7787000000,2419000,12985000,160000000,643801,4853,4072,8501,Riyadh,7682000,7,2025,NATO,Europe,Western Europe,3160442622465.08,6,201,112123,112123.00000293969,0.01740262569839067,1.740262569839067
22,Tanzania,67462121,12143182,6678750,607159,27000,80000,6500,39,14,0,6,7,0,0,12,0,62,1072,0,0,0,12,0,0,0,0,0,0,0,10,0,1406745334,18983500000,234050000000,5693050000,206,31219000,8,4097,145203,0,58000,0,1808000000,1808000000,6513000000,2511000,802000,1410000000,947300,1424,4161,0,Baghdad,7512000,92,2025,Non-NATO,,,79030935627.0781,91,22,1173,1173.0000003261089,0.0177999326825382,1.77999326825382
23,Italy,60964931,27434219,22191235,548684,165500,18500,105000,729,89,67,30,162,23,8,392,37,200,73480,64,108,21,196,359417,2,0,8,3,10,0,19,10,30890000000,2750000000000,3097000000000,247396000000,636,25669000,123,18475,487700,116000,1246000,497934000,3117000000,68735000000,45750000000,1618000,13127000,609999000,301340,7600,1836,2400,Santiago,6857000,10,2025,NATO,Europe,Western Europe,2417508414187.19,9,248,74517,74517.00000406792,0.012777618401955295,1.2777618401955295
24,South Africa,60442647,27803618,14989776,1027525,71235,29350,50000,182,2,0,12,81,0,0,87,10,252,18692,49,134,101,49,40186,0,0,3,0,4,0,33,2,2266800000,58773000000,862981000000,62492000000,575,25158000,8,20986,750000,95000,601000,15000000,59128000,4487000000,0,245467000,176148000,9893000000,1219090,2798,5244,0,Madrid,6751000,40,2025,Non-NATO,Africa,Sub-Saharan Africa,458199494830.834,39,91,19260,19260.00000150556,0.0049471900898469924,0.4947190089846992
25,Kenya,58246378,21551160,14037377,931942,50000,0,25000,156,17,0,21,31,2,0,85,2,188,4128,18,53,0,23,0,0,0,0,0,0,0,7,0,1307383850,30514500000,314063000000,7342000000,370,25502000,4,3819,161452,0,119000,0,0,0,0,0,1168000,0,580367,536,3457,0,Khartoum,6344000,83,2025,Non-NATO,Africa,Sub-Saharan Africa,120339557905.932,82,30,4525,4525.000000515053,0.010864123757392945,1.0864123757392945
26,Myanmar,57527139,30489384,21975367,1035489,150000,20000,55000,317,58,26,30,119,5,0,83,9,445,5980,95,210,180,232,89240,0,0,3,0,6,3,146,2,2948000000,7253400000,290507000000,8590400000,73,22884000,7,5031,157000,7000,148000,139000000,16780000000,3788000000,637129000000,1268000,1453000,252000000,676578,1930,6522,12800,Singapore,6081000,37,2025,Non-NATO,,,79006113670.2831,36,392,6952,6952.000006814175,0.03731356806516157,3.731356806516157
27,South Korea,52081799,26040900,21353538,416654,600000,3100000,120000,1592,315,98,41,318,36,4,807,111,2236,58880,3270,4400,426,227,344786,0,2,22,13,17,5,35,14,46300000000,503519500000,2615000000000,420930000000,89,29611000,15,3979,100428,38000,2452000,0,55127000,59480000000,7079000000,15595000,136413000,326000000,99720,2413,237,1600,Rangoon,5610000,5,2025,Non-NATO,Asia,East Asia,1875388000000.0,4,335,67108,67108.0000064322,0.024688224516740003,2.4688224516740003
28,Sudan,50467278,26747657,17108407,1312149,92000,85000,17500,165,37,27,13,15,0,0,64,35,224,2900,100,287,192,6,0,0,0,0,0,0,0,6,0,342000000,37846000000,136039000000,206763700,41,13590000,4,7251,31000,68000,127000,1250000000,0,0,84951000000,0,0,0,1861484,853,6819,4068,Washington D.C.,5434000,73,2025,Non-NATO,Africa,,64833083257.1431,72,12,3576,3576.000000237778,0.0052750846144945535,0.5275084614494554
29,Colombia,49588357,24298295,19190694,843002,293200,35000,150000,436,16,24,86,72,23,1,257,0,0,3460,6,110,0,233,31090,0,0,4,0,7,2,217,0,10541500000,116779500000,978024000000,59041000000,662,26003000,14,2141,205379,800000,320000,2036000000,11290000000,11451000000,87782000000,58747000,7880000,4554000000,1138910,3208,6672,24725,Ankara,5397000,46,2025,Non-NATO,South America,South America,418818154879.271,45,463,4006,4006.000009336869,0.025169634785862385,2.5169634785862387
30,Uganda,49283041,16756234,9905891,985661,45000,0,10000,51,6,0,0,12,0,0,30,6,259,3862,6,26,12,0,0,0,0,0,0,0,0,0,0,985400000,11818000000,135668000000,3506500000,39,18881000,0,1244,20544,0,43000,2500000000,0,0,14158000000,0,0,800000000,241038,0,2729,0,Hanoi,5253000,114,2025,Non-NATO,Africa,,53911907086.1525,113,0,4198,4198.0,0.018277965912526662,1.8277965912526661
31,Spain,47280433,21748999,17635602,330963,133282,15150,78470,461,137,12,51,140,8,0,153,17,317,17626,95,287,0,152,215346,1,0,2,0,11,0,22,6,23397000000,2572738300000,2242000000000,103089000000,363,24108000,52,15489,683175,47000,1269000,150000000,41009000,32833000000,2549000000,1293000,8255000,1187000000,505370,4964,1953,1000,Addis Ababa,5228000,17,2025,NATO,Europe,Western Europe,1725671652742.19,16,194,18691,18691.000004103178,0.013558199187441505,1.3558199187441504
32,Algeria,47022473,22570787,19185169,752360,325000,135000,150000,608,102,42,63,87,10,5,299,74,1485,26000,224,483,266,110,82880,0,0,6,0,8,8,75,2,25000000000,3335624000,699947000000,81217000000,85,13425000,17,4020,104000,1443000,428000,12200000000,100726000000,47963000000,4504000000000,0,167000,233000000,2381740,998,6734,0,Nairobi,5119000,26,2025,Non-NATO,Africa,North Africa,269322281664.773,25,209,28576,28576.000004444682,0.09282559112995205,9.282559112995205
33,Argentina,46994384,20677529,17575900,704916,108000,0,20000,239,23,11,52,71,13,2,94,0,342,21724,55,172,26,44,122128,0,0,2,3,0,6,13,0,928897000,178940000000,1235000000000,23081000000,756,21906000,37,17866,281290,807000,706000,2483000000,43280000000,46228000000,396464000000,1318000,3391000,799999000,2780400,4989,11968,11000,Brasilia,4804000,33,2025,Non-NATO,South America,South America,649461687959.174,32,68,22477,22477.00000144698,0.001430256806862473,0.1430256806862473
34,Iraq,42083436,17675043,14308368,715418,193000,0,100000,391,26,36,15,139,17,0,197,39,1025,37288,434,610,572,68,0,0,0,0,0,0,2,26,0,7923000000,45032500000,572939000000,112233000000,71,11812000,6,2272,59623,4437000,918000,145019000000,9860000000,19298000000,3729000000000,0,0,0,438317,58,3809,5279,Kabul,4435000,43,2025,Non-NATO,Asia,Middle East,287372232137.931,42,96,39314,39314.00000228118,0.02757051348022091,2.757051348022091
35,Afghanistan,40121552,15647405,8826741,842553,0,0,80000,9,0,0,3,0,0,0,6,1,0,5202,0,0,0,0,0,0,0,0,0,0,0,0,0,290000000,1142500000,54772700000,8852092000,67,8921000,0,0,34903,0,2700,0,80200000,80200000,49554000000,4885000,1545000,66000000,652230,0,5987,1200,Rome,4298000,118,2025,Non-NATO,Asia,,20497128555.6972,117,0,5211,5211.0,0.014148323225469266,1.4148323225469266
36,Canada,38794813,16681770,13500595,426743,68000,27000,5500,351,66,0,28,95,33,6,145,0,74,21704,0,0,0,73,119637,0,0,4,0,12,0,24,0,41000000000,2337375700000,2238000000000,117551000000,1425,22110000,284,4942,1042300,5692000,2454000,170300000000,187686000000,130316000000,2067126000000,43024000,17138000,6582000000,9984670,202080,8893,636,Yaounde,4164000,28,2025,NATO,North America,North America,2243636826633.76,27,113,22129,22129.000002912762,0.01827390222575119,1.827390222575119
37,Poland,38746310,18985692,15576017,464956,202100,350000,50000,479,59,44,49,105,11,0,216,29,614,23138,677,0,196,62,0,0,0,1,0,2,2,3,26,48700000000,386947000000,1616000000000,193783000000,288,18387000,10,19461,420000,24000,722000,113000000,5551000000,20056000000,91492000000,116682000,123782000,28531000000,312685,440,2845,3997,Kampala,3846000,21,2025,NATO,Europe,Eastern Europe,917767106146.761,20,96,24231,24231.000002477656,0.053063571001652717,5.306357100165272
38,Morocco,37387585,17946041,15254135,635589,195800,150000,50000,260,83,0,31,75,4,2,78,0,903,7877,396,153,129,111,0,0,0,0,0,6,1,105,0,13400000000,45645000000,337480000000,36328000000,49,12284000,12,2067,57300,25,318000,684000,82595000,243201000,1444000000,0,11940000,96000000,715550,1835,2363,0,Abuja,3840000,59,2025,Non-NATO,Africa,North Africa,160610994054.734,58,223,9193,9193.000005964546,0.08343139944351173,8.343139944351172
39,Angola,37202061,7440412,3720206,372021,107000,0,10000,298,71,12,31,66,2,0,116,15,309,5500,25,575,113,31,0,0,0,0,0,0,0,29,0,1101360000,45774500000,265868000000,13942000000,106,15223000,21,2761,26000,1175000,127000,7783000000,5514000000,1397000000,343002000000,0,0,0,1246700,1600,5369,1300,Antananarivo,3700000,56,2025,Non-NATO,Africa,,153449860496.402,55,60,6682,6682.000001612814,0.007177328128140097,0.7177328128140097
40,Saudi Arabia,36544431,19003104,17468238,621255,257000,0,150000,917,283,81,49,202,16,22,264,34,840,19040,332,467,321,32,49727,0,0,0,0,7,9,9,3,74760000000,225610000000,1831000000000,457949000000,86,16934000,16,5410,221372,11113000,3649000,258600000000,121870000000,121870000000,9423000000000,0,164000,0,2149690,2640,4272,0,Berlin,3571000,24,2025,Non-NATO,Asia,Middle East,1239804533333.33,23,60,21264,21264.000001641838,0.06029982790835647,6.029982790835646
41,Uzbekistan,36520593,18990708,15959499,730412,48000,0,20000,192,58,13,13,7,0,0,101,34,340,2970,147,236,108,0,0,0,0,0,0,0,0,0,0,2803500000,19652500000,319174000000,34558000000,74,14270000,0,4642,86496,64000,91000,594000000,47500000000,43227000000,1841000000000,5356000,7396000,1375000000,447400,420,6893,1100,Asuncion,3511000,58,2025,Non-NATO,Asia,,114965293466.611,57,0,3738,3738.0,0.024385620350842768,2.438562035084277
42,Ukraine,35661826,18187531,12731272,392280,900000,1200000,100000,324,70,36,24,73,3,0,136,39,1114,18920,658,615,279,89,28138,0,0,0,0,0,0,33,3,53700000000,132000000000,559981000000,40510000000,148,20312000,26,21733,169694,3000,248000,395000000,18725000000,22856000000,1104000000000,4248000,10953000,34375000000,603550,2782,5581,1672,Santo Domingo,3458000,20,2025,Non-NATO,Europe,Eastern Europe,199765859570.935,19,125,20973,20973.00000350515,0.26881470194826573,26.881470194826573
43,Ghana,34589092,14873310,9961658,622604,15500,0,0,19,0,0,2,5,2,0,10,0,0,1824,0,6,6,28,0,0,0,0,0,0,0,27,0,308500000,22550000000,229639000000,3624000000,11,14887000,4,947,65725,174000,110000,660000000,3192000000,3912000000,22653000000,0,85000,0,238533,539,2420,1293,Dakar,3340000,110,2025,Non-NATO,Africa,Sub-Saharan Africa,82308110386.4641,109,55,1849,1849.0000015900966,0.003748111802731096,0.3748111802731096
44,Malaysia,34564810,16245461,13480276,553037,113000,51600,100000,135,26,12,16,31,6,4,45,0,48,13506,0,196,36,100,67735,0,0,2,0,2,6,71,4,4800000000,247500000000,1152000000000,113438000000,102,17308000,35,1851,144403,582000,717000,3600000000,75456000000,42499000000,1189000000000,3731000,35050000,226000000,329847,4675,2742,7200,Sanaa,3292000,42,2025,Non-NATO,Asia,Southeast Asia,422227005428.688,41,185,13885,13885.000005352264,0.011368292265262734,1.1368292265262734
45,Mozambique,33350954,14674420,7770772,533615,11200,0,3000,22,8,0,4,1,1,0,8,2,30,872,0,52,6,33,0,0,0,0,0,0,0,33,0,412400000,12100000000,50631000000,3515000000,92,15191000,11,4787,31083,0,40000,0,5388000000,1347000000,2832000000000,9015000,11000,1792000000,799380,2470,4783,460,Kuwait,3239000,89,2025,Non-NATO,Africa,,22745341305.0622,88,66,976,976.0000019789538,0.018131185391718714,1.8131185391718714
46,Peru,32600249,15648120,12681497,619405,120000,385000,60000,256,15,22,38,72,12,0,111,16,240,6560,12,290,49,71,170344,0,0,4,0,7,8,13,0,3420000000,59400000000,517644000000,71394000000,166,18529000,20,1855,18699,118000,210000,858890000,12270000000,7185000000,300159000000,153000,712000,1567000000,1285216,2414,7062,8808,Lusaka,3181000,49,2025,Non-NATO,South America,South America,289221969062.941,48,103,7346,7346.0000031594855,0.01182482786864553,1.182482786864553
47,Yemen,32140443,12213368,9031464,610668,66700,0,20000,84,27,12,2,15,0,0,30,7,0,550,0,15,10,33,0,0,0,0,0,0,1,12,1,810375000,6343500000,67003300000,923361750,36,6883000,10,0,71300,15000,60000,3000000000,189432000,189432000,478555000000,0,165000,0,527968,1906,1601,0,Pyongyang,3158000,85,2025,Non-NATO,,,21606160000.0,84,47,649,649.0000014623321,0.03750666476597415,3.7506664765974147
48,Venezuela,31250306,15625153,12812625,625006,109000,8000,220000,229,30,0,49,75,3,1,88,10,172,8802,48,100,36,34,0,0,0,1,0,1,0,25,0,4093120000,110330000000,295974800000,10095500000,502,11548000,31,447,96189,761000,367000,303806000000,17696000000,17696000000,5674000000000,197000,82000,730999000,912050,2800,5267,7100,Athens,3154000,50,2025,Non-NATO,South America,,119803000000.0,49,61,9303,9303.000001951981,0.03416542156707261,3.416542156707261
49,Nepal,31122387,15249970,11733140,778060,95000,0,15000,15,0,0,5,0,0,0,10,0,0,1108,0,14,0,0,0,0,0,0,0,0,0,0,0,409100000,5838500000,144310000000,12456000000,51,8937000,0,59,27990,0,62000,0,0,0,0,15000,1095000,8000000,147181,0,3159,0,Ouagadougou,3056000,126,2025,Non-NATO,Asia,South Asia,42914268286.7109,125,0,1137,1137.0,0.0095329599299421,0.95329599299421
50,Cameroon,30966105,10528476,6224187,495458,40000,0,12500,35,0,0,6,6,2,0,21,0,0,430,18,52,20,51,0,0,0,0,0,0,0,51,0,554952283,9506000000,138925000000,5754093000,37,11965000,7,987,77589,54000,40000,200000000,2595000000,877058000,135071000000,0,0,0,475440,400,5018,0,Guatemala City,3036000,93,2025,Non-NATO,Africa,,53296694320.2057,92,102,517,517.0000032939241,0.010412508506922689,1.0412508506922689
51,Ivory Coast,29981758,12292521,7855221,569653,22000,0,5500,19,0,0,4,2,3,0,10,3,5,656,0,2,3,3,0,0,0,0,0,0,0,3,0,669600935,19311500000,202758000000,7583484000,29,10954000,5,660,81996,29000,60000,100000000,2635000000,2635000000,28317000000,0,0,0,322463,515,3458,980,Lisbon,3001000,102,2025,Non-NATO,Africa,,87113180000.0,101,6,682,682.0000002001217,0.007686562871427722,0.7686562871427721
52,Madagascar,29452714,11192031,7952233,559602,13500,0,8100,5,0,0,0,0,0,0,5,0,6,158,0,9,0,6,0,0,0,0,0,0,0,4,0,112210000,3028500000,51255000000,2632000000,91,15830000,13,836,31640,0,19000,0,0,0,0,0,511000,150000000,587040,4828,0,600,Caracas,2972000,130,2025,Non-NATO,Africa,,17420501490.1231,129,10,178,178.00000033952728,0.006441261180891933,0.6441261180891933
53,Australia,26768598,11242811,9208398,294455,57350,32050,0,327,24,62,38,98,30,6,69,22,59,15648,0,48,0,44,185648,0,2,6,3,7,0,10,3,55700000000,3427504300000,1584000000000,61703000000,2180,14501000,66,36064,873573,386000,1123000,2446000000,153783000000,50188000000,3228000000000,465865000,107624000,150227000000,7741220,25760,0,2000,Kyiv,2884000,18,2025,Non-NATO,Oceania,Oceania,1757022451652.83,17,75,16082,16082.000002801791,0.03170135927836496,3.1701359278364962
54,Niger,26342784,7902835,5294900,447827,25000,0,5000,26,0,2,7,0,2,0,13,1,0,456,0,0,0,0,0,0,0,0,0,0,0,0,0,336400000,3844000000,44561000000,1442772000,26,10237000,0,0,18949,6000,13000,150000000,29509000,29858000,0,457000,457000,90000000,1267000,0,5834,300,Algiers,2854000,119,2025,Non-NATO,Africa,,19876128485.7857,118,0,482,482.0,0.016924825186181228,1.6924825186181227
55,North Korea,26298666,9467520,5312331,420779,1320000,560000,100000,861,368,114,1,173,0,0,205,20,4344,18288,1300,700,1500,207,143304,0,0,13,0,2,4,155,1,4736000000,5500000000,72000000000,5500000000,83,15837000,10,7435,25554,0,17000,0,0,0,0,21747000,21747000,10600000000,120538,2495,1607,2250,Pretoria,2818000,34,2025,Non-NATO,Asia,East Asia,15000000000.0,33,382,24193,24193.000014525453,0.3157333333333333,31.57333333333333
56,Syria,23865423,15273871,13245310,668232,170000,50000,50000,207,104,9,3,15,1,0,77,14,365,11148,90,641,204,27,0,0,0,0,0,0,0,16,4,291850000,4309500000,55935900000,341962500,39,6315000,3,2052,69873,75000,138000,2500000000,3085000000,3084000000,240693000000,0,47000,0,187437,193,2363,900,Bamako,2817000,64,2025,Non-NATO,,,23622830000.0,63,47,12361,12361.000001969376,0.012354573943934745,1.2354573943934746
57,Taiwan,23595274,12269542,1061787,306739,215000,2310000,55000,761,285,0,19,232,18,0,236,91,888,19921,488,1360,234,97,250414,0,0,4,4,22,7,37,14,19740000000,209000000000,1257300000000,492635000000,53,11498000,8,1613,43206,800,1022000,2380000,63747000,21157000000,6230000000,5608000,66855000,1000000,35980,1566,0,0,Taipei,2754000,22,2025,Non-NATO,Asia,East Asia,900000000000.0,21,185,22930,22930.000007840554,0.021933333333333332,2.1933333333333334
58,Burkina Faso,23042199,8525614,6060098,368675,12000,0,4500,25,0,3,2,0,2,0,18,5,0,491,0,8,9,0,0,0,0,0,0,0,0,0,0,81280000,3145000000,57152000000,47138000,49,8577000,0,622,15304,0,36000,0,0,0,0,0,0,0,274200,0,3611,0,Brazzaville,2638000,129,2025,Non-NATO,Africa,,23124729853.0218,128,0,524,524.0,0.0035148518714210545,0.35148518714210547
59,Mali,21990607,6817088,4288168,351850,40000,0,4800,43,9,12,7,4,1,0,10,8,10,570,0,10,20,0,0,0,0,0,0,0,0,0,0,650386000,4057500000,57235000000,647800000,30,8277000,0,593,139107,0,46000,0,0,0,0,0,0,0,1240192,0,7908,1800,Mogadishu,2610000,104,2025,Non-NATO,Africa,,26794747239.8805,103,0,633,633.0,0.02427289177902693,2.427289177902693
60,Sri Lanka,21982608,10551652,8551235,307757,346000,90000,0,85,5,0,14,8,3,0,55,9,44,3190,0,96,28,270,27136,0,0,0,0,5,0,59,0,1265400000,46409500000,287132000000,3450700000,18,8707000,6,1562,114093,0,121000,0,0,0,0,0,2084000,0,65610,1340,0,160,Accra,2605000,69,2025,Non-NATO,Asia,South Asia,98963185509.6499,68,334,3415,3415.0000151938298,0.012786573042119899,1.2786573042119898
61,Zambia,20799116,7279691,4139024,374384,15150,0,1200,77,0,0,13,34,0,0,32,0,35,424,12,30,25,0,0,0,0,0,0,0,0,0,0,394240000,13200000000,76493000000,2861000000,119,7051000,0,3126,67671,0,34000,0,0,0,0,831000,823000,944999000,752618,0,6043,0,Tashkent,2603000,109,2025,Non-NATO,,,29163782140.4858,108,0,566,566.0,0.01351813691725215,1.3518136917252148
62,Kazakhstan,20260006,9117003,6928922,283640,110000,135000,55000,198,63,25,19,26,0,0,65,12,350,7736,126,194,287,26,0,0,0,0,0,0,0,23,2,2048700000,91321500000,705520000000,35965000000,132,9587000,0,16636,96167,1955000,288000,30000000000,27011000000,22623000000,2407000000000,118195000,84852000,25605000000,2724900,26,13364,43983,Damascus,2585000,57,2025,Non-NATO,Asia,,291480274648.826,56,51,8478,8478.000002517274,0.007028605975029576,0.7028605975029576
63,Chad,19093595,6873694,3856906,381872,33250,0,5000,40,0,7,7,8,2,0,16,3,90,3316,10,10,20,0,0,0,0,0,0,0,0,0,0,381350000,2038000000,32446000000,211591000,42,5806000,0,0,40000,124000,15000,1500000000,0,0,0,0,0,0,1284000,0,6406,12400,Tunis,2475000,84,2025,Non-NATO,Africa,,19518819751.283,83,0,3456,3456.0,0.019537554260929804,1.9537554260929804
64,Senegal,18847519,7162057,4089912,395798,17000,0,0,40,0,0,5,23,1,0,20,5,0,1740,0,20,6,4,0,0,0,0,0,0,0,4,0,465150000,11326000000,77382000000,889295000,19,5257000,6,906,16665,9000,55000,0,54646000,54498000,0,0,502000,0,196722,531,2684,1000,Beirut,2433000,125,2025,Non-NATO,Africa,,32808056600.9436,124,8,1800,1800.0000004244591,0.014177919943804953,1.4177919943804953
65,Chile,18664652,8959033,7521855,298634,80000,40000,50000,277,45,0,32,92,21,5,87,0,386,8832,48,249,8,130,176065,0,0,4,0,8,0,40,0,5032500000,214500000000,579201000000,46377000000,374,9848000,39,7282,77801,11000,405000,150000000,1200000000,6916000000,97976000000,499000,8637000,1181000000,756102,6435,7801,12290,Baku,2401000,47,2025,Non-NATO,South America,South America,335518054097.637,46,182,9744,9744.000009751053,0.014999192855760672,1.4999192855760672
66,Ecuador,18309984,8422593,6738074,329580,41250,118000,1500,102,0,0,20,34,8,0,46,0,54,5204,5,106,24,30,0,0,0,2,0,2,6,5,0,2376000000,44898000000,260213000000,4442000000,310,8893000,6,965,43950,480000,225000,8273000000,309778000,309778000,10902000000,0,21000,24000000,283560,2237,2237,1500,Phnom Penh,2211000,65,2025,Non-NATO,South America,,124676074700.0,64,45,5466,5466.000002457676,0.019057385354144456,1.9057385354144456
67,Guatemala,18255216,7484639,6279794,182552,106114,90000,35000,36,0,4,10,0,0,0,21,0,5,688,0,50,0,25,0,0,0,0,0,0,0,20,0,408635000,27500000000,223183000000,21311000000,58,7258000,3,800,17440,6000,115000,86110000,3276000,2986000,0,0,1296000,0,108889,400,1667,990,Amman,2210000,103,2025,Non-NATO,North America,,113199581158.203,102,45,779,779.0000024650489,0.003609863179872625,0.3609863179872625
68,Romania,18148155,9437041,7731114,199630,81300,55000,15000,140,21,0,14,44,2,0,65,0,328,10774,0,720,243,20,0,0,0,0,0,3,7,3,5,9700000000,132000000000,772107000000,73000000000,82,8282000,11,10628,84185,67000,221000,600000000,9501000000,10055000000,105480000000,18160000,19404000,291000000,238391,225,2844,1731,Havana,2146000,51,2025,NATO,Europe,Eastern Europe,382564217988.866,50,38,11962,11962.000002093877,0.02535522023202469,2.5355220232024687
69,Netherlands,17772378,7997570,6486918,195496,41380,6765,5000,120,32,0,4,21,0,0,63,12,18,2755,46,0,2,64,124962,0,0,3,0,6,0,4,4,27000000000,4779954300000,1240000000000,69830000000,45,9999000,18,3055,139124,70000,872000,137747000,17774000000,33243000000,132608000000,1825000,10610000,3247000000,41543,451,1053,6237,Brussels,2110000,36,2025,NATO,Europe,Western Europe,1214927698572.66,35,81,2893,2893.0000045576344,0.022223544686420894,2.2223544686420893
70,Zimbabwe,17150352,6517134,3721626,360157,29000,0,21800,95,13,0,14,40,0,0,28,6,15,828,0,0,0,0,0,0,0,0,0,0,0,0,0,530800000,11000000000,58583000000,115530000,144,6561000,0,3427,97267,800,29000,0,0,0,0,3877000,4479000,502000000,390757,0,3229,0,Minsk,2049000,111,2025,Non-NATO,,,51035657370.5179,110,0,938,938.0,0.010400571430801843,1.0400571430801844
71,Cambodia,17063669,8190561,5733393,307146,221000,0,10000,25,0,0,4,0,0,0,21,0,644,3627,30,430,463,20,0,0,0,0,0,0,0,20,0,860000000,13200000000,85900000000,17801000000,13,9175000,2,642,47263,0,73000,0,0,0,0,113000,2215000,0,181035,443,2530,3700,Panama City,1977000,95,2025,Non-NATO,Asia,Southeast Asia,46352647037.2406,94,40,4726,4726.000002344162,0.01855341722575325,1.8553417225753248
72,Benin,14697052,5584880,3189260,308638,4750,0,0,5,0,0,0,0,0,0,5,0,0,92,0,16,0,2,0,0,0,0,0,0,0,2,0,98350000,4066500000,52510000000,698900000,10,4964000,1,438,16000,0,46000,8000000,0,182131000,1133000000,0,45000,0,112622,121,2123,150,Vienna,1960000,144,2025,Non-NATO,Africa,,21482643706.4249,143,4,113,113.00000027216342,0.004578114376611203,0.45781143766112026
73,Somalia,13017273,2993973,1796384,130173,15000,0,2000,0,0,0,0,0,0,0,0,0,0,682,0,0,0,10,0,0,0,0,0,0,0,10,0,171002350,5830000000,26351000000,16747500,38,3277000,6,0,15000,0,6000,0,0,0,5663000000,0,0,0,637657,3025,2385,0,Rabat,1959000,142,2025,Non-NATO,Africa,,26700000000.0,141,20,682,682.0000015364201,0.006404582397003746,0.6404582397003745
74,South Sudan,12703714,6351857,4065188,330297,185000,0,0,20,0,0,5,0,0,0,15,6,30,1950,24,0,15,0,0,0,0,0,0,0,0,0,0,175300000,2475000000,20010000000,183615000,82,4471000,0,248,90200,146000,14000,3750000000,0,0,0,0,0,0,644329,0,6018,0,Quito,1928000,113,2025,Non-NATO,Africa,,18426469016.9492,112,0,2000,2000.0,0.009513488440935374,0.9513488440935374
75,Bolivia,12311974,5417269,4112199,233928,40000,40000,0,64,0,0,15,19,0,0,33,0,54,890,0,106,0,67,0,0,0,0,0,0,0,50,0,550200000,11431000000,119785000000,1800000000,200,6114000,0,3690,90568,58000,87000,240900000,13760000000,3055000000,302990000000,0,9000,1000000,1098581,0,7252,10000,La Paz,1908000,80,2025,Non-NATO,South America,,54881327452.9667,79,117,1114,1114.000009502944,0.010025267710069905,1.0025267710069905
76,Tunisia,12048847,6024424,5181004,204830,89800,0,12000,154,10,0,11,28,4,0,101,0,90,7913,0,85,0,58,0,0,0,0,0,0,0,51,0,1400000000,27084500000,153637000000,9240000000,14,4445000,16,2173,20000,35000,108000,425000000,1323000000,5153000000,65129000000,0,2000,0,163610,1148,1495,0,Warsaw,1798000,90,2025,Non-NATO,Africa,North Africa,51332285656.5422,89,109,8242,8242.00000904651,0.027273283901036907,2.7273283901036907
77,Belgium,11977634,4910830,3880753,119776,25000,6400,0,108,43,0,7,38,0,0,20,0,0,4606,0,0,0,9,10190,0,0,0,0,2,0,2,5,10200000000,1449264300000,751592000000,40813000000,49,5432000,7,3602,118414,11000,585000,0,13436000,15347000000,0,1270000,4869000,4100000000,30528,67,1297,2043,Bucharest,1776000,61,2025,NATO,Europe,Western Europe,671370081636.406,60,18,4714,4714.000001502801,0.015192812844948929,1.5192812844948929
78,Jordan,11174024,3463947,2983464,145262,100500,65000,35000,274,44,6,13,66,13,0,155,44,1458,16624,358,80,56,27,0,0,0,0,0,0,0,27,0,2500000000,25646500000,106806000000,15715600000,17,3063000,1,509,7203,20,97000,1000000,187262000,4382000000,6031000000,0,479000,0,89342,26,1744,0,Budapest,1775000,75,2025,Non-NATO,Asia,Middle East,53352289577.4648,74,54,18436,18436.000004832636,0.04685834515817972,4.685834515817972
79,Cuba,10966038,5921661,4737328,142558,45500,40000,1145000,31,11,0,4,3,0,0,13,4,113,6864,60,130,15,19,0,0,0,0,0,1,1,6,4,4508784000,33066000000,141400000000,10442000000,123,5317000,34,8367,60000,34000,165000,124000000,659434000,659434000,70792000000,0,2000,0,110860,3735,29,240,Montevideo,1774000,67,2025,Non-NATO,North America,,107352000000.0,66,31,7138,7138.00000282691,0.042,4.2
80,Czechia,10837890,5093808,4129236,97541,28000,4200,0,99,12,16,10,17,2,0,42,4,43,6340,50,0,16,0,0,0,0,0,0,0,0,0,0,6750000000,211200000000,519007000000,148379000000,243,5502000,0,9548,55744,4000,211000,15000000,224725000,7602000000,3964000000,37423000,40239000,3595000000,78867,0,2046,664,Stockholm,1700000,53,2025,NATO,,,347034062928.479,52,0,6482,6482.0,0.0194505402237449,1.94505402237449
81,Dominican Republic,10815857,4975294,4034315,97343,50000,0,30000,79,0,8,11,17,1,0,50,0,5,540,0,11,0,34,0,0,0,0,0,0,0,14,0,810800000,27500000000,261616000000,15547000000,32,5302000,17,496,19705,0,134000,0,0,2440000000,0,0,2188000,0,48320,1288,376,0,Ulaanbaatar,1673000,124,2025,Non-NATO,North America,,124282245638.568,123,48,635,635.0000044379285,0.0065238602330853586,0.6523860233085359
82,Azerbaijan,10650239,5218617,3908638,159754,126400,300000,15000,154,12,18,3,35,0,0,86,16,497,7642,198,650,268,38,0,0,0,4,0,0,0,17,4,5000000000,16159500000,215896000000,13749000000,32,5473000,0,2944,24981,618000,105000,7000000000,34175000000,11759000000,1699000000000,0,60000,0,86600,713,2468,0,Muscat,1650000,60,2025,Non-NATO,Asia,,78807470588.2353,59,63,8943,8943.00000591536,0.06344576171115458,6.344576171115459
83,Portugal,10639726,5319863,4096295,127677,24000,211700,24700,115,28,0,19,23,14,3,31,0,34,10828,24,115,0,194,38657,0,0,2,0,5,2,20,0,4627000000,399395000000,529901000000,53710000000,136,5140900,18,3622,136635,12932,191000,22440000,0,4500000000,72000000000,0,0,40000000,92090,1793,1224,764,Monrovia,1623000,39,2025,NATO,Europe,Western Europe,313271185085.102,38,223,11092,11092.000020959187,0.014769950829480369,1.476995082948037
84,Sweden,10589835,4235934,3558185,105898,24400,32900,25000,169,71,0,6,33,5,1,53,0,110,6795,26,0,0,308,31673,0,0,4,0,0,7,179,8,13000000000,1002448700000,676353000000,60863000000,203,5825000,92,10910,573134,11000,283000,0,0,889924000,0,1115000,3396000,5000000,450295,3218,2211,2052,Harare,1578000,27,2025,Non-NATO,Europe,,631693331300.776,26,506,7074,7074.00004778167,0.02057960620421707,2.057960620421707
85,Greece,10461091,4916713,3985676,104611,142700,221350,55000,558,178,0,15,81,8,0,293,29,1344,61888,589,698,152,192,216348,0,0,10,0,13,0,39,7,6500000000,550000000000,375780000000,13608000000,81,4645000,57,2345,117000,5000,303000,10000000,3284000,5173000000,991090000,13703000,13988000,2876000000,131957,13676,1110,6,Kathmandu,1571000,30,2025,NATO,Europe,,351121399546.485,29,261,64488,64488.00002494959,0.018512115776467976,1.8512115776467977
86,Tajikistan,10394063,4781269,3773045,176699,9500,600000,20000,25,0,0,1,4,0,0,20,6,38,1240,3,13,20,0,0,0,0,0,0,0,0,0,0,446000000,7150000000,46467000000,2748900000,19,2677000,0,680,30000,300,28000,12000000,18476000,85567000,5663000000,2175000,2245000,4075000000,144100,0,4130,200,Abu Dhabi,1567000,108,2025,Non-NATO,Asia,,14204575548.5536,107,0,1316,1316.0,0.03139833347892008,3.139833347892008
87,United Arab Emirates,10032213,5818684,4945881,80258,65000,130000,12000,551,99,16,37,147,27,4,247,30,354,8707,165,99,49,181,44188,0,0,0,0,0,11,34,2,2212360382,264000000000,719733000000,189491000000,42,6668000,20,0,4080,4146000,939000,97800000000,56683000000,66091000000,6091000000,0,3273000,0,83600,1318,1066,0,N Djamena,1533000,54,2025,Non-NATO,Asia,Middle East,552324846834.581,53,228,9711,9711.00002272679,0.004005542018758017,0.4005542018758017
88,Hungary,9855745,4632200,3794462,118269,41600,20000,15000,69,12,0,3,12,0,0,44,8,209,7797,24,295,0,0,0,0,0,0,0,0,0,0,0,4576000000,137500000000,388906000000,45719000000,109,5006000,0,7687,203601,36000,175000,12100000,1523000000,9485000000,3738000000,5450000,6180000,2909000000,103000,0,2106,1622,Tegucigalpa,1527000,55,2025,NATO,Europe,Eastern Europe,222722738925.641,54,0,8370,8370.0,0.020545724348009924,2.0545724348009924
89,Honduras,9529188,4192843,3144632,95292,52225,60000,23000,40,4,7,10,10,1,0,8,0,11,614,0,32,0,98,0,0,0,0,0,0,0,93,0,413635000,8805500000,68854000000,7543000000,129,4676000,8,699,14742,20,67000,0,0,0,0,0,190000,0,112090,832,1575,465,Nouakchott,1492000,101,2025,Non-NATO,North America,,37093565854.0437,100,191,697,697.0000200436805,0.011151125282146693,1.1151125282146692
90,Belarus,9501451,5035769,3724569,104516,63000,145000,55000,185,36,50,4,27,0,0,68,29,507,6916,357,215,206,0,0,0,0,0,0,0,0,0,0,1077900000,44000000000,254407000000,8118000000,46,4956000,0,5528,86600,30000,131000,198000000,73929000,16683000000,2832000000,0,778000,0,207600,0,3599,2500,Niamey,1437000,70,2025,Non-NATO,,,78813069120.9984,69,0,7823,7823.0,0.01367666571067224,1.367666571067224
91,Israel,9402617,3949099,3281513,131637,170000,465000,35000,611,240,38,13,159,19,14,147,48,1300,35985,352,171,183,62,38238,0,0,5,0,0,7,46,0,30500000000,148500000000,471030000000,204661000000,37,4554000,5,1497,20391,15000,230000,12730000,22886000000,11510000000,176018000000,0,6476000,0,21937,273,1068,0,Ottawa,1423000,15,2025,Non-NATO,Asia,Middle East,540379921261.681,14,120,38067,38067.0000127624,0.056441771427754917,5.644177142775492
92,Sierra Leone,9121049,2006631,1203978,45605,13000,0,0,1,0,0,0,0,0,0,1,0,0,150,0,0,0,7,0,0,0,0,0,0,0,7,0,228600000,2687000000,14633000000,495699000,8,2913000,3,0,11701,0,9000,0,0,0,0,0,0,0,71740,402,1093,800,Belgrade,1408000,140,2025,Non-NATO,,,7686138790.90872,139,14,151,151.00000153491118,0.029741851691566058,2.974185169156606
93,Austria,8967982,4035592,3632033,98648,16000,125600,0,85,15,0,11,18,0,0,41,0,56,7322,30,0,0,0,0,0,0,0,0,0,0,0,0,5475750000,630000000000,590354000000,31212000000,61,4825000,0,6123,137039,18000,245000,35200000,618209000,8136000000,5040000000,1271000,5026000,0,83871,0,2524,358,Copenhagen,1370000,68,2025,Non-NATO,Europe,Western Europe,534790720466.822,67,0,7463,7463.0,0.010239052007522093,1.0239052007522091
94,Switzerland,8860574,3898653,3163225,97466,101584,49715,5000,146,43,0,16,44,3,0,40,0,205,6996,133,0,0,0,0,0,0,0,0,0,0,0,0,25039000000,2200000000000,733779000000,863892000000,62,4991000,0,5296,71557,300,193000,0,0,3138000000,0,0,161000,0,41277,0,1770,1292,Helsinki,1328000,44,2025,Non-NATO,Europe,Western Europe,936564198048.516,43,0,7347,7347.0,0.026734953196132026,2.6734953196132025
95,Laos,7953556,3499565,2521277,159071,100000,30000,120000,33,0,0,2,8,0,0,23,0,160,4380,40,87,64,36,0,0,0,0,0,0,0,36,0,135000000,16500000000,64173000000,1770000000,18,3174000,0,422,39568,0,24000,0,0,0,0,14845000,13691000,62000000,236800,0,5274,4600,Prague,1318000,106,2025,Non-NATO,Asia,Southeast Asia,16502930000.0,105,72,4660,4660.000009052555,0.00818036554720889,0.818036554720889
96,Paraguay,7522549,3535598,3001497,150451,15650,168500,15000,39,0,0,11,13,1,0,14,0,0,1108,0,25,0,72,0,0,0,0,0,0,0,63,0,17595000000,14370000000,108022000000,9886000000,83,3469000,1,30,78811,2000,57000,0,0,0,0,0,1000,0,406752,0,4655,3100,Freetown,1309000,87,2025,Non-NATO,South America,,44458118397.4445,86,135,1172,1172.0000179460446,0.39576573715300056,39.57657371530006
97,Libya,7361263,3827857,3290485,125141,32000,0,100000,143,10,1,6,38,0,0,16,4,43,1816,15,28,25,5,0,0,0,0,0,0,1,1,1,3060000000,3322000000,121951000000,92427000000,66,2398000,14,2000,37000,1245000,230000,48363000000,11832000000,9212000000,1505000000000,0,0,0,1759540,1770,4339,0,Sofia,1287000,76,2025,Non-NATO,Africa,North Africa,92540938129.1315,75,8,2030,2030.00000108677,0.03306644671928958,3.3066446719289577
98,Bulgaria,6782659,3187850,2611324,61044,37000,3000,0,65,10,5,6,21,0,0,27,4,90,4914,48,24,24,36,0,0,0,0,0,4,3,0,10,1373232000,27138500000,214061000000,46334000000,111,3103000,2,4029,19512,4000,101000,15000000,20837000,2801000000,5663000000,35516000,35970000,2366000000,110880,354,1806,470,Dublin,1256000,62,2025,NATO,Europe,Eastern Europe,113343355779.985,61,53,5093,5093.000007814045,0.012115681510838904,1.2115681510838905
99,Nicaragua,6676948,3271705,2777610,146893,45000,0,5500,17,0,0,5,1,0,0,11,0,89,1869,0,0,0,23,0,0,0,0,0,0,0,23,0,92000000,9053000000,51088000000,5447000000,39,3264000,5,0,23897,200,36000,0,0,0,0,0,0,0,130370,910,1253,2220,Nur-Sultan,1254000,131,2025,Non-NATO,North America,,19693982967.5926,130,46,1975,1975.0000068893753,0.004671477585381811,0.4671477585381811
100,Serbia,6652212,3259584,2574406,79827,25000,2000,600000,110,11,17,3,33,0,0,46,4,262,3683,90,150,98,20,0,0,0,0,0,0,0,7,5,2287461000,35200000000,162213000000,27569000000,43,3333000,0,3333,44248,13000,82000,77500000,353376000,2939000000,48139000000,35129000,38297000,7514000000,77474,0,2322,587,Islamabad,1232000,63,2025,Non-NATO,Europe,Eastern Europe,90097765959.1114,62,32,4205,4205.00000481043,0.02538865393219746,2.538865393219746
101,El Salvador,6628702,3181777,2512278,145831,25000,10000,15000,52,0,15,4,10,0,0,30,0,0,1844,0,76,0,14,0,0,0,0,0,0,0,10,0,334620000,14258000000,71957000000,3799434000,27,2870000,3,13,9012,3,58000,0,0,226472,0,0,500,0,21041,307,590,422,Tripoli,1176000,128,2025,Non-NATO,North America,,35364960000.0,127,24,1972,1972.0000036206184,0.00946190805814569,0.9461908058145689
102,Eritrea,6343956,2220385,1598677,76127,120000,130000,0,20,1,0,5,1,0,0,13,6,65,860,23,75,22,23,0,0,0,0,0,0,0,18,0,198000000,635504500,9702000000,225014976,10,1800000,2,306,16000,0,4000,0,0,0,0,0,0,0,117600,2234,1840,0,Amsterdam,1174000,120,2025,Non-NATO,Africa,,2065001626.01626,119,41,1020,1020.0000064628443,0.09588370173924547,9.588370173924547
103,Kyrgyzstan,6172101,3147772,2487357,117270,23000,300000,55000,7,0,0,0,0,0,0,7,2,215,2686,30,169,21,0,0,0,0,0,0,0,0,0,0,221800000,6728500000,45461000000,3237000000,28,3069000,0,424,34000,6000,31000,40000000,31026000,438000000,5663000000,3637000,3352000,28499000000,199951,0,4573,576,Maputo,1163000,105,2025,Non-NATO,Asia,,17478260000.0,104,0,3077,3077.0,0.01269005038258957,1.269005038258957
104,Republic of the Congo,6097665,2256136,1353682,115856,8500,0,2500,13,2,0,4,0,0,0,7,1,30,644,2,38,30,4,0,0,0,0,0,0,0,0,0,306400000,5741000000,38163000000,715391000,56,2461000,5,510,23324,267000,12000,2885000000,423000000,423000000,283990000000,0,0,0,342000,169,5008,1120,San Salvador,1111000,121,2025,Non-NATO,,,15719990000.0,120,4,725,725.0000006559889,0.019491106546505436,1.9491106546505437
105,Singapore,6028459,3918498,2628408,66313,51000,252500,12000,230,100,0,9,36,9,11,70,18,170,8998,48,89,24,50,81340,0,0,6,0,6,6,12,4,15000000000,1713410600000,754758000000,359835000000,9,3619000,5,0,3500,0,1470000,0,0,13724000000,0,0,784000,0,719,193,0,0,Managua,1095000,29,2025,Non-NATO,,,547386645891.847,28,84,9487,9487.00001393391,0.027402933762771607,2.740293376277161
106,Denmark,5973136,2628180,2126436,77651,20000,12000,51000,117,31,4,4,41,3,0,34,0,44,3856,19,0,8,50,121180,0,0,0,0,9,0,9,6,7225466250,555500000000,428385000000,109371000000,99,3180000,69,2682,74558,63000,152000,441000000,1879000000,2208000000,29534000000,0,1788000,0,43094,7314,140,400,Yerevan,1092000,45,2025,NATO,Europe,,424524722037.047,44,74,4017,4017.000012388802,0.01702013068951366,1.702013068951366
107,Turkmenistan,5744151,2768681,2245963,109139,36500,0,3500,91,24,27,5,9,0,0,26,10,654,5016,73,450,164,16,0,0,0,0,0,0,0,16,0,1078020000,2134500000,94790000000,23415400000,23,2163000,0,5113,58592,272000,152000,600000000,86472000000,41561000000,11327000000000,0,0,800000000,488100,1768,4158,1300,Oslo,1086000,77,2025,Non-NATO,Asia,,51387209872.2994,76,32,6211,6211.000005570884,0.020978371907697472,2.0978371907697473
108,Central African Republic,5650957,2203873,1254512,101717,10000,0,1000,6,0,6,0,0,0,0,0,0,0,228,0,0,0,0,0,0,0,0,0,0,0,0,0,45990000,666293000,5849000000,374405000,43,2114000,0,0,24000,0,2000,0,0,0,0,0,0,3000000,622984,0,5920,2800,Bishkek,1082000,143,2025,Non-NATO,Africa,,2751494281.06887,142,0,234,234.0,0.0167145540939065,1.67145540939065
109,Finland,5626414,2306830,1912981,56264,24000,870000,53800,163,54,0,11,77,1,0,27,0,200,11704,107,667,76,264,19434,0,0,0,0,0,0,8,18,6779661000,660000000000,321126000000,16929000000,98,2880000,37,5918,454000,8000,175000,0,0,1157000000,0,808000,4141000,0,338145,1250,2563,8000,Tblisi,1080000,48,2025,Non-NATO,Europe,,298696961297.656,47,290,12734,12734.000051542598,0.022697455543392576,2.2697455543392575
110,Slovakia,5563649,2837461,2353424,61200,19500,0,0,41,2,0,7,9,1,0,22,0,45,3074,35,9,25,0,0,0,0,0,0,0,0,0,0,2656000000,127600000000,213053000000,11288000000,114,2823000,0,3627,56926,7000,94000,9000000,52556000,60424000,14158000000,2343000,5794000,19000000,49035,0,1587,172,Asmara,1035000,71,2025,NATO,Europe,,140934100000.0,70,0,3169,3169.0,0.0188456874525044,1.8845687452504398
111,Norway,5509733,2203893,1807192,71627,23250,0,40000,97,0,32,4,23,5,0,33,0,44,6552,42,0,0,43,65692,0,0,6,0,4,6,18,5,9710000000,716144000000,499528000000,80459000000,145,3009000,141,3848,94902,2020000,229000,8122200000,123727000000,4548000000,1544455000000,117000,1201000,2000000,323802,25148,2566,1577,Dushanbe,987000,38,2025,NATO,Europe,,596297651035.798,37,82,6693,6693.000014882754,0.016283813936099293,1.6283813936099294
112,Liberia,5437249,2392390,1913912,65247,1500,0,5500,0,0,0,0,0,0,0,0,0,0,300,0,0,0,4,0,0,0,0,0,0,0,4,0,364800000,830923000,8884000000,599660000,99,2499000,4,429,10600,0,4000,0,0,0,0,0,0,0,111369,579,1667,0,Jerusalem,970000,138,2025,Non-NATO,Africa,,4779300900.0,137,8,300,300.00000147133227,0.07632915516995384,7.632915516995384
113,Lebanon,5364482,2092148,1775644,69738,60000,35000,65000,80,0,9,0,9,0,0,68,0,116,4538,12,353,11,64,0,0,0,0,0,0,0,61,0,768250325,36928000000,65818000000,26498095000,8,1771000,5,401,21705,0,174000,0,0,0,0,0,207000,0,10400,225,484,0,Bangui,933000,115,2025,Non-NATO,Asia,Middle East,54901519155.5556,114,125,5087,5087.000023301411,0.013993243480627058,1.3993243480627058
114,Ireland,5233461,2407392,1999182,57568,7765,1700,0,22,0,0,4,8,2,0,8,0,0,1712,0,0,0,8,0,0,0,0,0,0,0,8,0,1500000000,3300000000000,608463000000,12905000000,100,2766000,21,1688,99830,600,156000,0,1447000000,5280000000,9911000000,0,1322000,40000000,70273,1448,443,956,Ashgabat,902000,97,2025,Non-NATO,Europe,,609157459747.205,96,16,1734,1734.0000030572503,0.0024624175178327243,0.24624175178327243
115,New Zealand,5161211,2219321,1775457,61935,8670,3250,300,48,0,0,8,13,6,0,21,0,0,2114,0,31,0,8,0,0,0,0,0,2,0,4,0,3030000000,209683100000,254770000000,15487000000,202,3068000,22,4128,94000,12000,154000,40993000,3770000000,3819000000,31149000000,3036000,2441000,7575000000,268838,15134,0,0,Libreville,857000,86,2025,Non-NATO,Oceania,Oceania,260172385097.616,85,14,2193,2193.0000027125416,0.011646124544936435,1.1646124544936436
116,Georgia,4900961,2744538,2225036,93118,55000,152500,0,61,0,5,2,10,0,0,44,11,123,3392,67,121,42,19,0,0,0,0,0,0,0,31,4,495629055,13488000000,83656000000,5002000000,19,1853000,3,1363,20295,300,32000,35000000,8760000,2796000000,8495000000,256000,516000,900999000,69700,310,1814,0,Vientiane,706000,94,2025,Non-NATO,Asia,,34189423544.9955,93,54,3697,3697.0000110182473,0.01449656073749591,1.449656073749591
117,Panama,4470241,2011608,1206965,53643,0,0,80000,38,0,0,13,0,2,0,23,0,0,262,0,0,0,30,0,0,0,0,0,0,0,27,0,917202000,1115532300000,159867000000,6757000000,76,2096000,12,77,11978,0,146000,0,0,389611000,0,0,837000,0,75420,2490,687,800,Manama,689000,136,2025,Non-NATO,North America,,86523959131.7472,135,57,300,300.0000127509904,0.010600555143384118,1.0600555143384118
118,Mauritania,4328040,1687936,1181555,82233,31540,66000,5000,24,0,4,7,7,2,0,4,0,25,628,0,75,0,6,0,0,0,0,0,0,0,6,0,261250000,3661000000,30395000000,2629290500,25,1179000,2,728,12253,0,29000,20000000,0,0,28317000000,0,0,0,1030700,754,5002,1086,Zagreb,684000,123,2025,Non-NATO,Africa,,10908045686.8808,122,12,752,752.0000027726177,0.023950211385180355,2.3950211385180356
119,Croatia,4150116,2033557,1564594,53952,14325,20100,2000,67,10,0,0,28,0,0,37,0,45,2848,25,42,42,30,0,0,0,0,0,0,0,10,1,1176000000,55000000000,159305000000,3176000000,40,1744000,16,2617,26958,11000,70000,71000000,741456000,2502000000,24919000000,0,702000,0,56594,5835,2237,4714,Doha,658000,74,2025,NATO,Europe,,92983810328.9088,73,41,3002,3002.000009879242,0.012647362974696036,1.2647362974696037
120,Oman,3901992,1482757,1291559,50726,42600,100000,10000,128,29,10,9,45,4,0,31,0,150,4084,24,140,0,22,0,0,0,0,0,0,5,12,0,8200000000,50897000000,185960000000,17455000000,36,2316000,7,0,60230,1056000,211000,5375000000,40754000000,27364000000,651287000000,0,31000,0,309500,2092,1561,0,Colombo,633000,82,2025,Non-NATO,Asia,Middle East,109852795838.752,81,39,4502,4502.000009994895,0.07464534641463666,7.464534641463666
121,Bosnia and Herzegovina,3798671,2355176,1956316,49383,12770,6000,0,22,0,0,0,0,0,0,22,0,45,720,0,457,79,0,0,0,0,0,0,0,0,0,0,216400000,7760500000,63769000000,9205000000,13,1369000,1,965,22926,0,36000,0,0,225824000,0,14114000,14766000,2264000000,51197,20,1543,990,Riga,625000,132,2025,Non-NATO,Europe,,29613572022.8993,131,0,1244,1244.0,0.007307460235889959,0.7307460235889959
122,Moldova,3599528,2159717,1792565,71991,8500,67000,2000,3,0,0,1,0,0,0,2,0,0,500,9,67,11,0,0,0,0,0,0,0,0,0,0,1710000000,4565500000,38969000000,5453000000,11,1464000,0,1171,9352,0,22000,0,10000,2344000000,0,0,120000,0,33851,0,1885,558,Skopje,611000,134,2025,Non-NATO,Europe,,18200340853.6517,133,0,570,570.0,0.09395428435929029,9.395428435929029
123,Uruguay,3425330,1575652,1322177,54805,25000,0,5000,43,0,6,6,12,5,2,12,0,31,3042,6,70,4,14,0,0,0,0,0,0,0,2,2,772400000,49500000000,105096000000,16257000000,64,1775000,8,1673,77732,400,52000,0,0,86037000,0,0,18000,0,176215,660,1591,1600,Vilnius,541000,100,2025,Non-NATO,South America,,80961511073.5797,99,18,3186,3186.000005254968,0.009540335768906599,0.9540335768906598
124,Mongolia,3281676,1870555,1552233,62352,35000,135000,50000,7,0,0,3,2,0,0,2,0,420,2560,0,500,130,0,0,0,0,0,0,0,0,0,0,165110000,19542500000,56264000000,4782000000,35,1403000,0,1815,113200,15000,36000,0,0,0,0,28276000,6393000,2520000000,1564116,0,8082,580,Tirana,512000,98,2025,Non-NATO,Asia,,23794540024.5132,97,0,3487,3487.0,0.0069389868360516,0.6938986836051599
125,Kuwait,3138355,1726095,1449920,37660,72000,24000,7500,128,43,0,2,13,0,3,67,16,367,5636,74,0,27,123,0,0,0,0,0,0,0,106,0,6950000000,55000000000,219060000000,52619000000,6,2463000,6,0,5749,2910000,372000,101500000000,19285000000,26083000000,1784000000000,0,145000,0,17818,499,475,0,Chisinau,488000,79,2025,Non-NATO,Asia,Middle East,183502046693.878,78,229,6131,6131.000072968163,0.03787423696474698,3.7874236964746983
126,Albania,3107100,1522479,1292554,62142,6600,2000,500,19,0,0,0,0,0,0,19,0,46,1796,0,50,135,19,0,0,0,0,0,0,0,19,0,558862420,7312000000,49592000000,6455000000,3,1388000,3,424,3945,1400,2600,150000000,50623000,50623000,5692000000,379000,389000,522000000,28748,362,691,41,Windhoek,477000,78,2025,NATO,Europe,,27046429296.6673,77,38,1911,1911.0000122300537,0.020663075848938915,2.0663075848938917
127,Armenia,2976765,1666988,1366335,44651,57500,210000,5000,71,4,15,3,13,0,0,36,20,109,1306,145,148,100,0,0,0,0,0,0,0,0,0,0,1700000000,9014000000,57728000000,3607000000,11,1356000,0,686,7700,0,14000,0,0,2861000000,0,60,23000,317000000,29743,0,1570,0,Canberra,467000,91,2025,Non-NATO,Asia,,25955275380.0321,90,0,1634,1634.0,0.06549728234853724,6.549728234853724
128,Namibia,2803660,616805,400923,30840,13000,0,5000,34,11,0,3,14,0,0,7,2,4,2094,0,25,25,15,0,0,0,0,0,0,2,12,0,370500000,8800000000,29944000000,2956000000,255,989000,2,2628,48875,0,25000,0,0,0,62297000000,0,32000,350000000,824292,1572,4220,0,Juba,459000,116,2025,Non-NATO,Africa,,13682019076.4022,115,29,2157,2157.0000103436223,0.027079336604566847,2.7079336604566846
129,Lithuania,2628186,1708321,1332490,36795,23000,104000,14150,9,0,0,5,0,0,0,4,0,0,1263,21,54,0,14,0,0,0,0,0,0,0,7,4,2388900000,44000000000,132712000000,6168000000,65,1510000,2,1911,84166,4000,68000,12000000,0,1601000000,0,0,263000,0,65300,90,1545,441,Tallinn,452000,88,2025,NATO,Europe,,84869215513.3648,87,25,1326,1326.0000095122643,0.028148015573724813,2.814801557372481
130,Qatar,2552088,638022,490001,12760,66550,15000,5500,251,102,6,12,51,0,0,80,24,99,5024,46,12,16,115,0,0,0,0,0,0,4,105,0,9432000000,187000000000,304973000000,51539000000,8,2035000,6,0,7039,1815000,297000,25244000,169595000000,41515000000,23861000000000,0,0,0,11586,563,87,0,Bratislava,441000,72,2025,Non-NATO,Asia,Middle East,235709340659.341,71,224,5386,5386.000087771268,0.0400153849381455,4.00153849381455
131,Gabon,2455105,932940,532758,46647,4800,0,2500,24,6,0,3,0,0,0,15,0,0,424,0,0,14,5,0,0,0,0,0,0,0,4,0,274820000,6280000000,48201000000,1568196000,40,763000,9,649,14300,204000,16000,2000000000,463000000,463000000,25995000000,0,0,0,267667,885,3261,1600,Bern,441000,133,2025,Non-NATO,Africa,,20895684425.6752,132,9,448,448.000003665831,0.013151998010762443,1.3151998010762442
132,Botswana,2450668,1029281,617568,24507,21000,0,0,45,11,0,9,9,0,0,16,0,45,1224,12,36,20,0,0,0,0,0,0,0,0,0,0,465600000,1853500000,46742000000,4756000000,122,1170000,0,888,31747,0,21000,0,0,0,0,2634000,2291000,1660000000,581730,0,4347,0,Wellington,422000,122,2025,Non-NATO,Africa,,20321150599.1523,121,0,1350,1350.0,0.02291208845327009,2.291208845327009
133,North Macedonia,2135622,948216,783773,27763,9000,60000,3500,20,0,0,0,10,0,0,10,4,20,1108,0,150,17,0,0,0,0,0,0,0,0,0,0,388421700,11000000000,42444000000,5015000000,13,801000,0,699,14182,0,22000,0,0,274928000,0,5075000,5776000,332000000,25713,0,838,0,Sarajevo,344000,112,2025,NATO,,,16951682245.4202,111,0,1298,1298.0,0.022913460409213313,2.291346040921331
134,Slovenia,2097893,1006989,826570,22867,7300,26000,5000,39,0,0,4,23,0,0,16,0,54,1428,0,18,0,2,0,0,0,0,0,0,0,2,0,886860000,55000000000,102036000000,2370000000,42,1055000,2,1207,38985,0,45000,0,3863000,840902000,0,2358000,2553000,95000000,20273,47,1211,710,Ljubljana,286000,96,2025,NATO,Europe,,72972015197.3859,95,4,1539,1539.000001906675,0.012153426181270794,1.2153426181270794
135,Kosovo,1977093,917371,743387,17794,10000,5000,500,0,0,0,0,0,0,0,0,0,0,737,0,0,0,0,0,0,0,0,0,0,0,0,0,260715150,2750000000,23794000000,1245000000,4,500300,0,437,2012,0,15000,0,0,0,0,9074000,8927000,1564000000,10887,0,714,0,Porto-Novo,285000,141,2025,Non-NATO,Europe,,11197246322.588,140,0,737,737.0,0.023283863057836293,2.328386305783629
136,Latvia,1801246,810561,648449,16211,17250,36000,12500,7,0,0,0,0,0,0,7,0,0,1848,47,0,0,18,0,0,0,0,0,0,0,11,6,1138000000,44180400000,71154000000,4957000000,56,978000,5,2216,70244,2000,35000,0,0,828214000,0,0,20000,0,64589,498,1370,300,Gaborone,272000,99,2025,NATO,Europe,,43684254432.3609,98,35,1855,1855.000019430994,0.026050576226773824,2.6050576226773825
137,Bahrain,1566888,846120,720768,17236,18400,110000,1500,132,24,0,3,40,0,0,80,34,150,2764,38,26,17,64,0,0,0,0,0,2,2,50,0,1597200000,49500000000,85491000000,5118000000,3,855000,4,0,4122,189000,72000,186500000,18005000000,17924000000,81382000000,0,0,0,760,161,0,0,Paramaribo,239000,81,2025,Non-NATO,Asia,Middle East,47109734308.5106,80,118,3072,3072.0000753085096,0.03390382101372748,3.3903821013727478
138,Estonia,1193791,584958,456028,13132,7700,78800,10000,5,0,0,2,3,0,0,3,0,0,1685,36,0,0,8,0,0,0,0,0,0,0,4,4,1463360000,26400000000,57377000000,2593000000,26,752000,20,1441,58412,24000,28000,0,0,354912000,0,0,3000,0,45228,3794,657,335,Yamoussoukro,231000,107,2025,NATO,Europe,,43130419829.35,106,16,1690,1690.0000134026811,0.033928721440457485,3.3928721440457483
139,Bhutan,884546,203446,122067,4423,7500,0,0,2,0,0,0,0,0,0,2,0,0,84,0,0,0,0,0,0,0,0,0,0,0,0,0,14000000,2757000000,10981000000,976260000,4,430000,0,0,12205,0,3000,0,0,0,0,177000,325000,0,38394,0,1136,0,Pristina,216870,145,2025,Non-NATO,,,3012896789.24928,144,0,86,86.0,0.004646690869051762,0.4646690869051762
140,Luxembourg,671254,154388,92633,3356,1000,0,0,1,0,0,1,0,0,0,0,0,0,182,0,0,0,0,0,0,0,0,0,0,0,0,0,726092925,4730000000000,88533000000,2977000000,3,352000,0,271,2875,0,51000,0,0,594240000,0,0,62000,0,2586,0,327,37,Reykjavik,216000,117,2025,NATO,Europe,,93279851863.4062,116,0,183,183.0,0.0077840274238776645,0.7784027423877664
141,Suriname,646758,142287,84079,3234,2000,0,200,3,0,0,0,0,0,0,3,0,0,650,0,0,0,17,0,0,0,0,0,0,0,17,0,144000000,2200000000,11824000000,1346000000,55,250000,4,0,4304,14000,15000,89000000,7109000,6967000,0,0,0,0,163820,386,1907,1200,Thimphu,205000,139,2025,Non-NATO,South America,,5240606060.60606,138,34,653,653.0000525698948,0.02747773794379554,2.747773794379554
142,Montenegro,599849,143964,85179,3599,2350,0,5500,11,0,0,0,0,0,0,11,0,0,471,0,12,12,14,0,0,0,0,0,0,0,2,0,148100000,2958500000,17115000000,1574000000,5,286000,4,250,7762,0,8000,0,0,0,0,1734000,1517000,337000000,13812,294,680,0,Podgorica,177000,127,2025,Non-NATO,Europe,,8270016670.86774,126,16,494,494.00002667337947,0.017908065472431563,1.7908065472431562
143,Beliz,415789,158000,90226,8732,1650,850,0,3,0,0,1,0,1,0,1,0,0,130,0,0,0,8,0,0,0,0,0,0,0,8,0,29538000,1248000000,5257000000,473729000,27,190000,2,0,3281,800,5000,6700000,0,0,0,0,0,0,22966,386,542,825,Luxembourg,120000,137,2025,Non-NATO,North America,,3203632000.0,136,16,133,133.0000384810565,0.009220160118265769,0.9220160118265769
144,Iceland,364036,83728,50237,1820,0,0,0,0,0,0,0,0,0,0,0,0,0,150,0,0,0,0,0,0,0,0,0,0,0,0,0,312400000,22000000000,26155000000,5809000000,83,239000,43,0,12898,0,18000,0,0,0,0,0,188000,0,100250,4970,0,0,Belmopan,25000,135,2025,NATO,Europe,,33255181468.9382,134,0,150,150.0,0.009394024816607761,0.9394024816607761
