country,capital_city,region,continent,alliance,year,active_personnel,reserve_personnel,total_personnel,total_aircraft,fighter_aircraft,attack_aircraft,transport_aircraft,helicopters,tanks,armored_vehicles,artillery_units,naval_assets,aircraft_carriers,defense_budget_usd,gdp_usd,population,land_area_sq_km,coastline_km,power_index_rank,Power_index_score,assets_per_capita,budget_to_gdp_ratio,personnel_density,budget_per_soldier,power_index_rank_gap,air_power_ratio,armor_intensity_index,naval_strength_per_coastline,military_burden_index,total_assets
United States,"Washington, D.C.",North America,North America,NATO,2025,1328000,799500,2127500,13043,1790,889,918,5843,4640,391963,671,440,11,895000000000,24662000000000,341963408,9833517,19924,1,0.0744,5.3e-05,0.036291,0.006221,673945.783133,0,0.009822,0.000472,0.022084,2617.239094,18123
Russia,Moscow,Europe,Europe,Non-NATO,2025,1320000,2000000,3320000,4292,833,689,456,1651,5750,131527,5168,419,1,126000000000,5816000000000,140820810,17098242,37653,2,0.0788,7.4e-05,0.021664,0.023576,95454.545455,1,0.003252,0.000336,0.011128,894.754121,10461
China,Beijing,Asia,Asia,Non-NATO,2025,2035000,510000,2545000,3309,1212,371,289,913,6800,144017,3490,754,3,266850000000,31227000000000,1415043270,9596960,14500,3,0.0788,8e-06,0.008545,0.001799,131130.22113,2,0.001626,0.000709,0.052,188.580806,10863
India,New Delhi,Asia,Asia,Non-NATO,2025,1455550,1155000,2610550,2229,513,130,270,899,4201,148594,100,293,2,75000000000,13104000000000,1409128296,3287263,7000,4,0.1184,5e-06,0.005723,0.001853,51526.914225,3,0.001531,0.001278,0.041857,53.224394,6723
South Korea,Seoul,Asia,Asia,Non-NATO,2025,600000,3100000,3700000,1592,315,98,41,807,2236,58880,3270,227,0,46300000000,2615000000000,52081799,99720,2413,5,0.1656,7.8e-05,0.017706,0.071042,77166.666667,4,0.002653,0.022423,0.094074,888.986189,4055
United Kingdom,London,Europe,Europe,NATO,2025,184860,924000,1108860,631,113,31,29,266,227,38200,71,109,2,71500540000,3700000000000,68459055,243610,12429,6,0.1785,1.4e-05,0.019324,0.016197,386782.105377,5,0.003413,0.000932,0.00877,1044.427797,967
France,Paris,Europe,Europe,NATO,2025,200000,26000,226000,976,226,0,119,448,215,110932,96,129,1,55000000000,3764000000000,68374591,643801,4853,7,0.1878,1.9e-05,0.014612,0.003305,275000.0,6,0.00488,0.000334,0.026581,804.39238,1320
Japan,Tokyo,Asia,Asia,Non-NATO,2025,247150,56000,303150,1443,217,38,55,596,521,31964,149,159,0,57000000000,5761000000000,123201945,377915,29751,8,0.1839,1.7e-05,0.009894,0.002461,230629.172567,7,0.005839,0.001379,0.005344,462.655034,2123
Turkiye,Ankara,Asia,Asia,NATO,2025,355200,378700,733900,1083,201,0,84,508,2238,61173,1038,182,0,47000000000,2936000000000,84119531,783562,7200,9,0.1902,4.2e-05,0.016008,0.008724,132319.81982,8,0.003049,0.002856,0.025278,558.728745,3503
Italy,Rome,Europe,Europe,NATO,2025,165500,18500,184000,729,89,67,30,392,200,73480,64,196,2,30890000000,3097000000000,60964931,301340,7600,10,0.2164,1.8e-05,0.009974,0.003018,186646.52568,9,0.004405,0.000664,0.025789,506.684737,1125
Brazil,Brasilia,South America,South America,Non-NATO,2025,360000,340000,700000,513,43,38,109,191,294,22464,109,64,0,26157300000,4016000000000,220051512,8515770,7491,11,0.2415,4e-06,0.006513,0.003181,72659.166667,10,0.001425,3.5e-05,0.008544,118.868986,871
Pakistan,Islamabad,Asia,Asia,Non-NATO,2025,654000,550000,1204000,1399,328,90,64,373,2627,17516,662,121,0,7640000000,1347000000000,252363571,796095,1046,12,0.2513,1.6e-05,0.005672,0.004771,11681.957187,11,0.002139,0.0033,0.115679,30.273783,4147
Indonesia,Other,Asia,Asia,Non-NATO,2025,400000,400000,800000,459,41,34,70,214,331,20440,153,331,0,10600000000,3906000000000,281562465,1904569,54716,13,0.2557,4e-06,0.002714,0.002841,26500.0,12,0.001148,0.000174,0.006049,37.647064,1121
Germany,Berlin,Europe,Europe,NATO,2025,181600,34000,215600,584,129,63,50,309,296,83260,134,61,0,50000000000,5230000000000,84119100,357022,2389,14,0.2601,1.1e-05,0.00956,0.002563,275330.396476,13,0.003216,0.000829,0.025534,594.395328,941
Israel,Jerusalem,Asia,Asia,Non-NATO,2025,170000,465000,635000,611,240,38,13,147,1300,35985,352,62,0,30500000000,471030000000,9402617,21937,273,15,0.2661,0.00021,0.064752,0.067534,179411.764706,14,0.003594,0.059261,0.227106,3243.77777,1973
Iran,Other,Asia,Asia,Non-NATO,2025,610000,350000,960000,551,188,21,87,128,1713,65825,392,107,0,15450000000,1440000000000,88386937,1648195,2440,16,0.3048,2.7e-05,0.010729,0.010861,25327.868852,15,0.000903,0.001039,0.043852,174.799586,2371
Spain,Other,Europe,Europe,NATO,2025,133282,15150,148432,461,137,12,51,153,317,17626,95,152,1,23397000000,2242000000000,47280433,505370,4964,17,0.3242,2e-05,0.010436,0.003139,175545.084858,16,0.003459,0.000627,0.03062,494.855874,930
Australia,Canberra,Oceania,Oceania,Non-NATO,2025,57350,32050,89400,327,24,62,38,69,59,15648,0,44,0,55700000000,1584000000000,26768598,7741220,25760,18,0.3298,1.6e-05,0.035164,0.00334,971229.29381,17,0.005702,8e-06,0.001708,2080.796312,430
Egypt,Cairo,Africa,Africa,Non-NATO,2025,440000,480000,920000,1093,238,90,61,348,3620,41012,1056,150,0,5879500000,1912000000000,111247248,1001450,2450,19,0.3427,4.4e-05,0.003075,0.00827,13362.5,18,0.002484,0.003615,0.061224,52.850746,4863
Ukraine,Kyiv,Europe,Europe,Non-NATO,2025,900000,1200000,2100000,324,70,36,24,136,1114,18920,658,89,0,53700000000,559981000000,35661826,603550,2782,20,0.3755,4.3e-05,0.095896,0.058886,59666.666667,19,0.00036,0.001846,0.031991,1505.811845,1527
Poland,Warsaw,Europe,Europe,NATO,2025,202100,350000,552100,479,59,44,49,216,614,23138,677,62,0,48700000000,1616000000000,38746310,312685,440,21,0.3776,3e-05,0.030136,0.014249,240969.816922,20,0.00237,0.001964,0.140909,1256.893882,1155
Taiwan,Other,Asia,Asia,Non-NATO,2025,215000,2310000,2525000,761,285,0,19,236,888,19921,488,97,0,19740000000,1257300000000,23595274,35980,1566,22,0.3988,7.4e-05,0.0157,0.107013,91813.953488,21,0.00354,0.02468,0.061941,836.608212,1746
Vietnam,Hanoi,Asia,Asia,Non-NATO,2025,600000,5000000,5600000,246,41,32,9,101,1374,11912,40,110,0,8594000000,1354000000000,105758975,331210,3444,23,0.4024,1.6e-05,0.006347,0.052951,14323.333333,22,0.00041,0.004148,0.03194,81.260243,1730
Saudi Arabia,Other,Asia,Asia,Non-NATO,2025,257000,0,257000,917,283,81,49,264,840,19040,332,32,0,74760000000,1831000000000,36544431,2149690,2640,24,0.4201,4.9e-05,0.04083,0.007033,290894.941634,23,0.003568,0.000391,0.012121,2045.728937,1789
Thailand,Other,Asia,Asia,Non-NATO,2025,360850,200000,560850,493,72,20,54,258,635,16935,50,293,0,5887883500,1516000000000,69920998,513120,3219,25,0.4536,2e-05,0.003884,0.008021,16316.706388,24,0.001366,0.001238,0.091022,84.207658,1421
Algeria,Other,Africa,Africa,Non-NATO,2025,325000,135000,460000,608,102,42,63,299,1485,26000,224,110,0,25000000000,699947000000,47022473,2381740,998,26,0.3589,4.7e-05,0.035717,0.009783,76923.076923,25,0.001871,0.000623,0.11022,531.660681,2203
Sweden,Other,Europe,Europe,Non-NATO,2025,24400,32900,57300,169,71,0,6,53,110,6795,26,308,0,13000000000,676353000000,10589835,450295,3218,27,0.4835,5.5e-05,0.019221,0.005411,532786.885246,26,0.006926,0.000244,0.095712,1227.592309,587
Canada,Ottawa,North America,North America,NATO,2025,68000,27000,95000,351,66,0,28,145,74,21704,0,73,0,41000000000,2238000000000,38794813,9984670,202080,28,0.5179,1.3e-05,0.01832,0.002449,602941.176471,27,0.005162,7e-06,0.000361,1056.842315,498
Singapore,Other,Asia,Asia,Non-NATO,2025,51000,252500,303500,230,100,0,9,70,170,8998,48,50,0,15000000000,754758000000,6028459,719,193,29,0.5271,7.5e-05,0.019874,0.050345,294117.647059,28,0.00451,0.236439,0.259067,2488.198062,450
Greece,Other,Europe,Europe,NATO,2025,142700,221350,364050,558,178,0,15,293,1344,61888,589,192,0,6500000000,375780000000,10461091,131957,13676,30,0.5337,0.0002,0.017297,0.0348,45550.105116,29,0.00391,0.010185,0.014039,621.350106,2094
Nigeria,Other,Africa,Africa,Non-NATO,2025,230000,0,230000,163,14,24,23,66,330,8962,40,133,0,3160000000,1275000000000,236747130,923768,853,31,0.5771,3e-06,0.002478,0.000972,13739.130435,30,0.000709,0.000357,0.15592,13.347575,626
Mexico,Other,North America,North America,Non-NATO,2025,412000,98655,510655,433,3,33,41,178,0,19658,20,167,0,7600000000,2873000000000,130739927,1964375,9330,32,0.5965,5e-06,0.002645,0.003906,18446.601942,31,0.001051,0.0,0.017899,58.130673,600
Argentina,Other,South America,South America,Non-NATO,2025,108000,0,108000,239,23,11,52,94,342,21724,55,44,0,928897000,1235000000000,46994384,2780400,4989,33,0.6013,1.3e-05,0.000752,0.002298,8600.898148,32,0.002213,0.000123,0.008819,19.766128,625
North Korea,Other,Asia,Asia,Non-NATO,2025,1320000,560000,1880000,861,368,114,1,205,4344,18288,1300,207,0,4736000000,72000000000,26298666,120538,2495,34,0.6016,0.000206,0.065778,0.071487,3587.878788,33,0.000652,0.036038,0.082966,180.08518,5412
Bangladesh,Other,Other,Other,Non-NATO,2025,163000,0,163000,214,42,0,17,65,320,11584,56,118,0,4374000000,1413000000000,168697184,148460,580,35,0.6062,4e-06,0.003096,0.000966,26834.355828,34,0.001313,0.002155,0.203448,25.928115,652
Netherlands,Other,Europe,Europe,NATO,2025,41380,6765,48145,120,32,0,4,63,18,2755,46,64,0,27000000000,1240000000000,17772378,41543,451,36,0.6412,1.1e-05,0.021774,0.002709,652489.125181,35,0.0029,0.000433,0.141907,1519.211441,202
Myanmar,Other,Other,Other,Non-NATO,2025,150000,20000,170000,317,58,26,30,83,445,5980,95,232,0,2948000000,290507000000,57527139,676578,1930,37,0.6735,1.7e-05,0.010148,0.002955,19653.333333,36,0.002113,0.000658,0.120207,51.245378,994
Norway,Other,Europe,Europe,NATO,2025,23250,0,23250,97,0,32,4,33,44,6552,42,43,0,9710000000,499528000000,5509733,323802,25148,38,0.6811,3.3e-05,0.019438,0.00422,417634.408602,37,0.004172,0.000136,0.00171,1762.335852,184
Portugal,Other,Europe,Europe,Non-NATO,2025,24000,211700,235700,115,28,0,19,31,34,10828,24,194,0,4627000000,529901000000,10639726,92090,1793,39,0.6856,3.2e-05,0.008732,0.022153,192791.666667,38,0.004792,0.000369,0.108199,434.87962,343
South Africa,Other,Africa,Africa,Non-NATO,2025,71235,29350,100585,182,2,0,12,87,252,18692,49,49,0,2266800000,862981000000,60442647,1219090,2798,40,0.6889,8e-06,0.002627,0.001664,31821.436092,39,0.002555,0.000207,0.017513,37.503321,483
Philippines,Other,Other,Other,Non-NATO,2025,150000,1200000,1350000,202,0,25,26,122,10,11878,12,113,0,4380000000,1138000000000,118277063,300000,36289,41,0.6987,3e-06,0.003849,0.011414,29200.0,40,0.001347,3.3e-05,0.003114,37.031694,325
Malaysia,Other,Other,Other,Non-NATO,2025,113000,51600,164600,135,26,12,16,45,48,13506,0,100,0,4800000000,1152000000000,34564810,329847,4675,42,0.7429,8e-06,0.004167,0.004762,42477.876106,41,0.001195,0.000146,0.02139,138.869561,283
Iraq,Other,Asia,Asia,Non-NATO,2025,193000,0,193000,391,26,36,15,197,1025,37288,434,68,0,7923000000,572939000000,42083436,438317,58,43,0.7738,3.5e-05,0.013829,0.004586,41051.813472,42,0.002026,0.002338,1.172414,188.268848,1484
Switzerland,Other,Other,Other,Non-NATO,2025,101584,49715,151299,146,43,0,16,40,205,6996,133,0,0,25039000000,733779000000,8860574,41277,0,44,0.7869,4e-05,0.034123,0.017076,246485.667034,43,0.001437,0.004966,0.0,2825.889158,351
Denmark,Other,Other,Other,Non-NATO,2025,20000,12000,32000,117,31,4,4,34,44,3856,19,50,0,7225466250,428385000000,5973136,43094,7314,45,0.8109,3.5e-05,0.016867,0.005357,361273.3125,44,0.00585,0.001021,0.006836,1209.660428,211
Colombia,Other,South America,South America,Non-NATO,2025,293200,35000,328200,436,16,24,86,257,0,3460,6,233,0,10541500000,978024000000,49588357,1138910,3208,46,0.8353,1.3e-05,0.010778,0.006618,35953.274216,45,0.001487,0.0,0.072631,212.580143,669
Chile,Other,South America,South America,Non-NATO,2025,80000,40000,120000,277,45,0,32,87,386,8832,48,130,0,5032500000,579201000000,18664652,756102,6435,47,0.8361,4.2e-05,0.008689,0.006429,62906.25,46,0.003462,0.000511,0.020202,269.627315,793
Finland,Other,Europe,Europe,Non-NATO,2025,24000,870000,894000,163,54,0,11,27,200,11704,107,264,0,6779661000,321126000000,5626414,338145,1250,48,0.8437,0.000111,0.021112,0.158893,282485.875,47,0.006792,0.000591,0.2112,1204.970164,627
Peru,Other,South America,South America,Non-NATO,2025,120000,385000,505000,256,15,22,38,111,240,6560,12,71,0,3420000000,517644000000,32600249,1285216,2414,49,0.8588,1.7e-05,0.006607,0.015491,28500.0,48,0.002133,0.000187,0.029412,104.907174,567
Venezuela,Other,South America,South America,Non-NATO,2025,109000,8000,117000,229,30,0,49,88,172,8802,48,34,0,4093120000,295974800000,31250306,912050,2800,50,0.8882,1.4e-05,0.013829,0.003744,37551.559633,49,0.002101,0.000189,0.012143,130.978557,435
Romania,Other,Europe,Europe,Non-NATO,2025,81300,55000,136300,140,21,0,14,65,328,10774,0,20,0,9700000000,772107000000,18148155,238391,225,51,0.8984,2.7e-05,0.012563,0.00751,119311.193112,50,0.001722,0.001376,0.088889,534.489594,488
Ethiopia,Other,Africa,Africa,Non-NATO,2025,162000,0,162000,103,25,0,8,33,338,7256,35,0,0,2097575000,354604000000,118550298,1104300,0,52,0.9305,4e-06,0.005915,0.001367,12947.993827,51,0.000636,0.000306,0.0,17.693545,441
Czechia,Other,Europe,Europe,Non-NATO,2025,28000,4200,32200,99,12,16,10,42,43,6340,50,0,0,6750000000,519007000000,10837890,78867,0,53,0.9994,1.3e-05,0.013006,0.002971,241071.428571,52,0.003536,0.000545,0.0,622.814958,142
United Arab Emirates,Other,Other,Other,Non-NATO,2025,65000,130000,195000,551,99,16,37,247,354,8707,165,181,0,2212360382,719733000000,10032213,83600,1318,54,1.0186,0.000108,0.003074,0.019437,34036.313569,53,0.008477,0.004234,0.137329,220.525659,1086
Hungary,Other,Other,Other,Non-NATO,2025,41600,20000,61600,69,12,0,3,44,209,7797,24,0,0,4576000000,388906000000,9855745,103000,0,55,1.0259,2.8e-05,0.011766,0.00625,110000.0,54,0.001659,0.002029,0.0,464.297727,278
Angola,Other,Africa,Africa,Non-NATO,2025,107000,0,107000,298,71,12,31,116,309,5500,25,31,0,1101360000,265868000000,37202061,1246700,1600,56,1.0961,1.7e-05,0.004143,0.002876,10293.084112,55,0.002785,0.000248,0.019375,29.604811,638
Kazakhstan,Other,Other,Other,Non-NATO,2025,110000,135000,245000,198,63,25,19,65,350,7736,126,26,0,2048700000,705520000000,20260006,2724900,26,57,1.1016,2.8e-05,0.002904,0.012093,18624.545455,56,0.0018,0.000128,1.0,101.120404,574
Uzbekistan,Other,Other,Other,Non-NATO,2025,48000,0,48000,192,58,13,13,101,340,2970,147,0,0,2803500000,319174000000,36520593,447400,420,58,1.1121,1.5e-05,0.008784,0.001314,58406.25,57,0.004,0.00076,0.0,76.764909,532
Morocco,Other,Africa,Africa,Non-NATO,2025,195800,150000,345800,260,83,0,31,78,903,7877,396,111,0,13400000000,337480000000,37387585,715550,1835,59,1.1273,3.4e-05,0.039706,0.009249,68437.180797,58,0.001328,0.001262,0.06049,358.407744,1274
Azerbaijan,Other,Other,Other,Non-NATO,2025,126400,300000,426400,154,12,18,3,86,497,7642,198,38,0,5000000000,215896000000,10650239,86600,713,60,1.2531,6.5e-05,0.023159,0.040037,39556.962025,59,0.001218,0.005739,0.053296,469.473032,689
Belgium,Other,Other,Other,Non-NATO,2025,25000,6400,31400,108,43,0,7,20,0,4606,0,9,0,10200000000,751592000000,11977634,30528,67,61,1.2564,1e-05,0.013571,0.002622,408000.0,60,0.00432,0.0,0.134328,851.587217,117
Bulgaria,Other,Other,Other,Non-NATO,2025,37000,3000,40000,65,10,5,6,27,90,4914,48,36,0,1373232000,214061000000,6782659,110880,354,62,1.2563,2.8e-05,0.006415,0.005897,37114.378378,61,0.001757,0.000812,0.101695,202.462191,191
Serbia,Other,Other,Other,Non-NATO,2025,25000,2000,27000,110,11,17,3,46,262,3683,90,20,0,2287461000,162213000000,6652212,77474,0,63,1.2576,5.9e-05,0.014102,0.004059,91498.44,62,0.0044,0.003382,20.0,343.864717,392
Syria,Other,Other,Other,Non-NATO,2025,170000,50000,220000,207,104,9,3,77,365,11148,90,27,0,291850000,55935900000,23865423,187437,193,64,1.2771,2.5e-05,0.005218,0.009218,1716.764706,63,0.001218,0.001947,0.139896,12.228989,599
Ecuador,Other,Other,Other,Non-NATO,2025,41250,118000,159250,102,0,0,20,46,54,5204,5,30,0,2376000000,260213000000,18309984,283560,2237,65,1.3021,1e-05,0.009131,0.008697,57600.0,64,0.002473,0.00019,0.013411,129.765269,186
Democratic Republic of the Congo,Other,Other,Other,Non-NATO,2025,166580,31000,197580,46,1,6,6,32,105,916,8,16,0,796560000,154012000000,115403027,2344858,37,66,1.3111,1e-06,0.005172,0.001712,4781.84656,65,0.000276,4.5e-05,0.432432,6.902419,167
Cuba,Other,North America,North America,Non-NATO,2025,45500,40000,85500,31,11,0,4,13,113,6864,60,19,0,4508784000,141400000000,10966038,110860,3735,67,1.3286,1.5e-05,0.031887,0.007797,99094.153846,66,0.000681,0.001019,0.005087,411.158889,163
Austria,Other,Other,Other,Non-NATO,2025,16000,125600,141600,85,15,0,11,41,56,7322,30,0,0,5475750000,590354000000,8967982,83871,0,68,1.3704,1.6e-05,0.009275,0.01579,342234.375,67,0.005312,0.000668,0.0,610.58887,141
Sri Lanka,Other,Other,Other,Non-NATO,2025,346000,90000,436000,85,5,0,14,55,44,3190,0,270,0,1265400000,287132000000,21982608,65610,1340,69,1.3941,1.8e-05,0.004407,0.019834,3657.225434,68,0.000246,0.000671,0.201493,57.563689,399
Belarus,Other,Other,Other,Non-NATO,2025,63000,145000,208000,185,36,50,4,68,507,6916,357,0,0,1077900000,254407000000,9501451,207600,0,70,1.3954,7.3e-05,0.004237,0.021891,17109.52381,69,0.002937,0.002442,0.0,113.445831,692
Slovakia,Other,Other,Other,Non-NATO,2025,19500,0,19500,41,2,0,7,22,45,3074,35,0,0,2656000000,213053000000,5563649,49035,0,71,1.3978,1.5e-05,0.012466,0.003505,136205.128205,70,0.002103,0.000918,0.0,477.384537,86
Qatar,Other,Other,Other,Non-NATO,2025,66550,15000,81550,251,102,6,12,80,99,5024,46,115,0,9432000000,304973000000,2552088,11586,563,72,1.4307,0.000182,0.030927,0.031954,141728.024042,71,0.003772,0.008545,0.204263,3695.797324,465
Sudan,Other,Other,Other,Non-NATO,2025,92000,85000,177000,165,37,27,13,64,224,2900,100,6,0,342000000,136039000000,50467278,1861484,853,73,1.4756,8e-06,0.002514,0.003507,3717.391304,72,0.001793,0.00012,0.007034,6.776668,395
Croatia,Other,Other,Other,Non-NATO,2025,14325,20100,34425,67,10,0,0,37,45,2848,25,30,0,1176000000,159305000000,4150116,56594,5835,74,1.5074,3.4e-05,0.007382,0.008295,82094.240838,73,0.004677,0.000795,0.005141,283.365573,142
Jordan,Other,Other,Other,Non-NATO,2025,100500,65000,165500,274,44,6,13,155,1458,16624,358,27,0,2500000000,106806000000,11174024,89342,26,75,1.6139,0.000157,0.023407,0.014811,24875.621891,74,0.002726,0.016319,1.038462,223.733187,1759
Libya,Other,Africa,Africa,Non-NATO,2025,32000,0,32000,143,10,1,6,16,43,1816,15,5,0,3060000000,121951000000,7361263,1759540,1770,76,1.4449,2.6e-05,0.025092,0.004347,95625.0,75,0.004469,2.4e-05,0.002825,415.689536,191
Turkmenistan,Other,Other,Other,Non-NATO,2025,36500,0,36500,91,24,27,5,26,654,5016,73,16,0,1078020000,94790000000,5744151,488100,1768,77,1.6512,0.000132,0.011373,0.006354,29534.794521,76,0.002493,0.00134,0.00905,187.672643,761
Albania,Other,Other,Other,Non-NATO,2025,6600,2000,8600,19,0,0,0,19,46,1796,0,19,0,558862420,49592000000,3107100,28748,362,78,1.6815,2.7e-05,0.011269,0.002768,84676.124242,77,0.002879,0.0016,0.052486,179.866248,84
Kuwait,Other,Other,Other,Non-NATO,2025,72000,24000,96000,128,43,0,2,67,367,5636,74,123,0,6950000000,219060000000,3138355,17818,499,79,1.6982,0.000197,0.031726,0.030589,96527.777778,78,0.001778,0.020597,0.246493,2214.535959,618
Bolivia,Other,Other,Other,Non-NATO,2025,40000,40000,80000,64,0,0,15,33,54,890,0,67,0,550200000,119785000000,12311974,1098581,0,80,1.7221,1.5e-05,0.004593,0.006498,13755.0,79,0.0016,4.9e-05,67.0,44.688204,185
Bahrain,Other,Other,Other,Non-NATO,2025,18400,110000,128400,132,24,0,3,80,150,2764,38,64,0,1597200000,85491000000,1566888,760,161,81,1.7448,0.000221,0.018683,0.081946,86804.347826,80,0.007174,0.197368,0.397516,1019.345352,346
Oman,Other,Other,Other,Non-NATO,2025,42600,100000,142600,128,29,10,9,31,150,4084,24,22,0,8200000000,185960000000,3901992,309500,2092,82,1.8047,7.7e-05,0.044096,0.036545,192488.262911,81,0.003005,0.000485,0.010516,2101.490726,300
Kenya,Other,Other,Other,Non-NATO,2025,50000,0,50000,156,17,0,21,85,188,4128,18,23,0,1307383850,314063000000,58246378,580367,536,83,1.8135,6e-06,0.004163,0.000858,26147.677,82,0.00312,0.000324,0.04291,22.445754,367
Chad,Other,Other,Other,Non-NATO,2025,33250,0,33250,40,0,7,7,16,90,3316,10,0,0,381350000,32446000000,19093595,1284000,0,84,1.8712,7e-06,0.011753,0.001741,11469.172932,83,0.001203,7e-05,0.0,19.972666,130
Yemen,Other,Other,Other,Non-NATO,2025,66700,0,66700,84,27,12,2,30,0,550,0,33,0,810375000,67003300000,32140443,527968,1906,85,1.8901,4e-06,0.012095,0.002075,12149.550225,84,0.001259,0.0,0.017314,25.21356,117
New Zealand,Other,Oceania,Oceania,Non-NATO,2025,8670,3250,11920,48,0,0,8,21,0,2114,0,8,0,3030000000,254770000000,5161211,268838,15134,86,1.9039,1.1e-05,0.011893,0.00231,349480.968858,85,0.005536,0.0,0.000529,587.071523,56
Paraguay,Other,Other,Other,Non-NATO,2025,15650,168500,184150,39,0,0,11,14,0,1108,0,72,0,17595000000,108022000000,7522549,406752,0,87,1.9044,1.5e-05,0.162883,0.02448,1124281.15016,86,0.002492,0.0,72.0,2338.967815,111
Lithuania,Other,Other,Other,Non-NATO,2025,23000,104000,127000,9,0,0,5,4,0,1263,21,14,0,2388900000,132712000000,2628186,65300,90,88,1.9075,9e-06,0.018001,0.048322,103865.217391,87,0.000391,0.0,0.155556,908.953932,23
Mozambique,Other,Other,Other,Non-NATO,2025,11200,0,11200,22,8,0,4,8,30,872,0,33,0,412400000,50631000000,33350954,799380,2470,89,1.9265,3e-06,0.008145,0.000336,36821.428571,88,0.001964,3.8e-05,0.01336,12.365463,85
Tunisia,Other,Other,Other,Non-NATO,2025,89800,0,89800,154,10,0,11,101,90,7913,0,58,0,1400000000,153637000000,12048847,163610,1148,90,1.9538,2.5e-05,0.009112,0.007453,15590.200445,89,0.001715,0.00055,0.050523,116.193691,302
Armenia,Other,Other,Other,Non-NATO,2025,57500,210000,267500,71,4,15,3,36,109,1306,145,0,0,1700000000,57728000000,2976765,29743,0,91,2.0373,6e-05,0.029448,0.089863,29565.217391,90,0.001235,0.003665,0.0,571.089757,180
Tanzania,Other,Other,Other,Non-NATO,2025,27000,80000,107000,39,14,0,6,12,62,1072,0,12,0,1406745334,234050000000,67462121,947300,1424,92,2.0416,2e-06,0.00601,0.001586,52101.679037,91,0.001444,6.5e-05,0.008427,20.852373,113
Cameroon,Other,Other,Other,Non-NATO,2025,40000,0,40000,35,0,0,6,21,0,430,18,51,0,554952283,138925000000,30966105,475440,400,93,2.0501,3e-06,0.003995,0.001292,13873.807075,92,0.000875,0.0,0.1275,17.921281,86
Georgia,Other,Other,Other,Non-NATO,2025,55000,152500,207500,61,0,5,2,44,123,3392,67,19,0,495629055,83656000000,4900961,69700,310,94,2.0695,4.1e-05,0.005925,0.042339,9011.437364,93,0.001109,0.001765,0.06129,101.128953,203
Cambodia,Other,Other,Other,Non-NATO,2025,221000,0,221000,25,0,0,4,21,644,3627,30,20,0,860000000,85900000000,17063669,181035,443,95,2.0752,4e-05,0.010012,0.012951,3891.402715,94,0.000113,0.003557,0.045147,50.399477,689
Slovenia,Other,Other,Other,Non-NATO,2025,7300,26000,33300,39,0,0,4,16,54,1428,0,2,0,886860000,102036000000,2097893,20273,47,96,2.1016,4.5e-05,0.008692,0.015873,121487.671233,95,0.005342,0.002664,0.042553,422.738433,95
Ireland,Other,Other,Other,Non-NATO,2025,7765,1700,9465,22,0,0,4,8,0,1712,0,8,0,1500000000,608463000000,5233461,70273,1448,97,2.1103,6e-06,0.002465,0.001809,193174.500966,96,0.002833,0.0,0.005525,286.617212,30
Mongolia,Other,Other,Other,Non-NATO,2025,35000,135000,170000,7,0,0,3,2,420,2560,0,0,0,165110000,56264000000,3281676,1564116,0,98,2.1135,0.00013,0.002935,0.051803,4717.428571,97,0.0002,0.000269,0.0,50.312706,427
Latvia,Other,Other,Other,Non-NATO,2025,17250,36000,53250,7,0,0,0,7,0,1848,47,18,0,1138000000,71154000000,1801246,64589,498,99,2.1246,1.4e-05,0.015993,0.029563,65971.014493,98,0.000406,0.0,0.036145,631.784887,25
Uruguay,Other,Other,Other,Non-NATO,2025,25000,0,25000,43,0,6,6,12,31,3042,6,14,0,772400000,105096000000,3425330,176215,660,100,2.1385,2.6e-05,0.007349,0.007299,30896.0,99,0.00172,0.000176,0.021212,225.496522,88
Honduras,Other,Other,Other,Non-NATO,2025,52225,60000,112225,40,4,7,10,8,11,614,0,98,0,413635000,68854000000,9529188,112090,832,101,2.1679,1.6e-05,0.006007,0.011777,7920.248923,100,0.000766,9.8e-05,0.117788,43.407161,149
Ivory Coast,Other,Other,Other,Non-NATO,2025,22000,0,22000,19,0,0,4,10,5,656,0,3,0,669600935,202758000000,29981758,322463,515,102,2.1796,1e-06,0.003302,0.000734,30436.406136,101,0.000864,1.6e-05,0.005825,22.333611,27
Guatemala,Other,Other,Other,Non-NATO,2025,106114,90000,196114,36,0,4,10,21,5,688,0,25,0,408635000,223183000000,18255216,108889,400,103,2.1956,4e-06,0.001831,0.010743,3850.90563,102,0.000339,4.6e-05,0.0625,22.384561,66
Mali,Other,Other,Other,Non-NATO,2025,40000,0,40000,43,9,12,7,10,10,570,0,0,0,650386000,57235000000,21990607,1240192,0,104,2.2379,2e-06,0.011363,0.001819,16259.65,103,0.001075,8e-06,0.0,29.575627,53
Kyrgyzstan,Other,Other,Other,Non-NATO,2025,23000,300000,323000,7,0,0,0,7,215,2686,30,0,0,221800000,45461000000,6172101,199951,0,105,2.2543,3.6e-05,0.004879,0.052332,9643.478261,104,0.000304,0.001075,0.0,35.935899,222
Laos,Other,Other,Other,Non-NATO,2025,100000,30000,130000,33,0,0,2,23,160,4380,40,36,0,135000000,64173000000,7953556,236800,0,106,2.2663,2.9e-05,0.002104,0.016345,1350.0,105,0.00033,0.000676,36.0,16.97354,229
Estonia,Other,Other,Other,Non-NATO,2025,7700,78800,86500,5,0,0,2,3,0,1685,36,8,0,1463360000,57377000000,1193791,45228,3794,107,2.2917,1.1e-05,0.025504,0.072458,190046.753247,106,0.000649,0.0,0.002109,1225.809208,13
Tajikistan,Other,Other,Other,Non-NATO,2025,9500,600000,609500,25,0,0,1,20,38,1240,3,0,0,446000000,46467000000,10394063,144100,0,108,2.3049,6e-06,0.009598,0.058639,46947.368421,107,0.002632,0.000264,0.0,42.909111,63
Zambia,Other,Other,Other,Non-NATO,2025,15150,0,15150,77,0,0,13,32,35,424,12,0,0,394240000,76493000000,20799116,752618,0,109,2.3411,5e-06,0.005154,0.000728,26022.442244,108,0.005083,4.7e-05,0.0,18.954652,112
Ghana,Other,Other,Other,Non-NATO,2025,15500,0,15500,19,0,0,2,10,0,1824,0,28,0,308500000,229639000000,34589092,238533,539,110,2.3775,1e-06,0.001343,0.000448,19903.225806,109,0.001226,0.0,0.051948,8.918997,47
Zimbabwe,Other,Other,Other,Non-NATO,2025,29000,0,29000,95,13,0,14,28,15,828,0,0,0,530800000,58583000000,17150352,390757,0,111,2.3863,6e-06,0.009061,0.001691,18303.448276,110,0.003276,3.8e-05,0.0,30.949802,110
North Macedonia,Other,Other,Other,Non-NATO,2025,9000,60000,69000,20,0,0,0,10,20,1108,0,0,0,388421700,42444000000,2135622,25713,0,112,2.4042,1.9e-05,0.009151,0.032309,43157.966667,111,0.002222,0.000778,0.0,181.877551,40
South Sudan,Other,Other,Other,Non-NATO,2025,185000,0,185000,20,0,0,5,15,30,1950,24,0,0,175300000,20010000000,12703714,644329,0,113,2.4321,4e-06,0.008761,0.014563,947.567568,112,0.000108,4.7e-05,0.0,13.799114,50
Uganda,Other,Other,Other,Non-NATO,2025,45000,0,45000,51,6,0,0,30,259,3862,6,0,0,985400000,135668000000,49283041,241038,0,114,2.4767,6e-06,0.007263,0.000913,21897.777778,113,0.001133,0.001075,0.0,19.994708,310
Lebanon,Other,Other,Other,Non-NATO,2025,60000,35000,95000,80,0,9,0,68,116,4538,12,64,0,768250325,65818000000,5364482,10400,225,115,2.5981,4.8e-05,0.011672,0.017709,12804.172083,114,0.001333,0.011154,0.284444,143.210533,260
Namibia,Other,Other,Other,Non-NATO,2025,13000,0,13000,34,11,0,3,7,4,2094,0,15,0,370500000,29944000000,2803660,824292,1572,116,2.6384,1.9e-05,0.012373,0.004637,28500.0,115,0.002615,5e-06,0.009542,132.148691,53
Luxembourg,Other,Other,Other,Non-NATO,2025,1000,0,1000,1,0,0,1,0,0,182,0,0,0,726092925,88533000000,671254,2586,0,117,2.6415,1e-06,0.008201,0.00149,726092.925,116,0.001,0.0,0.0,1081.696236,1
Afghanistan,Other,Other,Other,Non-NATO,2025,0,0,0,9,0,0,3,6,0,5202,0,0,0,290000000,54772700000,40121552,652230,0,118,2.6442,0.0,0.005295,0.0,290000000.0,117,9.0,0.0,0.0,7.228035,9
Niger,Other,Other,Other,Non-NATO,2025,25000,0,25000,26,0,2,7,13,0,456,0,0,0,336400000,44561000000,26342784,1267000,0,119,2.6689,1e-06,0.007549,0.000949,13456.0,118,0.00104,0.0,0.0,12.770101,26
Eritrea,Other,Other,Other,Non-NATO,2025,120000,130000,250000,20,1,0,5,13,65,860,23,23,0,198000000,9702000000,6343956,117600,2234,120,2.6985,1.7e-05,0.020408,0.039408,1650.0,119,0.000167,0.000553,0.010295,31.210809,108
Republic of the Congo,Other,Other,Other,Non-NATO,2025,8500,0,8500,13,2,0,4,7,30,644,2,4,0,306400000,38163000000,6097665,342000,169,121,2.7282,8e-06,0.008029,0.001394,36047.058824,120,0.001529,8.8e-05,0.023669,50.248743,47
Botswana,Other,Other,Other,Non-NATO,2025,21000,0,21000,45,11,0,9,16,45,1224,12,0,0,465600000,46742000000,2450668,581730,0,122,2.7509,3.7e-05,0.009961,0.008569,22171.428571,121,0.002143,7.7e-05,0.0,189.989015,90
Mauritania,Other,Other,Other,Non-NATO,2025,31540,66000,97540,24,0,4,7,4,25,628,0,6,0,261250000,30395000000,4328040,1030700,754,123,2.7977,1.3e-05,0.008595,0.022537,8283.13253,122,0.000761,2.4e-05,0.007958,60.362196,55
Dominican Republic,Other,Other,Other,Non-NATO,2025,50000,0,50000,79,0,8,11,50,5,540,0,34,0,810800000,261616000000,10815857,48320,1288,124,2.8023,1.1e-05,0.003099,0.004623,16216.0,123,0.00158,0.000103,0.026398,74.964009,118
Senegal,Other,Other,Other,Non-NATO,2025,17000,0,17000,40,0,0,5,20,0,1740,0,4,0,465150000,77382000000,18847519,196722,531,125,2.8116,2e-06,0.006011,0.000902,27361.764706,124,0.002353,0.0,0.007533,24.679641,44
Nepal,Other,Other,Other,Non-NATO,2025,95000,0,95000,15,0,0,5,10,0,1108,0,0,0,409100000,144310000000,31122387,147181,0,126,2.8915,0.0,0.002835,0.003052,4306.315789,125,0.000158,0.0,0.0,13.144879,15
Montenegro,Other,Other,Other,Non-NATO,2025,2350,0,2350,11,0,0,0,11,0,471,0,14,0,148100000,17115000000,599849,13812,294,127,2.9216,4.2e-05,0.008653,0.003918,63021.276596,126,0.004681,0.0,0.047619,246.895469,25
El Salvador,Other,Other,Other,Non-NATO,2025,25000,10000,35000,52,0,15,4,30,0,1844,0,14,0,334620000,71957000000,6628702,21041,307,128,2.9371,1e-05,0.00465,0.00528,13384.8,127,0.00208,0.0,0.045603,50.480471,66
Burkina Faso,Other,Other,Other,Non-NATO,2025,12000,0,12000,25,0,3,2,18,0,491,0,0,0,81280000,57152000000,23042199,274200,0,129,2.9734,1e-06,0.001422,0.000521,6773.333333,128,0.002083,0.0,0.0,3.527441,25
Madagascar,Other,Other,Other,Non-NATO,2025,13500,0,13500,5,0,0,0,5,6,158,0,6,0,112210000,51255000000,29452714,587040,4828,130,3.0609,1e-06,0.002189,0.000458,8311.851852,129,0.00037,1e-05,0.001243,3.809836,17
Nicaragua,Other,Other,Other,Non-NATO,2025,45000,0,45000,17,0,0,5,11,89,1869,0,23,0,92000000,51088000000,6676948,130370,910,131,3.0966,1.9e-05,0.001801,0.00674,2044.444444,130,0.000378,0.000683,0.025275,13.77875,129
Bosnia and Herzegovina,Other,Other,Other,Non-NATO,2025,12770,6000,18770,22,0,0,0,22,45,720,0,0,0,216400000,63769000000,3798671,51197,20,132,3.0799,1.8e-05,0.003393,0.004941,16945.96711,131,0.001723,0.000879,0.0,56.967292,67
Gabon,Other,Other,Other,Non-NATO,2025,4800,0,4800,24,6,0,3,15,0,424,0,5,0,274820000,48201000000,2455105,267667,885,133,3.1805,1.2e-05,0.005702,0.001955,57254.166667,132,0.005,0.0,0.00565,111.938186,29
Moldova,Other,Other,Other,Non-NATO,2025,8500,67000,75500,3,0,0,1,2,0,500,9,0,0,1710000000,38969000000,3599528,33851,0,134,3.2555,1e-06,0.043881,0.020975,201176.470588,133,0.000353,0.0,0.0,475.062286,3
Iceland,Other,Other,Other,Non-NATO,2025,0,0,0,0,0,0,0,0,0,150,0,0,0,312400000,26155000000,364036,100250,4970,135,3.5181,0.0,0.011944,0.0,312400000.0,134,0.0,0.0,0.0,858.156886,0
Panama,Other,Other,Other,Non-NATO,2025,0,0,0,38,0,0,13,23,0,262,0,30,0,917202000,159867000000,4470241,75420,2490,136,3.6575,1.5e-05,0.005737,0.0,917202000.0,135,38.0,0.0,0.012048,205.179542,68
Beliz,Other,Other,Other,Non-NATO,2025,1650,850,2500,3,0,0,1,1,0,130,0,8,0,29538000,5257000000,415789,22966,386,137,3.7191,2.6e-05,0.005619,0.006013,17901.818182,136,0.001818,0.0,0.020725,71.04084,11
Liberia,Other,Other,Other,Non-NATO,2025,1500,0,1500,0,0,0,0,0,0,300,0,4,0,364800000,8884000000,5437249,111369,579,138,3.7781,1e-06,0.041063,0.000276,243200.0,137,0.0,0.0,0.006908,67.092752,4
Suriname,Other,Other,Other,Non-NATO,2025,2000,0,2000,3,0,0,0,3,0,650,0,17,0,144000000,11824000000,646758,163820,386,139,3.9127,3.1e-05,0.012179,0.003092,72000.0,138,0.0015,0.0,0.044041,222.648966,20
Sierra Leone,Other,Other,Other,Non-NATO,2025,13000,0,13000,1,0,0,0,1,0,150,0,7,0,228600000,14633000000,9121049,71740,402,140,3.9701,1e-06,0.015622,0.001425,17584.615385,139,7.7e-05,0.0,0.017413,25.062907,8
Kosovo,Other,Other,Other,Non-NATO,2025,10000,5000,15000,0,0,0,0,0,0,737,0,0,0,260715150,23794000000,1977093,10887,0,141,4.9141,0.0,0.010957,0.007587,26071.515,140,0.0,0.0,0.0,131.867924,0
Somalia,Other,Other,Other,Non-NATO,2025,15000,0,15000,0,0,0,0,0,0,682,0,10,0,171002350,26351000000,13017273,637657,3025,142,4.2037,1e-06,0.006489,0.001152,11400.156667,141,0.0,0.0,0.003306,13.136572,10
Central African Republic,Other,Other,Other,Non-NATO,2025,10000,0,10000,6,0,6,0,0,0,228,0,0,0,45990000,5849000000,5650957,622984,0,143,4.2347,1e-06,0.007863,0.00177,4599.0,142,0.0006,0.0,0.0,8.138445,6
Benin,Other,Other,Other,Non-NATO,2025,4750,0,4750,5,0,0,0,5,0,92,0,2,0,98350000,52510000000,14697052,112622,121,144,4.3156,0.0,0.001873,0.000323,20705.263158,143,0.001053,0.0,0.016529,6.691818,7
Bhutan,Other,Other,Other,Non-NATO,2025,7500,0,7500,2,0,0,0,2,0,84,0,0,0,14000000,10981000000,884546,38394,0,145,6.3934,2e-06,0.001275,0.008479,1866.666667,144,0.000267,0.0,0.0,15.827328,2
