country,capital_city,region,continent,alliance,year,population,defense_budget_usd,gdp_usd,land_area_sq_km,coastline_km,active_personnel,reserve_personnel,total_personnel,total_aircraft,fighter_aircraft,attack_aircraft,transport_aircraft,helicopters,tanks,armored_vehicles,artillery_units,naval_assets,aircraft_carriers,Power_index_score,power_index_rank
United States,"Washington, D.C.",North America,North America,NATO,2025,341963408,895000000000,24662000000000,9833517,19924,1328000,799500,2127500,13043,1790,889,918,5843,4640,391963,671,440,11,0.0744,1
Russia,Moscow,Europe,Europe,Non-NATO,2025,140820810,126000000000,5816000000000,17098242,37653,1320000,2000000,3320000,4292,833,689,456,1651,5750,131527,5168,419,1,0.0788,2
China,Beijing,Asia,Asia,Non-NATO,2025,1415043270,266850000000,31227000000000,9596960,14500,2035000,510000,2545000,3309,1212,371,289,913,6800,144017,3490,754,3,0.0788,3
India,New Delhi,Asia,Asia,Non-NATO,2025,1409128296,75000000000,13104000000000,3287263,7000,1455550,1155000,2610550,2229,513,130,270,899,4201,148594,100,293,2,0.1184,4
South Korea,Seoul,Asia,Asia,Others,2025,52081799,46300000000,2615000000000,99720,2413,600000,3100000,3700000,1592,315,98,41,807,2236,58880,3270,227,0,0.1656,5
United Kingdom,London,Europe,Europe,NATO,2025,68459055,71500540000,3700000000000,243610,12429,184860,924000,1108860,631,113,31,29,266,227,38200,71,109,2,0.1785,6
France,Paris,Europe,Europe,NATO,2025,68374591,55000000000,3764000000000,643801,4853,200000,26000,226000,976,226,0,119,448,215,110932,96,129,1,0.1878,7
Japan,Tokyo,Asia,Asia,Non-NATO,2025,123201945,57000000000,5761000000000,377915,29751,247150,56000,303150,1443,217,38,55,596,521,31964,149,159,0,0.1839,8
Turkiye,Ankara,Unknown,Unknown,NATO,2025,84119531,47000000000,2936000000000,783562,7200,355200,378700,733900,1083,201,0,84,508,2238,61173,1038,182,0,0.1902,9
Italy,Rome,Europe,Europe,NATO,2025,60964931,30890000000,3097000000000,301340,7600,165500,18500,184000,729,89,67,30,392,200,73480,64,196,2,0.2164,10
Brazil,Brasília,South America,South America,Non-NATO,2025,220051512,26157300000,4016000000000,8515770,7491,360000,340000,700000,513,43,38,109,191,294,22464,109,64,0,0.2415,11
Pakistan,Islamabad,Asia,Asia,Others,2025,252363571,7640000000,1347000000000,796095,1046,654000,550000,1204000,1399,328,90,64,373,2627,17516,662,121,0,0.2513,12
Indonesia,Jakarta,Asia,Asia,Others,2025,281562465,10600000000,3906000000000,1904569,54716,400000,400000,800000,459,41,34,70,214,331,20440,153,331,0,0.2557,13
Germany,Berlin,Europe,Europe,NATO,2025,84119100,50000000000,5230000000000,357022,2389,181600,34000,215600,584,129,63,50,309,296,83260,134,61,0,0.2601,14
Israel,Jerusalem,Asia,Asia,Others,2025,9402617,30500000000,471030000000,21937,273,170000,465000,635000,611,240,38,13,147,1300,35985,352,62,0,0.2661,15
Iran,Tehran,Asia,Asia,Others,2025,88386937,15450000000,1440000000000,1648195,2440,610000,350000,960000,551,188,21,87,128,1713,65825,392,107,0,0.3048,16
Spain,Madrid,Europe,Europe,NATO,2025,47280433,23397000000,2242000000000,505370,4964,133282,15150,148432,461,137,12,51,153,317,17626,95,152,1,0.3242,17
Australia,Canberra,Oceania,Oceania,Others,2025,26768598,55700000000,1584000000000,7741220,25760,57350,32050,89400,327,24,62,38,69,59,15648,0,44,0,0.3298,18
Egypt,Cairo,Africa,Africa,Others,2025,111247248,5879500000,1912000000000,1001450,2450,440000,480000,920000,1093,238,90,61,348,3620,41012,1056,150,0,0.3427,19
Ukraine,Kiev,Europe,Europe,Others,2025,35661826,53700000000,559981000000,603550,2782,900000,1200000,2100000,324,70,36,24,136,1114,18920,658,89,0,0.3755,20
Poland,Warsaw,Europe,Europe,NATO,2025,38746310,48700000000,1616000000000,312685,440,202100,350000,552100,479,59,44,49,216,614,23138,677,62,0,0.3776,21
Taiwan,Taipei,Asia,Asia,Others,2025,23595274,19740000000,1257300000000,35980,1566,215000,2310000,2525000,761,285,0,19,236,888,19921,488,97,0,0.3988,22
Vietnam,Hanoi,Asia,Asia,Others,2025,105758975,8594000000,1354000000000,331210,3444,600000,5000000,5600000,246,41,32,9,101,1374,11912,40,110,0,0.4024,23
Saudi Arabia,Riyadh,Asia,Asia,Others,2025,36544431,74760000000,1831000000000,2149690,2640,257000,0,257000,917,283,81,49,264,840,19040,332,32,0,0.4201,24
Thailand,Bangkok,Asia,Asia,Others,2025,69920998,5887883500,1516000000000,513120,3219,360850,200000,560850,493,72,20,54,258,635,16935,50,293,0,0.4536,25
Algeria,Algiers,Africa,Africa,Others,2025,47022473,25000000000,699947000000,2381740,998,325000,135000,460000,608,102,42,63,299,1485,26000,224,110,0,0.3589,26
Sweden,Stockholm,Europe,Europe,Others,2025,10589835,13000000000,676353000000,450295,3218,24400,32900,57300,169,71,0,6,53,110,6795,26,308,0,0.4835,27
Canada,Ottawa,North America,North America,NATO,2025,38794813,41000000000,2238000000000,9984670,202080,68000,27000,95000,351,66,0,28,145,74,21704,0,73,0,0.5179,28
Singapore,Singapore,Asia,Asia,Others,2025,6028459,15000000000,754758000000,719,193,51000,252500,303500,230,100,0,9,70,170,8998,48,50,0,0.5271,29
Greece,Athens,Europe,Europe,NATO,2025,10461091,6500000000,375780000000,131957,13676,142700,221350,364050,558,178,0,15,293,1344,61888,589,192,0,0.5337,30
Nigeria,Abuja,Africa,Africa,Others,2025,236747130,3160000000,1275000000000,923768,853,230000,0,230000,163,14,24,23,66,330,8962,40,133,0,0.5771,31
Mexico,Mexico City,North America,North America,Non-NATO,2025,130739927,7600000000,2873000000000,1964375,9330,412000,98655,510655,433,3,33,41,178,0,19658,20,167,0,0.5965,32
Argentina,Buenos Aires,South America,South America,Others,2025,46994384,928897000,1235000000000,2780400,4989,108000,0,108000,239,23,11,52,94,342,21724,55,44,0,0.6013,33
North Korea,Pyongyang,Asia,Asia,Others,2025,26298666,4736000000,72000000000,120538,2495,1320000,560000,1880000,861,368,114,1,205,4344,18288,1300,207,0,0.6016,34
Bangladesh,Dhaka,Asia,Asia,Others,2025,168697184,4374000000,1413000000000,148460,580,163000,0,163000,214,42,0,17,65,320,11584,56,118,0,0.6062,35
Netherlands,Amsterdam,Europe,Europe,NATO,2025,17772378,27000000000,1240000000000,41543,451,41380,6765,48145,120,32,0,4,63,18,2755,46,64,0,0.6412,36
Myanmar,Unknown,Asia,Asia,Others,2025,57527139,2948000000,290507000000,676578,1930,150000,20000,170000,317,58,26,30,83,445,5980,95,232,0,0.6735,37
Norway,Oslo,Europe,Europe,NATO,2025,5509733,9710000000,499528000000,323802,25148,23250,0,23250,97,0,32,4,33,44,6552,42,43,0,0.6811,38
Portugal,Lisbon,Europe,Europe,Others,2025,10639726,4627000000,529901000000,92090,1793,24000,211700,235700,115,28,0,19,31,34,10828,24,194,0,0.6856,39
South Africa,Pretoria,Africa,Africa,Non-NATO,2025,60442647,2266800000,862981000000,1219090,2798,71235,29350,100585,182,2,0,12,87,252,18692,49,49,0,0.6889,40
Philippines,Manila,Asia,Asia,Others,2025,118277063,4380000000,1138000000000,300000,36289,150000,1200000,1350000,202,0,25,26,122,10,11878,12,113,0,0.6987,41
Malaysia,Kuala Lumpur,Asia,Asia,Others,2025,34564810,4800000000,1152000000000,329847,4675,113000,51600,164600,135,26,12,16,45,48,13506,0,100,0,0.7429,42
Iraq,Baghdad,Asia,Asia,Others,2025,42083436,7923000000,572939000000,438317,58,193000,0,193000,391,26,36,15,197,1025,37288,434,68,0,0.7738,43
Switzerland,Bern,Europe,Europe,Others,2025,8860574,25039000000,733779000000,41277,0,101584,49715,151299,146,43,0,16,40,205,6996,133,0,0,0.7869,44
Denmark,Copenhagen,Europe,Europe,Others,2025,5973136,7225466250,428385000000,43094,7314,20000,12000,32000,117,31,4,4,34,44,3856,19,50,0,0.8109,45
Colombia,Bogotá,South America,South America,Others,2025,49588357,10541500000,978024000000,1138910,3208,293200,35000,328200,436,16,24,86,257,0,3460,6,233,0,0.8353,46
Chile,Santiago,South America,South America,Others,2025,18664652,5032500000,579201000000,756102,6435,80000,40000,120000,277,45,0,32,87,386,8832,48,130,0,0.8361,47
Finland,Helsinki,Europe,Europe,Others,2025,5626414,6779661000,321126000000,338145,1250,24000,870000,894000,163,54,0,11,27,200,11704,107,264,0,0.8437,48
Peru,Lima,South America,South America,Others,2025,32600249,3420000000,517644000000,1285216,2414,120000,385000,505000,256,15,22,38,111,240,6560,12,71,0,0.8588,49
Venezuela,Caracas,South America,South America,Others,2025,31250306,4093120000,295974800000,912050,2800,109000,8000,117000,229,30,0,49,88,172,8802,48,34,0,0.8882,50
Romania,Bucharest,Europe,Europe,Others,2025,18148155,9700000000,772107000000,238391,225,81300,55000,136300,140,21,0,14,65,328,10774,0,20,0,0.8984,51
Ethiopia,Addis Ababa,Africa,Africa,Others,2025,118550298,2097575000,354604000000,1104300,0,162000,0,162000,103,25,0,8,33,338,7256,35,0,0,0.9305,52
Czechia,Unknown,Europe,Europe,Others,2025,10837890,6750000000,519007000000,78867,0,28000,4200,32200,99,12,16,10,42,43,6340,50,0,0,0.9994,53
United Arab Emirates,Abu Dhabi,Asia,Asia,Others,2025,10032213,2212360382,719733000000,83600,1318,65000,130000,195000,551,99,16,37,247,354,8707,165,181,0,1.0186,54
Hungary,Budapest,Europe,Europe,Others,2025,9855745,4576000000,388906000000,103000,0,41600,20000,61600,69,12,0,3,44,209,7797,24,0,0,1.0259,55
Angola,Luanda,Africa,Africa,Others,2025,37202061,1101360000,265868000000,1246700,1600,107000,0,107000,298,71,12,31,116,309,5500,25,31,0,1.0961,56
Kazakhstan,Astana,Asia,Asia,Others,2025,20260006,2048700000,705520000000,2724900,26,110000,135000,245000,198,63,25,19,65,350,7736,126,26,0,1.1016,57
Uzbekistan,Tashkent,Asia,Asia,Others,2025,36520593,2803500000,319174000000,447400,420,48000,0,48000,192,58,13,13,101,340,2970,147,0,0,1.1121,58
Morocco,Rabat,Africa,Africa,Others,2025,37387585,13400000000,337480000000,715550,1835,195800,150000,345800,260,83,0,31,78,903,7877,396,111,0,1.1273,59
Azerbaijan,Baku,Asia,Asia,Others,2025,10650239,5000000000,215896000000,86600,713,126400,300000,426400,154,12,18,3,86,497,7642,198,38,0,1.2531,60
Belgium,Brussels,Europe,Europe,Others,2025,11977634,10200000000,751592000000,30528,67,25000,6400,31400,108,43,0,7,20,0,4606,0,9,0,1.2564,61
Bulgaria,Sofia,Europe,Europe,Others,2025,6782659,1373232000,214061000000,110880,354,37000,3000,40000,65,10,5,6,27,90,4914,48,36,0,1.2563,62
Serbia,Belgrade,Europe,Europe,Others,2025,6652212,2287461000,162213000000,77474,0,25000,2000,27000,110,11,17,3,46,262,3683,90,20,0,1.2576,63
Syria,Damascus,Asia,Asia,Others,2025,23865423,291850000,55935900000,187437,193,170000,50000,220000,207,104,9,3,77,365,11148,90,27,0,1.2771,64
Ecuador,Quito,South America,South America,Others,2025,18309984,2376000000,260213000000,283560,2237,41250,118000,159250,102,0,0,20,46,54,5204,5,30,0,1.3021,65
Democratic Republic of the Congo,Kinshasa,Africa,Africa,Others,2025,115403027,796560000,154012000000,2344858,37,166580,31000,197580,46,1,6,6,32,105,916,8,16,0,1.3111,66
Cuba,Havana,North America,North America,Others,2025,10966038,4508784000,141400000000,110860,3735,45500,40000,85500,31,11,0,4,13,113,6864,60,19,0,1.3286,67
Austria,Vienna,Europe,Europe,Others,2025,8967982,5475750000,590354000000,83871,0,16000,125600,141600,85,15,0,11,41,56,7322,30,0,0,1.3704,68
Sri Lanka,Colombo,Asia,Asia,Others,2025,21982608,1265400000,287132000000,65610,1340,346000,90000,436000,85,5,0,14,55,44,3190,0,270,0,1.3941,69
Belarus,Minsk,Europe,Europe,Others,2025,9501451,1077900000,254407000000,207600,0,63000,145000,208000,185,36,50,4,68,507,6916,357,0,0,1.3954,70
Slovakia,Bratislava,Europe,Europe,Others,2025,5563649,2656000000,213053000000,49035,0,19500,0,19500,41,2,0,7,22,45,3074,35,0,0,1.3978,71
Qatar,Doha,Asia,Asia,Others,2025,2552088,9432000000,304973000000,11586,563,66550,15000,81550,251,102,6,12,80,99,5024,46,115,0,1.4307,72
Sudan,Khartoum,Africa,Africa,Others,2025,50467278,342000000,136039000000,1861484,853,92000,85000,177000,165,37,27,13,64,224,2900,100,6,0,1.4756,73
Croatia,Zagreb,Europe,Europe,Others,2025,4150116,1176000000,159305000000,56594,5835,14325,20100,34425,67,10,0,0,37,45,2848,25,30,0,1.5074,74
Jordan,Amman,Asia,Asia,Others,2025,11174024,2500000000,106806000000,89342,26,100500,65000,165500,274,44,6,13,155,1458,16624,358,27,0,1.6139,75
Libya,Tripoli,Africa,Africa,Others,2025,7361263,3060000000,121951000000,1759540,1770,32000,0,32000,143,10,1,6,16,43,1816,15,5,0,1.4449,76
Turkmenistan,Ashgabat,Asia,Asia,Others,2025,5744151,1078020000,94790000000,488100,1768,36500,0,36500,91,24,27,5,26,654,5016,73,16,0,1.6512,77
Albania,Tirana,Europe,Europe,Others,2025,3107100,558862420,49592000000,28748,362,6600,2000,8600,19,0,0,0,19,46,1796,0,19,0,1.6815,78
Kuwait,Kuwait City,Asia,Asia,Others,2025,3138355,6950000000,219060000000,17818,499,72000,24000,96000,128,43,0,2,67,367,5636,74,123,0,1.6982,79
Bolivia,Sucre,South America,South America,Others,2025,12311974,550200000,119785000000,1098581,0,40000,40000,80000,64,0,0,15,33,54,890,0,67,0,1.7221,80
Bahrain,Manama,Asia,Asia,Others,2025,1566888,1597200000,85491000000,760,161,18400,110000,128400,132,24,0,3,80,150,2764,38,64,0,1.7448,81
Oman,Muscat,Asia,Asia,Others,2025,3901992,8200000000,185960000000,309500,2092,42600,100000,142600,128,29,10,9,31,150,4084,24,22,0,1.8047,82
Kenya,Nairobi,Africa,Africa,Others,2025,58246378,1307383850,314063000000,580367,536,50000,0,50000,156,17,0,21,85,188,4128,18,23,0,1.8135,83
Chad,N'Djamena,Africa,Africa,Others,2025,19093595,381350000,32446000000,1284000,0,33250,0,33250,40,0,7,7,16,90,3316,10,0,0,1.8712,84
Yemen,Sana'a,Asia,Asia,Others,2025,32140443,810375000,67003300000,527968,1906,66700,0,66700,84,27,12,2,30,0,550,0,33,0,1.8901,85
New Zealand,Wellington,Oceania,Oceania,Others,2025,5161211,3030000000,254770000000,268838,15134,8670,3250,11920,48,0,0,8,21,0,2114,0,8,0,1.9039,86
Paraguay,Asunción,South America,South America,Others,2025,7522549,17595000000,108022000000,406752,0,15650,168500,184150,39,0,0,11,14,0,1108,0,72,0,1.9044,87
Lithuania,Vilnius,Europe,Europe,Others,2025,2628186,2388900000,132712000000,65300,90,23000,104000,127000,9,0,0,5,4,0,1263,21,14,0,1.9075,88
Mozambique,Maputo,Africa,Africa,Others,2025,33350954,412400000,50631000000,799380,2470,11200,0,11200,22,8,0,4,8,30,872,0,33,0,1.9265,89
Tunisia,Tunis,Africa,Africa,Others,2025,12048847,1400000000,153637000000,163610,1148,89800,0,89800,154,10,0,11,101,90,7913,0,58,0,1.9538,90
Armenia,Yerevan,Asia,Asia,Others,2025,2976765,1700000000,57728000000,29743,0,57500,210000,267500,71,4,15,3,36,109,1306,145,0,0,2.0373,91
Tanzania,Dodoma,Africa,Africa,Others,2025,67462121,1406745334,234050000000,947300,1424,27000,80000,107000,39,14,0,6,12,62,1072,0,12,0,2.0416,92
Cameroon,Yaoundé,Africa,Africa,Others,2025,30966105,554952283,138925000000,475440,400,40000,0,40000,35,0,0,6,21,0,430,18,51,0,2.0501,93
Georgia,Tbilisi,Asia,Asia,Others,2025,4900961,495629055,83656000000,69700,310,55000,152500,207500,61,0,5,2,44,123,3392,67,19,0,2.0695,94
Cambodia,Phnom Penh,Asia,Asia,Others,2025,17063669,860000000,85900000000,181035,443,221000,0,221000,25,0,0,4,21,644,3627,30,20,0,2.0752,95
Slovenia,Ljubljana,Europe,Europe,Others,2025,2097893,886860000,102036000000,20273,47,7300,26000,33300,39,0,0,4,16,54,1428,0,2,0,2.1016,96
Ireland,Dublin,Europe,Europe,Others,2025,5233461,1500000000,608463000000,70273,1448,7765,1700,9465,22,0,0,4,8,0,1712,0,8,0,2.1103,97
Mongolia,Ulan Bator,Asia,Asia,Others,2025,3281676,165110000,56264000000,1564116,0,35000,135000,170000,7,0,0,3,2,420,2560,0,0,0,2.1135,98
Latvia,Riga,Europe,Europe,Others,2025,1801246,1138000000,71154000000,64589,498,17250,36000,53250,7,0,0,0,7,0,1848,47,18,0,2.1246,99
Uruguay,Montevideo,South America,South America,Others,2025,3425330,772400000,105096000000,176215,660,25000,0,25000,43,0,6,6,12,31,3042,6,14,0,2.1385,100
Honduras,Tegucigalpa,North America,North America,Others,2025,9529188,413635000,68854000000,112090,832,52225,60000,112225,40,4,7,10,8,11,614,0,98,0,2.1679,101
Ivory Coast,Yamoussoukro,Africa,Africa,Others,2025,29981758,669600935,202758000000,322463,515,22000,0,22000,19,0,0,4,10,5,656,0,3,0,2.1796,102
Guatemala,Guatemala City,North America,North America,Others,2025,18255216,408635000,223183000000,108889,400,106114,90000,196114,36,0,4,10,21,5,688,0,25,0,2.1956,103
Mali,Bamako,Africa,Africa,Others,2025,21990607,650386000,57235000000,1240192,0,40000,0,40000,43,9,12,7,10,10,570,0,0,0,2.2379,104
Kyrgyzstan,Bishkek,Asia,Asia,Others,2025,6172101,221800000,45461000000,199951,0,23000,300000,323000,7,0,0,0,7,215,2686,30,0,0,2.2543,105
Laos,Vientiane,Asia,Asia,Others,2025,7953556,135000000,64173000000,236800,0,100000,30000,130000,33,0,0,2,23,160,4380,40,36,0,2.2663,106
Estonia,Tallinn,Europe,Europe,Others,2025,1193791,1463360000,57377000000,45228,3794,7700,78800,86500,5,0,0,2,3,0,1685,36,8,0,2.2917,107
Tajikistan,Dushanbe,Asia,Asia,Others,2025,10394063,446000000,46467000000,144100,0,9500,600000,609500,25,0,0,1,20,38,1240,3,0,0,2.3049,108
Zambia,Lusaka,Africa,Africa,Others,2025,20799116,394240000,76493000000,752618,0,15150,0,15150,77,0,0,13,32,35,424,12,0,0,2.3411,109
Ghana,Accra,Africa,Africa,Others,2025,34589092,308500000,229639000000,238533,539,15500,0,15500,19,0,0,2,10,0,1824,0,28,0,2.3775,110
Zimbabwe,Harare,Africa,Africa,Others,2025,17150352,530800000,58583000000,390757,0,29000,0,29000,95,13,0,14,28,15,828,0,0,0,2.3863,111
North Macedonia,Unknown,Europe,Europe,Others,2025,2135622,388421700,42444000000,25713,0,9000,60000,69000,20,0,0,0,10,20,1108,0,0,0,2.4042,112
South Sudan,Juba,Africa,Africa,Others,2025,12703714,175300000,20010000000,644329,0,185000,0,185000,20,0,0,5,15,30,1950,24,0,0,2.4321,113
Uganda,Kampala,Africa,Africa,Others,2025,49283041,985400000,135668000000,241038,0,45000,0,45000,51,6,0,0,30,259,3862,6,0,0,2.4767,114
Lebanon,Beirut,Asia,Asia,Others,2025,5364482,768250325,65818000000,10400,225,60000,35000,95000,80,0,9,0,68,116,4538,12,64,0,2.5981,115
Namibia,Windhoek,Africa,Africa,Others,2025,2803660,370500000,29944000000,824292,1572,13000,0,13000,34,11,0,3,7,4,2094,0,15,0,2.6384,116
Luxembourg,Luxembourg,Europe,Europe,Others,2025,671254,726092925,88533000000,2586,0,1000,0,1000,1,0,0,1,0,0,182,0,0,0,2.6415,117
Afghanistan,Kabul,Asia,Asia,Others,2025,40121552,290000000,54772700000,652230,0,0,0,0,9,0,0,3,6,0,5202,0,0,0,2.6442,118
Niger,Niamey,Africa,Africa,Others,2025,26342784,336400000,44561000000,1267000,0,25000,0,25000,26,0,2,7,13,0,456,0,0,0,2.6689,119
Eritrea,Asmara,Africa,Africa,Others,2025,6343956,198000000,9702000000,117600,2234,120000,130000,250000,20,1,0,5,13,65,860,23,23,0,2.6985,120
Republic of the Congo,Brazzaville,Africa,Africa,Others,2025,6097665,306400000,38163000000,342000,169,8500,0,8500,13,2,0,4,7,30,644,2,4,0,2.7282,121
Botswana,Gaborone,Africa,Africa,Others,2025,2450668,465600000,46742000000,581730,0,21000,0,21000,45,11,0,9,16,45,1224,12,0,0,2.7509,122
Mauritania,Nouakchott,Africa,Africa,Others,2025,4328040,261250000,30395000000,1030700,754,31540,66000,97540,24,0,4,7,4,25,628,0,6,0,2.7977,123
Dominican Republic,Santo Domingo,North America,North America,Others,2025,10815857,810800000,261616000000,48320,1288,50000,0,50000,79,0,8,11,50,5,540,0,34,0,2.8023,124
Senegal,Dakar,Africa,Africa,Others,2025,18847519,465150000,77382000000,196722,531,17000,0,17000,40,0,0,5,20,0,1740,0,4,0,2.8116,125
Nepal,Kathmandu,Asia,Asia,Others,2025,31122387,409100000,144310000000,147181,0,95000,0,95000,15,0,0,5,10,0,1108,0,0,0,2.8915,126
Montenegro,Unknown,Europe,Europe,Others,2025,599849,148100000,17115000000,13812,294,2350,0,2350,11,0,0,0,11,0,471,0,14,0,2.9216,127
El Salvador,San Salvador,North America,North America,Others,2025,6628702,334620000,71957000000,21041,307,25000,10000,35000,52,0,15,4,30,0,1844,0,14,0,2.9371,128
Burkina Faso,Ouagadougou,Africa,Africa,Others,2025,23042199,81280000,57152000000,274200,0,12000,0,12000,25,0,3,2,18,0,491,0,0,0,2.9734,129
Madagascar,Antananarivo,Africa,Africa,Others,2025,29452714,112210000,51255000000,587040,4828,13500,0,13500,5,0,0,0,5,6,158,0,6,0,3.0609,130
Nicaragua,Managua,North America,North America,Others,2025,6676948,92000000,51088000000,130370,910,45000,0,45000,17,0,0,5,11,89,1869,0,23,0,3.0966,131
Bosnia and Herzegovina,Sarajevo,Europe,Europe,Others,2025,3798671,216400000,63769000000,51197,20,12770,6000,18770,22,0,0,0,22,45,720,0,0,0,3.0799,132
Gabon,Libreville,Africa,Africa,Others,2025,2455105,274820000,48201000000,267667,885,4800,0,4800,24,6,0,3,15,0,424,0,5,0,3.1805,133
Moldova,Chișinău,Europe,Europe,Others,2025,3599528,1710000000,38969000000,33851,0,8500,67000,75500,3,0,0,1,2,0,500,9,0,0,3.2555,134
Iceland,Reykjavik,Europe,Europe,Others,2025,364036,312400000,26155000000,100250,4970,0,0,0,0,0,0,0,0,0,150,0,0,0,3.5181,135
Panama,Panama City,North America,North America,Others,2025,4470241,917202000,159867000000,75420,2490,0,0,0,38,0,0,13,23,0,262,0,30,0,3.6575,136
Beliz,Unknown,Unknown,Unknown,Others,2025,415789,29538000,5257000000,22966,386,1650,850,2500,3,0,0,1,1,0,130,0,8,0,3.7191,137
Liberia,Monrovia,Africa,Africa,Others,2025,5437249,364800000,8884000000,111369,579,1500,0,1500,0,0,0,0,0,0,300,0,4,0,3.7781,138
Suriname,Paramaribo,South America,South America,Others,2025,646758,144000000,11824000000,163820,386,2000,0,2000,3,0,0,0,3,0,650,0,17,0,3.9127,139
Sierra Leone,Freetown,Africa,Africa,Others,2025,9121049,228600000,14633000000,71740,402,13000,0,13000,1,0,0,0,1,0,150,0,7,0,3.9701,140
Kosovo,Unknown,Unknown,Unknown,Others,2025,1977093,260715150,23794000000,10887,0,10000,5000,15000,0,0,0,0,0,0,737,0,0,0,4.9141,141
Somalia,Mogadishu,Africa,Africa,Others,2025,13017273,171002350,26351000000,637657,3025,15000,0,15000,0,0,0,0,0,0,682,0,10,0,4.2037,142
Central African Republic,Bangui,Africa,Africa,Others,2025,5650957,45990000,5849000000,622984,0,10000,0,10000,6,0,6,0,0,0,228,0,0,0,4.2347,143
Benin,Porto-Novo,Africa,Africa,Others,2025,14697052,98350000,52510000000,112622,121,4750,0,4750,5,0,0,0,5,0,92,0,2,0,4.3156,144
Bhutan,Thimphu,Asia,Asia,Others,2025,884546,14000000,10981000000,38394,0,7500,0,7500,2,0,0,0,2,0,84,0,0,0,6.3934,145
