country,power_index_rank,population,total_personnel,manpowerfitformilitaryservice,manpowerreachingmilitaryageannually,active_personnel,reserve_personnel,manpowerparamilitary,total_aircraft,fighter_aircraft,attack_aircraft,transport_aircraft,aircrafttotaltrainers,aircrafttotalspecialmission,aircrafttotaltankerfleet,helicopters,aircrafthelicoptersattack,tanks,armored_vehicles,armorselfpropelledgunstotal,artillery_units,armormlrstotal,naval_assets,navyforcebytonnage,aircraft_carriers,navyhelocarriers,navysubmarines,navydestroyers,navyfrigates,navycorvettes,navypatrolcoastalcraft,navyminewarfarecraft,defense_budget_usd,externaldebtbycountry,gdp_usd,reservesofforeignexchangeandgold,majorserviceableairportsbycountry,laborforcebycountry,majorportsandterminals,merchantmarinestrengthbycountry,roadwaycoverage,railwaycoverage,oilproductionbycountry,oilconsumptionbycountry,provenoilreservesbycountry,naturalgasproductionbycountry,naturalgasconsumptionbycountry,provennaturalgasreservesbycountry,coalproductionbycountry,coalconsumptionbycountry,provencoalreservesbycountry,land_area_sq_km,coastline_km,bordercoverage,waterwaycoverage,capital_city,continent,region,alliance,year,power_index_score,assets_per_capita,defense_budget_gdp_ratio,personnel_density,budget_per_soldier,rank_gap,air_power_ratio,armor_intensity,naval_per_coastline,military_burden,total_assets
United States,1,341963408,150463900,124816644,4445524,1328000,799500,0,13043,1790,889,918,2647,647,605,5843,1002,4640,391963,671,1212,641,440,4168037,11,9,70,81,0,26,0,8,895000000000.0,22300000000000.0,24700000000000.0,773000000000.0,15873,170549000,666,3533,6586610,293564,20879000,20245000,38212000000.0,1030000000000.0,914000000000.0,13400000000000.0,548849000,476044000,249000000000.0,9833517,19924,12002,41009,Washington D.C.,North America,North America,NATO,2025,0.0744,5.299689842838389e-05,0.03623481781376518,0.44000000140365897,673945.7831325302,0,0.009821536144578313,0.00047185559347688117,0.022083918891788797,2617.239093605009,18123
Russia,2,140820810,69002197,46189226,1267387,1320000,2000000,250000,4292,833,689,456,611,141,19,1651,557,5750,131527,5168,8505,3005,419,1260447,1,0,63,10,12,83,123,47,126000000000.0,318000000000.0,5820000000000.0,597000000000.0,904,72408000,67,2910,1283387,85494,10727000,3684000,80000000000.0,618000000000.0,472000000000.0,47800000000000.0,508190000,310958000,162000000000.0,17098242,37653,22407,102000,Moscow,Europe,Eastern Europe,Non-NATO,2025,0.0788,7.428589567124348e-05,0.021649484536082474,0.49000000071012234,95454.54545454546,1,0.0032515151515151515,0.0003362918831070469,0.011127931373330147,894.7541205025025,10461
China,3,1415043270,764123366,626864169,19810606,2035000,510000,625000,3309,1212,371,289,402,112,10,913,281,6800,144017,3490,1000,2750,754,2857143,3,4,61,50,47,72,150,36,267000000000.0,1220000000000.0,31200000000000.0,3450000000000.0,531,779246000,66,8314,5200000,150000,4984000,15148000,26023000000.0,225000000000.0,366000000000.0,6650000000000.0,4827000000,5313000000,143000000000.0,9596960,14500,22457,27700,Beijing,Asia,East Asia,Non-NATO,2025,0.0788,7.676797049464077e-06,0.008557692307692308,0.5400000001413384,131203.9312039312,2,0.001626044226044226,0.0007085577099414814,0.052,188.68680955600743,10863
India,4,1409128296,662290299,522786598,23955181,1455550,1155000,2527000,2229,513,130,270,351,74,6,899,80,4201,148594,100,3975,264,293,593603,2,0,18,13,14,18,135,0,75000000000.0,371000000000.0,13100000000000.0,628000000000.0,311,593729000,56,1859,6371847,65554,795000,5049000,4605000000.0,33170000000.0,58867000000.0,1380000000000.0,985671000,1200000000,111000000000.0,3287263,7000,13888,14500,New Delhi,Asia,South Asia,Non-NATO,2025,0.1184,4.771034702151776e-06,0.0057251908396946565,0.469999999914841,51526.91422486345,3,0.0015313798907629417,0.0012779628523790156,0.04185714285714286,53.22439426764588,6723
South Korea,5,52081799,26040900,21353538,416654,600000,3100000,120000,1592,315,98,41,318,36,4,807,111,2236,58880,3270,4400,426,227,344786,0,2,22,13,17,5,35,14,46300000000.0,504000000000.0,2620000000000.0,421000000000.0,89,29611000,15,2149,100428,3979,38000,2452000,0.0,55127000.0,59480000000.0,7079000000.0,15595000,136413000,326000000.0,99720,2413,237,1600,Seoul,Asia,East Asia,Non-NATO,2025,0.1656,7.785829364304408e-05,0.01767175572519084,0.5000000096002828,77166.66666666667,4,0.0026533333333333335,0.02242278379462495,0.09407376709490262,888.9861888219338,4055
United Kingdom,6,68459055,31491165,25192932,753050,184860,924000,0,631,113,31,29,203,28,9,266,37,227,38200,71,126,29,109,394043,2,0,9,6,8,0,26,7,71500540000.0,9590000000000.0,3700000000000.0,178000000000.0,1043,35275000,185,868,394428,16390,753000,1397000,2500000000.0,37758000000.0,70141000000.0,181000000000.0,1891000,8568000,26000000.0,243610,12429,443,3200,London,Europe,Western Europe,NATO,2025,0.1785,1.4125231497863942e-05,0.01932447027027027,0.45999999561781857,386782.1053770421,5,0.0034133939197230337,0.0009318172488814088,0.008769812535199935,1044.4277970240753,967
France,7,68374591,30084820,23794358,752121,200000,26000,150000,976,226,0,119,141,44,16,448,68,215,110932,96,0,9,129,428765,1,3,9,11,11,0,20,17,55000000000.0,6990000000000.0,3760000000000.0,241000000000.0,689,31825000,66,553,1053215,27860,80000,1554000,61719000.0,20132000.0,37001000000.0,7787000000.0,2419000,12985000,160000000.0,643801,4853,4072,8501,Paris,Europe,Western Europe,NATO,2025,0.1878,1.9305417124908286e-05,0.014627659574468085,0.43999999941498735,275000.0,6,0.00488,0.0003339541255760709,0.026581495981866887,804.3923802045119,1320
Japan,8,123201945,52976836,42874277,1108818,247150,56000,25000,1443,217,38,55,401,141,10,596,119,521,31964,149,480,54,159,769882,0,4,24,42,6,0,6,22,57000000000.0,4680000000000.0,5760000000000.0,1300000000000.0,279,69349000,163,5229,1218772,27311,8000,3289000,44115000.0,2220000000.0,92843000000.0,20898000000.0,29141000,216332000,350000000.0,377915,29751,0,1770,Tokyo,Asia,East Asia,Non-NATO,2025,0.1839,1.7231870811779797e-05,0.009895833333333333,0.4299999971591358,230629.17256726685,7,0.005838559579202913,0.001378616884749216,0.005344358172834527,462.6550335711015,2123
Turkiye,9,84119531,42985080,36087279,1430032,355200,378700,150000,1083,201,0,84,287,28,7,508,111,2238,61173,1038,1707,296,182,325729,0,1,13,0,17,9,41,11,47000000000.0,294000000000.0,2940000000000.0,141000000000.0,115,35071000,54,1170,67333,11497,83000,1077000,366000000.0,379701000.0,2887000000.0,3794000000.0,88746000,123976000,11525000000.0,783562,7200,2816,1200,Ankara,Asia,Middle East,NATO,2025,0.1902,4.164312328369972e-05,0.01598639455782313,0.5109999959462447,132319.81981981982,8,0.0030489864864864866,0.00285618751292176,0.025277777777777777,558.728745170964,3503
Italy,10,60964931,27434219,22191235,548684,165500,18500,105000,729,89,67,30,162,23,8,392,37,200,73480,64,108,21,196,359417,2,0,8,3,10,0,19,10,30890000000.0,2750000000000.0,3100000000000.0,247000000000.0,636,25669000,123,1276,487700,18475,116000,1246000,497934000.0,3117000000.0,68735000000.0,45750000000.0,1618000,13127000,609999000.0,301340,7600,1836,2400,Rome,Europe,Southern Europe,NATO,2025,0.2164,1.8453231744000496e-05,0.009964516129032258,0.45000000082014363,186646.5256797583,9,0.004404833836858006,0.0006637021304838389,0.025789473684210525,506.68473650860034,1125
Brazil,11,220051512,112226271,88680759,3520824,360000,340000,200000,513,43,38,109,133,25,0,191,0,294,22464,109,412,38,64,135737,0,1,4,0,6,2,23,3,26157300000.0,432000000000.0,4020000000000.0,355000000000.0,4919,108695000,45,888,2000000,29850,4221000,3027000,12715000000.0,22670000000.0,31654000000.0,364000000000.0,15644000,32787000,6596000000.0,8515770,7491,16145,50000,Brasilia,South America,South America,Non-NATO,2025,0.2415,3.958164122953174e-06,0.006506791044776119,0.5099999994546731,72659.16666666667,10,0.001425,3.452418278088769e-05,0.008543585636096649,118.86898554916542,871
Pakistan,12,252363571,108516336,85803614,4794908,654000,550000,500000,1399,328,90,64,565,27,4,373,57,2627,17516,662,2629,600,121,111715,0,0,8,0,9,9,69,3,7640000000.0,92426000000.0,1350000000000.0,13730000000.0,116,80990000,3,60,264175,11881,101000,473000,540000000.0,36937000000.0,46448000000.0,592000000000.0,12712000,34027000,3064000000.0,796095,1046,7257,0,Islamabad,Asia,South Asia,Non-NATO,2025,0.2513,1.6432641143756837e-05,0.005659259259259259,0.4300000018623924,11681.957186544343,11,0.00213914373088685,0.003299857429075676,0.11567877629063097,30.27378305722263,4147
Indonesia,13,281562465,137965608,114595923,4786562,400000,400000,250000,459,41,34,70,112,17,1,214,15,331,20440,153,396,63,331,304168,0,0,4,0,7,25,211,12,10600000000.0,440000000000.0,3910000000000.0,146000000000.0,513,140931000,123,11422,496607,8159,865000,1728000,2480000000.0,57410000000.0,36061000000.0,1410000000000.0,659357000,202283000,34869000000.0,1904569,54716,2958,21579,Jakarta,Asia,Southeast Asia,Non-NATO,2025,0.2557,3.981354545961942e-06,0.002710997442455243,0.49000000053274145,26500.0,12,0.0011475,0.00017379260084565064,0.006049418817164997,37.647063503297574,1121
Germany,14,84119100,38694786,30955829,841191,181600,34000,0,584,129,63,50,35,26,3,309,54,296,83260,134,0,33,61,228552,0,0,6,0,11,5,0,12,50000000000.0,6240000000000.0,5230000000000.0,323000000000.0,838,44784000,35,595,830000,39379,131000,2052000,115200000.0,4824000000.0,77516000000.0,23390000000.0,138981000,186725000,35900000000.0,357022,2389,3694,7300,Berlin,Europe,Western Europe,NATO,2025,0.2601,1.1186520065003074e-05,0.009560229445506692,0.46,275330.3964757709,13,0.0032158590308370046,0.0008290805608617956,0.025533696107157805,594.395327577209,941
Israel,15,9402617,3949099,3281513,131637,170000,465000,35000,611,240,38,13,159,19,14,147,48,1300,35985,352,171,183,62,38238,0,0,5,0,0,7,46,0,30500000000.0,149000000000.0,471000000000.0,205000000000.0,37,4554000,5,41,20391,1497,15000,230000,12730000.0,22886000000.0,11510000000.0,176000000000.0,0,6476000,0.0,21937,273,1068,0,Jerusalem,Asia,Middle East,Others,2025,0.2661,0.00020983519800923508,0.06475583864118896,0.4199999851105283,179411.76470588235,14,0.0035941176470588236,0.059260609928431414,0.2271062271062271,3243.777769529483,1973
Iran,16,88386937,49496685,41541860,1414191,610000,350000,220000,551,188,21,87,103,10,6,128,13,1713,65825,392,2070,1517,107,223395,0,0,25,0,7,3,21,1,15450000000.0,4134926000.0,1440000000000.0,121000000000.0,173,29159000,18,965,223485,8484,3985000,2136000,209000000000.0,263000000000.0,245000000000.0,34000000000000.0,2791000,3531000,1203000000.0,1648195,2440,5894,850,Tehran,Asia,Middle East,Non-NATO,2025,0.3048,2.6825230972762412e-05,0.010729166666666666,0.5600000031678889,25327.868852459018,15,0.0009032786885245902,0.0010393187699271021,0.043852459016393446,174.79958605195245,2371
Spain,17,47280433,21748999,17635602,330963,133282,15150,78470,461,137,12,51,140,8,0,153,17,317,17626,95,287,0,152,215346,1,0,2,0,11,0,22,6,23397000000.0,2570000000000.0,2240000000000.0,103000000000.0,363,24108000,52,503,683175,15489,47000,1269000,150000000.0,41009000.0,32833000000.0,2549000000.0,1293000,8255000,1187000000.0,505370,4964,1953,1000,Madrid,Europe,Western Europe,NATO,2025,0.3242,1.9669870620685727e-05,0.010445089285714285,0.45999999619292825,175545.0848576702,16,0.0034588316501853213,0.0006272631933039159,0.030620467365028204,494.85587409912256,930
Australia,18,26768598,11242811,9208398,294455,57350,32050,0,327,24,62,38,98,30,6,69,22,59,15648,0,48,0,44,185648,0,2,6,3,7,0,10,3,55700000000.0,3430000000000.0,1580000000000.0,61703000000.0,2180,14501000,66,604,873573,36064,386000,1123000,2446000000.0,154000000000.0,50188000000.0,3230000000000.0,465865000,107624000,150000000000.0,7741220,25760,0,2000,Canberra,Oceania,Oceania,Non-NATO,2025,0.3298,1.6063598101028677e-05,0.03525316455696203,0.4199999940228472,971229.293809939,17,0.005701830863121185,7.621537690441558e-06,0.0017080745341614906,2080.7963121565053,430
Egypt,19,111247248,45611372,38269053,1668709,440000,480000,300000,1093,238,90,61,345,11,0,348,100,3620,41012,1056,962,528,150,235989,0,2,8,0,13,7,62,17,5879500000.0,104000000000.0,1910000000000.0,33070000000.0,73,33431000,31,441,65050,5085,667000,851000,3300000000.0,64817000000.0,60089000000.0,1780000000000.0,289000,3083000,182000000.0,1001450,2450,2612,3500,Cairo,Africa,North Africa,Non-NATO,2025,0.3427,4.3713440893387317e-05,0.0030782722513089007,0.41000000287647564,13362.5,18,0.002484090909090909,0.0036147586000299567,0.061224489795918366,52.85074557529729,4863
Ukraine,20,35661826,18187531,12731272,392280,900000,1200000,100000,324,70,36,24,73,3,0,136,39,1114,18920,658,615,279,89,28138,0,0,0,0,0,0,33,3,53700000000.0,132000000000.0,560000000000.0,40510000000.0,148,20312000,26,410,169694,21733,3000,248000,395000000.0,18725000000.0,22856000000.0,1100000000000.0,4248000,10953000,34375000000.0,603550,2782,5581,1672,Kyiv,Europe,Eastern Europe,Non-NATO,2025,0.3755,4.2818895476636556e-05,0.09589285714285714,0.5099999927092909,59666.666666666664,19,0.00036,0.001845746002816668,0.03199137311286844,1505.8118448561777,1527
Poland,21,38746310,18985692,15576017,464956,202100,350000,50000,479,59,44,49,105,11,0,216,29,614,23138,677,0,196,62,124962,0,0,1,0,2,2,3,26,48700000000.0,387000000000.0,1620000000000.0,194000000000.0,288,18387000,10,152,420000,19461,24000,722000,113000000.0,5551000000.0,20056000000.0,91492000000.0,116682000,123782000,28531000000.0,312685,440,2845,3997,Warsaw,Europe,Eastern Europe,NATO,2025,0.3776,2.9809290226604805e-05,0.03006172839506173,0.49000000258089094,240969.8169223157,20,0.0023701138050470066,0.001963637526584262,0.1409090909090909,1256.8938822819514,1155
Taiwan,22,23595274,12269542,1061787,306739,215000,2310000,55000,761,285,0,19,232,18,0,236,91,888,19921,488,1360,234,97,250414,0,0,4,4,22,7,37,14,19740000000.0,209000000000.0,1260000000000.0,493000000000.0,53,11498000,8,465,43206,1613,800,1022000,2380000.0,63747000.0,21157000000.0,6230000000.0,5608000,66855000,1000000.0,35980,1566,0,0,Taipei,Asia,East Asia,Others,2025,0.3988,7.39978692343221e-05,0.015666666666666666,0.5199999796569431,91813.95348837209,21,0.00353953488372093,0.024680377987770983,0.06194125159642401,836.608212305566,1746
Vietnam,23,105758975,54994667,45053323,1797903,600000,5000000,250000,246,41,32,9,60,3,0,101,0,1374,11912,40,535,474,110,107813,0,0,9,0,9,16,35,8,8594000000.0,110000000000.0,1350000000000.0,97955500000.0,42,56149000,16,1973,195468,2600,187000,494000,4400000000.0,7676000000.0,7676000000.0,699000000000.0,43614000,83116000,3360000000.0,331210,3444,4616,47130,Hanoi,Asia,Southeast Asia,Non-NATO,2025,0.4024,1.6357949762656077e-05,0.006365925925925926,0.52,14323.333333333334,22,0.00041,0.004148425470245464,0.03193960511033682,81.26024292500944,1730
Saudi Arabia,24,36544431,19003104,17468238,621255,257000,0,150000,917,283,81,49,202,16,22,264,34,840,19040,332,467,321,32,49727,0,0,0,0,7,9,9,3,74760000000.0,226000000000.0,1830000000000.0,458000000000.0,86,16934000,16,433,221372,5410,11113000,3649000,259000000000.0,122000000000.0,122000000000.0,9420000000000.0,0,164000,0.0,2149690,2640,4272,0,Riyadh,Asia,Middle East,Non-NATO,2025,0.4201,4.895410739874428e-05,0.04085245901639344,0.5199999967163259,290894.94163424126,23,0.003568093385214008,0.0003907540156952863,0.012121212121212121,2045.7289374679278,1789
Thailand,25,69920998,36358919,27968399,1118736,360850,200000,25000,493,72,20,54,135,26,0,258,7,635,16935,50,589,26,293,130988,0,1,0,0,7,6,49,5,5887883500.0,103000000000.0,1520000000000.0,224000000000.0,108,40814000,21,884,180053,4127,386000,1248000,252750000.0,30797000000.0,48898000000.0,138000000000.0,13642000,36030000,1063000000.0,513120,3219,5673,4000,Bangkok,Asia,Southeast Asia,Non-NATO,2025,0.4536,2.0322936466095634e-05,0.0038736075657894737,0.5200000005720742,16316.706387695718,24,0.001366218650408757,0.0012375272840661055,0.09102205653929792,84.20765819160647,1421
Algeria,26,47022473,22570787,19185169,752360,325000,135000,150000,608,102,42,63,87,10,5,299,74,1485,26000,224,483,266,110,82880,0,0,6,0,8,8,75,2,25000000000.0,3335624000.0,700000000000.0,81217000000.0,85,13425000,17,119,104000,4020,1443000,428000,12200000000.0,101000000000.0,47963000000.0,4500000000000.0,0,167000,233000000.0,2381740,998,6734,0,Algiers,Africa,North Africa,Non-NATO,2025,0.3589,4.684993917695481e-05,0.03571428571428571,0.47999999914934294,76923.07692307692,25,0.0018707692307692308,0.000623493748268073,0.11022044088176353,531.6606806281753,2203
Sweden,27,10589835,4235934,3558185,105898,24400,32900,25000,169,71,0,6,33,5,1,53,0,110,6795,26,0,0,308,31673,0,0,4,0,0,7,179,8,13000000000.0,1000000000000.0,676000000000.0,60863000000.0,203,5825000,92,361,573134,10910,11000,283000,0.0,0.0,889924000.0,0.0,1115000,3396000,5000000.0,450295,3218,2211,2052,Stockholm,Europe,Northern Europe,NATO,2025,0.4835,5.54305142620258e-05,0.019230769230769232,0.4,532786.8852459016,26,0.006926229508196722,0.00024428430251279714,0.09571162212554382,1227.5923090397537,587
Canada,28,38794813,16681770,13500595,426743,68000,27000,5500,351,66,0,28,95,33,6,145,0,74,21704,0,0,0,73,119637,0,0,4,0,12,0,24,0,41000000000.0,2340000000000.0,2240000000000.0,118000000000.0,1425,22110000,284,716,1042300,4942,5692000,2454000,170000000000.0,188000000000.0,130000000000.0,2070000000000.0,43024000,17138000,6582000000.0,9984670,202080,8893,636,Ottawa,North America,North America,NATO,2025,0.5179,1.2836767636951878e-05,0.01830357142857143,0.43000001056842313,602941.1764705882,27,0.005161764705882353,7.411361617359412e-06,0.000361243072050673,1056.8423154920222,498
Singapore,29,6028459,3918498,2628408,66313,51000,252500,12000,230,100,0,9,36,9,11,70,18,170,8998,48,89,24,50,81340,0,0,6,0,6,6,12,4,15000000000.0,1710000000000.0,755000000000.0,360000000000.0,9,3619000,5,3202,3500,0,0,1470000,0.0,0.0,13724000000.0,0.0,0,784000,0.0,719,193,0,0,Singapore,Asia,Southeast Asia,Non-NATO,2025,0.5271,7.464594185678297e-05,0.019867549668874173,0.6499999419420452,294117.64705882355,28,0.0045098039215686276,0.2364394993045897,0.25906735751295334,2488.1980618927655,450
Greece,30,10461091,4916713,3985676,104611,142700,221350,55000,558,178,0,15,81,8,0,293,29,1344,61888,589,698,152,192,216348,0,0,10,0,13,0,39,7,6500000000.0,550000000000.0,376000000000.0,13608000000.0,81,4645000,57,1215,117000,2345,5000,303000,10000000.0,3284000.0,5173000000.0,991090000.0,13703000,13988000,2876000000.0,131957,13676,1110,6,Athens,Europe,Southern Europe,NATO,2025,0.5337,0.00020017032640285798,0.017287234042553192,0.47000002198623453,45550.10511562719,29,0.003910301331464611,0.010185136067052146,0.014039192746417082,621.3501058350415,2094
Nigeria,31,236747130,125475979,90437404,4261448,230000,0,50000,163,14,24,23,28,11,0,66,15,330,8962,40,339,37,133,124962,0,0,0,0,1,0,109,2,3160000000.0,32455500000.0,1280000000000.0,41349000000.0,47,75721000,28,928,195000,3798,1541000,515000,36890000000.0,39951000000.0,20719000000.0,5760000000000.0,3043000,3044000,2144000000.0,923768,853,4477,8600,Abuja,Africa,West Africa,Non-NATO,2025,0.5771,2.6441714414869568e-06,0.00246875,0.5300000004223916,13739.130434782608,30,0.000708695652173913,0.0003572325518961471,0.1559202813599062,13.347574688656204,626
Mexico,32,130739927,61447766,49811912,2222579,412000,98655,120000,433,3,33,41,176,25,0,178,0,0,19658,20,70,0,167,124962,0,0,0,5,1,3,140,0,7600000000.0,371000000000.0,2870000000000.0,214000000000.0,1485,60042000,35,674,704884,23389,2101000,1737000,5786000000.0,31422000000.0,90566000000.0,180000000000.0,7453000,18423000,1211000000.0,1964375,9330,4389,2900,Mexico City,North America,Central America,Non-NATO,2025,0.5965,4.58926369141999e-06,0.00264808362369338,0.47000000237111955,18446.601941747573,31,0.0010509708737864078,0.0,0.017899249732047158,58.1306734246532,600
Argentina,33,46994384,20677529,17575900,704916,108000,0,20000,239,23,11,52,71,13,2,94,0,342,21724,55,172,26,44,122128,0,0,2,3,0,6,13,0,928897000.0,179000000000.0,1240000000000.0,23081000000.0,756,21906000,37,201,281290,17866,807000,706000,2483000000.0,43280000000.0,46228000000.0,396000000000.0,1318000,3391000,799999000.0,2780400,4989,11968,11000,Buenos Aires,South America,South America,Non-NATO,2025,0.6013,1.3299461484589308e-05,0.0007491104838709677,0.44000000085116553,8600.898148148148,32,0.002212962962962963,0.00012300388433318947,0.008819402685909,19.766127799440888,625
North Korea,34,26298666,9467520,5312331,420779,1320000,560000,100000,861,368,114,1,173,0,0,205,20,4344,18288,1300,700,1500,207,143304,0,0,13,0,2,4,155,1,4736000000.0,5500000000.0,72000000000.0,5500000000.0,83,15837000,10,264,25554,7435,0,17000,0.0,0.0,0.0,0.0,21747000,21747000,10600000000.0,120538,2495,1607,2250,Pyongyang,Asia,East Asia,Non-NATO,2025,0.6016,0.00020578990584541436,0.06577777777777778,0.36000000912593816,3587.878787878788,33,0.0006522727272727272,0.036038427715741096,0.08296593186372746,180.0851799859354,5412
Bangladesh,35,168697184,82661620,66129296,3205246,163000,0,6800000,214,42,0,17,86,4,0,65,0,320,11584,56,546,110,118,75280,0,0,2,0,7,6,61,5,4374000000.0,51965000000.0,1410000000000.0,21860000000.0,17,74914000,2,558,369105,2460,13000,160000,28000000.0,24620000000.0,30384000000.0,126000000000.0,754000,7514000,3260000000.0,148460,580,4413,8370,Dhaka,Asia,South Asia,Non-NATO,2025,0.6062,3.864913358601173e-06,0.003102127659574468,0.489999999051555,26834.355828220858,34,0.0013128834355828221,0.002155462750909336,0.20344827586206896,25.928115077487007,652
Netherlands,36,17772378,7997570,6486918,195496,41380,6765,5000,120,32,0,4,21,0,0,63,12,18,2755,46,0,2,64,124962,0,0,3,0,6,0,4,4,27000000000.0,4780000000000.0,1240000000000.0,69830000000.0,45,9999000,18,1187,139124,3055,70000,872000,137747000.0,17774000000.0,33243000000.0,133000000000.0,1825000,10610000,3247000000.0,41543,451,1053,6237,Amsterdam,Europe,Western Europe,NATO,2025,0.6412,1.1365952265926371e-05,0.021774193548387097,0.44999999437329097,652489.125181247,35,0.0028999516674722086,0.0004332859928267097,0.1419068736141907,1519.211441485208,202
Myanmar,37,57527139,30489384,21975367,1035489,150000,20000,55000,317,58,26,30,119,5,0,83,9,445,5980,95,210,180,232,89240,0,0,3,0,6,3,146,2,2948000000.0,7253400000.0,291000000000.0,8590400000.0,73,22884000,7,101,157000,5031,7000,148000,139000000.0,16780000000.0,3788000000.0,637000000000.0,1268000,1453000,252000000.0,676578,1930,6522,12800,Naypyidaw,Asia,Southeast Asia,Non-NATO,2025,0.6735,1.7278801228060376e-05,0.010130584192439862,0.5300000057364229,19653.333333333332,36,0.0021133333333333334,0.0006577216521967903,0.12020725388601036,51.24537829006236,994
Norway,38,5509733,2203893,1807192,71627,23250,0,40000,97,0,32,4,23,5,0,33,0,44,6552,42,0,0,43,65692,0,0,6,0,4,6,18,5,9710000000.0,716000000000.0,500000000000.0,80459000000.0,145,3009000,141,1720,94902,3848,2020000,229000,8122200000.0,124000000000.0,4548000000.0,1540000000000.0,117000,1201000,2000000.0,323802,25148,2566,1577,Oslo,Europe,Northern Europe,NATO,2025,0.6811,3.339544765599349e-05,0.01942,0.39999996370060037,417634.40860215056,37,0.004172043010752688,0.00013588551028097416,0.001709877525051694,1762.3358518461785,184
Portugal,39,10639726,5319863,4096295,127677,24000,211700,24700,115,28,0,19,23,14,3,31,0,34,10828,24,115,0,194,38657,0,0,2,0,5,2,20,0,4627000000.0,399000000000.0,530000000000.0,53710000000.0,136,5140900,18,996,136635,3622,12932,191000,22440000.0,0.0,4500000000.0,72000000000.0,0,0,40000000.0,92090,1793,1224,764,Lisbon,Europe,Western Europe,NATO,2025,0.6856,3.223767228592165e-05,0.008730188679245283,0.5,192791.66666666666,38,0.004791666666666666,0.0003692040395265501,0.10819854991634133,434.87962002029,343
South Africa,40,60442647,27803618,14989776,1027525,71235,29350,50000,182,2,0,12,81,0,0,87,10,252,18692,49,134,101,49,40186,0,0,3,0,4,0,33,2,2266800000.0,58773000000.0,863000000000.0,62492000000.0,575,25158000,8,110,750000,20986,95000,601000,15000000.0,59128000.0,4487000000.0,0.0,245467000,176148000,9893000000.0,1219090,2798,5244,0,Pretoria,Africa,Southern Africa,Non-NATO,2025,0.6889,7.991046454335464e-06,0.0026266512166859793,0.46000000628695165,31821.436091808802,39,0.0025549238436162,0.0002067115635432987,0.017512508934953538,37.50332112357687,483
Philippines,41,118277063,50859137,41751803,2128987,150000,1200000,35000,202,0,25,26,23,8,0,122,2,10,11878,12,294,0,113,76313,0,0,0,0,2,1,58,0,4380000000.0,90200000000.0,1140000000000.0,104000000000.0,246,49477000,70,2203,216387,77,10000,453000,138500000.0,2251000000.0,2251000000.0,98543000000.0,14483000,37130000,361000000.0,300000,36289,0,3219,Manila,Asia,Southeast Asia,Non-NATO,2025,0.6987,2.7477855110419847e-06,0.0038421052631578945,0.4299999992390748,29200.0,40,0.0013466666666666666,3.3333333333333335e-05,0.003113891261814875,37.03169396419659,325
Malaysia,42,34564810,16245461,13480276,553037,113000,51600,100000,135,26,12,16,31,6,4,45,0,48,13506,0,196,36,100,67735,0,0,2,0,2,6,71,4,4800000000.0,248000000000.0,1150000000000.0,113000000000.0,102,17308000,35,1750,144403,1851,582000,717000,3600000000.0,75456000000.0,42499000000.0,1190000000000.0,3731000,35050000,226000000.0,329847,4675,2742,7200,Kuala Lumpur,Asia,Southeast Asia,Non-NATO,2025,0.7429,8.187517883072407e-06,0.0041739130434782605,0.4700000086793476,42477.87610619469,41,0.0011946902654867257,0.00014552201475229426,0.0213903743315508,138.8695612676592,283
Iraq,43,42083436,17675043,14308368,715418,193000,0,100000,391,26,36,15,139,17,0,197,39,1025,37288,434,610,572,68,124962,0,0,0,0,0,2,26,0,7923000000.0,45032500000.0,573000000000.0,112000000000.0,71,11812000,6,74,59623,2272,4437000,918000,145000000000.0,9860000000.0,19298000000.0,3730000000000.0,0,0,0.0,438317,58,3809,5279,Baghdad,Asia,Middle East,Non-NATO,2025,0.7738,3.526328030819537e-05,0.013827225130890053,0.4199999971485218,41051.81347150259,42,0.0020259067357512955,0.002338490179481973,1.1724137931034482,188.2688476292668,1484
Switzerland,44,8860574,3898653,3163225,97466,101584,49715,5000,146,43,0,16,44,3,0,40,0,205,6996,133,0,0,0,124962,0,0,0,0,0,0,0,0,25039000000.0,2200000000000.0,734000000000.0,864000000000.0,62,4991000,0,17,71557,5296,300,193000,0.0,0.0,3138000000.0,0.0,0,161000,0.0,41277,0,1770,1292,Bern,Europe,Western Europe,Others,2025,0.7869,3.9613686427087e-05,0.03411307901907357,0.4400000496581824,246485.66703417862,43,0.0014372342101118287,0.004966446204908302,,2825.88915797103,351
Denmark,45,5973136,2628180,2126436,77651,20000,12000,51000,117,31,4,4,41,3,0,34,0,44,3856,19,0,8,50,121180,0,0,0,0,9,0,9,6,7225466250.0,556000000000.0,428000000000.0,109000000000.0,99,3180000,69,715,74558,2682,63000,152000,441000000.0,1879000000.0,2208000000.0,29534000000.0,0,1788000,0.0,43094,7314,140,400,Copenhagen,Europe,Northern Europe,NATO,2025,0.8109,3.532482769520064e-05,0.016881930490654205,0.4400000267865992,361273.3125,44,0.00585,0.0010210238084188054,0.006836204539239814,1209.660427956102,211
Colombia,46,49588357,24298295,19190694,843002,293200,35000,150000,436,16,24,86,72,23,1,257,0,0,3460,6,110,0,233,31090,0,0,4,0,7,2,217,0,10541500000.0,117000000000.0,978000000000.0,59041000000.0,662,26003000,14,153,205379,2141,800000,320000,2036000000.0,11290000000.0,11451000000.0,87782000000.0,58747000,7880000,4554000000.0,1138910,3208,6672,24725,Bogota,South America,South America,Non-NATO,2025,0.8353,1.349107009131196e-05,0.010778629856850715,0.4900000014116217,35953.27421555253,45,0.0014870395634379264,0.0,0.07263092269326683,212.58014255241406,669
Chile,47,18664652,8959033,7521855,298634,80000,40000,50000,277,45,0,32,92,21,5,87,0,386,8832,48,249,8,130,176065,0,0,4,0,8,0,40,0,5032500000.0,215000000000.0,579000000000.0,46377000000.0,374,9848000,39,249,77801,7282,11000,405000,150000000.0,1200000000.0,6916000000.0,97976000000.0,499000,8637000,1181000000.0,756102,6435,7801,12290,Santiago,South America,South America,Non-NATO,2025,0.8361,4.248672838904256e-05,0.008691709844559586,0.48000000214308847,62906.25,46,0.0034625,0.0005105131318261293,0.020202020202020204,269.62731477661623,793
Finland,48,5626414,2306830,1912981,56264,24000,870000,53800,163,54,0,11,77,1,0,27,0,200,11704,107,667,76,264,19434,0,0,0,0,0,0,8,18,6779661000.0,660000000000.0,321000000000.0,16929000000.0,98,2880000,37,282,454000,5918,8000,175000,0.0,0.0,1157000000.0,0.0,808000,4141000,0.0,338145,1250,2563,8000,Helsinki,Europe,Northern Europe,NATO,2025,0.8437,0.00011143865346559994,0.021120439252336448,0.41000004621060593,282485.875,47,0.006791666666666666,0.0005914622425290926,0.2112,1204.9701639445657,627
Peru,49,32600249,15648120,12681497,619405,120000,385000,60000,256,15,22,38,72,12,0,111,16,240,6560,12,290,49,71,170344,0,0,4,0,7,8,13,0,3420000000.0,59400000000.0,518000000000.0,71394000000.0,166,18529000,20,111,18699,1855,118000,210000,858890000.0,12270000000.0,7185000000.0,300000000000.0,153000,712000,1567000000.0,1285216,2414,7062,8808,Lima,South America,South America,Non-NATO,2025,0.8588,1.7392505192214944e-05,0.006602316602316602,0.48000001472381393,28500.0,48,0.0021333333333333334,0.00018673903841844483,0.029411764705882353,104.90717417526473,567
Venezuela,50,31250306,15625153,12812625,625006,109000,8000,220000,229,30,0,49,75,3,1,88,10,172,8802,48,100,36,34,124962,0,0,1,0,1,0,25,0,4093120000.0,110000000000.0,296000000000.0,10095500000.0,502,11548000,31,272,96189,447,761000,367000,304000000000.0,17696000000.0,17696000000.0,5670000000000.0,197000,82000,730999000.0,912050,2800,5267,7100,Caracas,South America,South America,Non-NATO,2025,0.8882,1.3919863696694681e-05,0.013828108108108108,0.5,37551.55963302752,49,0.0021009174311926605,0.00018858615207499588,0.012142857142857143,130.97855745796537,435
Romania,51,18148155,9437041,7731114,199630,81300,55000,15000,140,21,0,14,44,2,0,65,0,328,10774,0,720,243,20,124962,0,0,0,0,3,7,3,5,9700000000.0,132000000000.0,772000000000.0,73000000000.0,82,8282000,11,127,84185,10628,67000,221000,600000000.0,9501000000.0,10055000000.0,105000000000.0,18160000,19404000,291000000.0,238391,225,2844,1731,Bucharest,Europe,Eastern Europe,NATO,2025,0.8984,2.6889785766101294e-05,0.012564766839378239,0.520000022040808,119311.19311193112,50,0.0017220172201722018,0.001375890868363319,0.08888888888888889,534.4895941212757,488
Ethiopia,52,118550298,56904143,35327989,2726657,162000,0,0,103,25,0,8,34,0,0,33,7,338,7256,35,309,40,0,124962,0,0,0,0,0,0,0,0,2097575000.0,25761000000.0,355000000000.0,3131288000.0,57,61664000,0,12,120171,659,0,110000,428000.0,0.0,0.0,24919000000.0,8000,660000,0.0,1104300,0,5925,0,Addis Ababa,Africa,East Africa,Non-NATO,2025,0.9305,3.7199400376032798e-06,0.005908661971830986,0.4799999996625905,12947.993827160493,51,0.0006358024691358025,0.00030607624739654077,,17.69354472647551,441
Czechia,53,10837890,5093808,4129236,97541,28000,4200,0,99,12,16,10,17,2,0,42,4,43,6340,50,0,16,0,124962,0,0,0,0,0,0,0,0,6750000000.0,211000000000.0,519000000000.0,148000000000.0,243,5502000,0,0,55744,9548,4000,211000,15000000.0,224725000.0,7602000000.0,3964000000.0,37423000,40239000,3595000000.0,78867,0,2046,664,Prague,Europe,Central Europe,NATO,2025,0.9994,1.3102181328653455e-05,0.01300578034682081,0.4699999723193352,241071.42857142858,52,0.0035357142857142857,0.0005452217023596688,,622.8149575240199,142
United Arab Emirates,54,10032213,5818684,4945881,80258,65000,130000,12000,551,99,16,37,147,27,4,247,30,354,8707,165,99,49,181,44188,0,0,0,0,0,11,34,2,2212360382.0,264000000000.0,720000000000.0,189000000000.0,42,6668000,20,655,4080,0,4146000,939000,97800000000.0,56683000000.0,66091000000.0,6091000000.0,0,3273000,0.0,83600,1318,1066,0,Abu Dhabi,Asia,Middle East,Non-NATO,2025,1.0186,0.00010825129011913922,0.0030727227527777776,0.580000045852296,34036.31356923077,53,0.008476923076923076,0.00423444976076555,0.13732928679817905,220.52565889500153,1086
Hungary,55,9855745,4632200,3794462,118269,41600,20000,15000,69,12,0,3,12,0,0,44,8,209,7797,24,295,0,0,124962,0,0,0,0,0,0,0,0,4576000000.0,138000000000.0,389000000000.0,45719000000.0,109,5006000,0,1,203601,7687,36000,175000,12100000.0,1523000000.0,9485000000.0,3738000000.0,5450000,6180000,2909000000.0,103000,0,2106,1622,Budapest,Europe,Central Europe,NATO,2025,1.0259,2.820689861598489e-05,0.01176349614395887,0.4699999847804504,110000.0,54,0.0016586538461538462,0.002029126213592233,,464.29772685880164,278
Angola,56,37202061,7440412,3720206,372021,107000,0,10000,298,71,12,31,66,2,0,116,15,309,5500,25,575,113,31,124962,0,0,0,0,0,0,29,0,1101360000.0,45774500000.0,266000000000.0,13942000000.0,106,15223000,21,64,26000,2761,1175000,127000,7783000000.0,5514000000.0,1397000000.0,343000000000.0,0,0,0.0,1246700,1600,5369,1300,Luanda,Africa,Southern Africa,Non-NATO,2025,1.0961,1.71495874919403e-05,0.004140451127819549,0.19999999462395376,10293.084112149532,55,0.0027850467289719624,0.0002478543354455763,0.019375,29.604811410851674,638
Kazakhstan,57,20260006,9117003,6928922,283640,110000,135000,55000,198,63,25,19,26,0,0,65,12,350,7736,126,194,287,26,124962,0,0,0,0,0,0,23,2,2048700000.0,91321500000.0,706000000000.0,35965000000.0,132,9587000,0,122,96167,16636,1955000,288000,30000000000.0,27011000000.0,22623000000.0,2410000000000.0,118195000,84852000,25605000000.0,2724900,26,13364,43983,Astana,Asia,Central Asia,Non-NATO,2025,1.1016,2.833167966485301e-05,0.0029018413597733713,0.45000001480749807,18624.545454545456,56,0.0018,0.0001284450805534148,1.0,101.12040440659297,574
Uzbekistan,58,36520593,18990708,15959499,730412,48000,0,20000,192,58,13,13,7,0,0,101,34,340,2970,147,236,108,0,124962,0,0,0,0,0,0,0,0,2803500000.0,19652500000.0,319000000000.0,34558000000.0,74,14270000,0,0,86496,4642,64000,91000,594000000.0,47500000000.0,43227000000.0,1840000000000.0,5356000,7396000,1375000000.0,447400,420,6893,1100,Tashkent,Asia,Central Asia,Non-NATO,2025,1.1121,1.4567123814227222e-05,0.008788401253918495,0.5199999901425478,58406.25,57,0.004,0.0007599463567277603,0.0,76.76490904734214,532
Morocco,59,37387585,17946041,15254135,635589,195800,150000,50000,260,83,0,31,75,4,2,78,0,903,7877,396,153,129,111,124962,0,0,0,0,6,1,105,0,13400000000.0,45645000000.0,337000000000.0,36328000000.0,49,12284000,12,94,57300,2067,25,318000,684000.0,82595000.0,243201000.0,1444000000.0,0,11940000,96000000.0,715550,1835,2363,0,Rabat,Africa,North Africa,Non-NATO,2025,1.1273,3.407548254320251e-05,0.039762611275964393,0.4800000053493693,68437.18079673137,58,0.001327885597548519,0.0012619663196142827,0.060490463215258854,358.40774417497147,1274
Azerbaijan,60,10650239,5218617,3908638,159754,126400,300000,15000,154,12,18,3,35,0,0,86,16,497,7642,198,650,268,38,124962,0,0,4,0,0,0,17,4,5000000000.0,16159500000.0,216000000000.0,13749000000.0,32,5473000,0,312,24981,2944,618000,105000,7000000000.0,34175000000.0,11759000000.0,1700000000000.0,0,60000,0.0,86600,713,2468,0,Baku,Asia,Caucasus,Non-NATO,2025,1.2531,6.469338387617405e-05,0.023148148148148147,0.4899999896715933,39556.962025316454,59,0.0012183544303797469,0.0057390300230946885,0.05329593267882188,469.4730324831208,689
Belgium,61,11977634,4910830,3880753,119776,25000,6400,0,108,43,0,7,38,0,0,20,0,0,4606,0,0,0,9,10190,0,0,0,0,2,0,2,5,10200000000.0,1450000000000.0,752000000000.0,40813000000.0,49,5432000,7,198,118414,3602,11000,585000,0.0,13436000.0,15347000000.0,0.0,1270000,4869000,4100000000.0,30528,67,1297,2043,Brussels,Europe,Western Europe,NATO,2025,1.2564,9.768206308524706e-06,0.013563829787234043,0.4100000050093366,408000.0,60,0.00432,0.0,0.13432835820895522,851.5872166406153,117
Bulgaria,62,6782659,3187850,2611324,61044,37000,3000,0,65,10,5,6,21,0,0,27,4,90,4914,48,24,24,36,124962,0,0,0,0,4,3,0,10,1373232000.0,27138500000.0,214000000000.0,46334000000.0,111,3103000,2,78,19512,4029,4000,101000,15000000.0,20837000.0,2801000000.0,5663000000.0,35516000,35970000,2366000000.0,110880,354,1806,470,Sofia,Europe,Eastern Europe,NATO,2025,1.2563,2.8160047556570367e-05,0.006416971962616823,0.4700000398073971,37114.37837837838,61,0.0017567567567567568,0.0008116883116883117,0.1016949152542373,202.4621907131112,191
Serbia,63,6652212,3259584,2574406,79827,25000,2000,600000,110,11,17,3,33,0,0,46,4,262,3683,90,150,98,20,124962,0,0,0,0,0,0,7,5,2287461000.0,35200000000.0,162000000000.0,27569000000.0,43,3333000,0,0,44248,3333,13000,82000,77500000.0,353376000.0,2939000000.0,48139000000.0,35129000,38297000,7514000000.0,77474,0,2322,587,Belgrade,Europe,Southeast Europe,Non-NATO,2025,1.2576,5.8927767184810105e-05,0.01412012962962963,0.4900000180391124,91498.44,62,0.0044,0.0033817796938327696,,343.8647174804411,392
Syria,64,23865423,15273871,13245310,668232,170000,50000,50000,207,104,9,3,15,1,0,77,14,365,11148,90,641,204,27,124962,0,0,0,0,0,0,16,4,291850000.0,4309500000.0,55935900000.0,341962500.0,39,6315000,3,24,69873,2052,75000,138000,2500000000.0,3085000000.0,3084000000.0,241000000000.0,0,47000,0.0,187437,193,2363,900,Damascus,Asia,Middle East,Non-NATO,2025,1.2771,2.509907324919403e-05,0.005217579407857923,0.6400000117324549,1716.764705882353,63,0.0012176470588235295,0.0019473209665114145,0.13989637305699482,12.228989194953721,599
Ecuador,65,18309984,8422593,6738074,329580,41250,118000,1500,102,0,0,20,34,8,0,46,0,54,5204,5,106,24,30,124962,0,0,2,0,2,6,5,0,2376000000.0,44898000000.0,260000000000.0,4442000000.0,310,8893000,6,154,43950,965,480000,225000,8273000000.0,309778000.0,309778000.0,10902000000.0,0,21000,24000000.0,283560,2237,2237,1500,Quito,South America,South America,Non-NATO,2025,1.3021,1.0158392273854526e-05,0.009138461538461538,0.4600000196614044,57600.0,64,0.0024727272727272727,0.00019043588658484975,0.013410818059901655,129.76526904665783,186
Democratic Republic of the Congo,66,115403027,39237029,31389623,2538867,166580,31000,10000,46,1,6,6,1,0,0,32,8,105,916,8,60,25,16,124962,0,0,0,0,0,0,16,0,796560000.0,4994000000.0,154000000000.0,3898125000.0,272,35983000,3,24,152373,4007,19000,26000,180000000.0,380000.0,380000.0,991090000.0,0,23000,987999000.0,2344858,37,10481,15000,Kinshasa,Africa,Central Africa,Non-NATO,2025,1.3111,1.4471024230586256e-06,0.005172467532467533,0.33999999844024886,4781.84656021131,65,0.000276143594669228,4.4778830956927884e-05,0.43243243243243246,6.902418599470532,167
Cuba,67,10966038,5921661,4737328,142558,45500,40000,1145000,31,11,0,4,3,0,0,13,4,113,6864,60,130,15,19,124962,0,0,0,0,1,1,6,4,4508784000.0,33066000000.0,141000000000.0,10442000000.0,123,5317000,34,65,60000,8367,34000,165000,124000000.0,659434000.0,659434000.0,70792000000.0,0,2000,0.0,110860,3735,29,240,Havana,North America,Caribbean,Non-NATO,2025,1.3286,1.486407397092733e-05,0.0319771914893617,0.5400000437715061,99094.15384615384,66,0.0006813186813186814,0.0010193036261952012,0.0050870147255689425,411.1588889259731,163
Austria,68,8967982,4035592,3632033,98648,16000,125600,0,85,15,0,11,18,0,0,41,0,56,7322,30,0,0,0,124962,0,0,0,0,0,0,0,0,5475750000.0,630000000000.0,590000000000.0,31212000000.0,61,4825000,0,1,137039,6123,18000,245000,35200000.0,618209000.0,8136000000.0,5040000000.0,1271000,5026000,0.0,83871,0,2524,358,Vienna,Europe,Central Europe,Others,2025,1.3704,1.572260069210665e-05,0.00928093220338983,0.45000001115078064,342234.375,67,0.0053125,0.0006676920508876728,,610.5888704950568,141
Sri Lanka,69,21982608,10551652,8551235,307757,346000,90000,0,85,5,0,14,8,3,0,55,9,44,3190,0,96,28,270,27136,0,0,0,0,5,0,59,0,1265400000.0,46409500000.0,287000000000.0,3450700000.0,18,8707000,6,96,114093,1562,0,121000,0.0,0.0,0.0,0.0,0,2084000,0.0,65610,1340,0,160,Colombo,Asia,South Asia,Non-NATO,2025,1.3941,1.8150712599706094e-05,0.0044090592334494775,0.48000000727848124,3657.225433526012,68,0.00024566473988439305,0.0006706294772138394,0.20149253731343283,57.56368853049647,399
Belarus,70,9501451,5035769,3724569,104516,63000,145000,55000,185,36,50,4,27,0,0,68,29,507,6916,357,215,206,0,124962,0,0,0,0,0,0,0,0,1077900000.0,44000000000.0,254000000000.0,8118000000.0,46,4956000,0,4,86600,5528,30000,131000,198000000.0,73929000.0,16683000000.0,2832000000.0,0,778000,0.0,207600,0,3599,2500,Minsk,Europe,Eastern Europe,Non-NATO,2025,1.3954,7.283098128906837e-05,0.004243700787401575,0.5299999968425875,17109.52380952381,69,0.0029365079365079364,0.0024421965317919076,,113.44583053683064,692
Slovakia,71,5563649,2837461,2353424,61200,19500,0,0,41,2,0,7,9,1,0,22,0,45,3074,35,9,25,0,124962,0,0,0,0,0,0,0,0,2656000000.0,128000000000.0,213000000000.0,11288000000.0,114,2823000,0,0,56926,3627,7000,94000,9000000.0,52556000.0,60424000.0,14158000000.0,2343000,5794000,19000000.0,49035,0,1587,172,Bratislava,Europe,Central Europe,NATO,2025,1.3978,1.5457481232191318e-05,0.012469483568075118,0.5100000017973816,136205.12820512822,70,0.0021025641025641025,0.0009177118384827164,,477.384536659304,86
Qatar,72,2552088,638022,490001,12760,66550,15000,5500,251,102,6,12,51,0,0,80,24,99,5024,46,12,16,115,124962,0,0,0,0,0,4,105,0,9432000000.0,187000000000.0,305000000000.0,51539000000.0,8,2035000,6,123,7039,0,1815000,297000,25244000.0,170000000000.0,41515000000.0,23900000000000.0,0,0,0.0,11586,563,87,0,Doha,Asia,Middle East,Non-NATO,2025,1.4307,0.00018220374846008444,0.030924590163934427,0.25,141728.02404207364,71,0.0037716003005259205,0.008544795442775763,0.20426287744227353,3695.7973236032612,465
Sudan,73,50467278,26747657,17108407,1312149,92000,85000,17500,165,37,27,13,15,0,0,64,35,224,2900,100,287,192,6,124962,0,0,0,0,0,0,6,0,342000000.0,37846000000.0,136000000000.0,206763700.0,41,13590000,4,14,31000,7251,68000,127000,1250000000.0,0.0,0.0,84951000000.0,0,0,0.0,1861484,853,6819,4068,Khartoum,Africa,North Africa,Non-NATO,2025,1.4756,7.826853669421203e-06,0.002514705882352941,0.5299999932629614,3717.391304347826,72,0.0017934782608695651,0.00012033409903066586,0.007033997655334115,6.776668240359625,395
Croatia,74,4150116,2033557,1564594,53952,14325,20100,2000,67,10,0,0,28,0,0,37,0,45,2848,25,42,42,30,124962,0,0,0,0,0,0,10,1,1176000000.0,55000000000.0,159000000000.0,3176000000.0,40,1744000,16,384,26958,2617,11000,70000,71000000.0,741456000.0,2502000000.0,24919000000.0,0,702000,0.0,56594,5835,2237,4714,Zagreb,Europe,Southeast Europe,NATO,2025,1.5074,3.4215911073329034e-05,0.00739622641509434,0.4900000385531392,82094.24083769633,73,0.004677137870855148,0.0007951372937060466,0.005141388174807198,283.36557339602075,142
Jordan,75,11174024,3463947,2983464,145262,100500,65000,35000,274,44,6,13,66,13,0,155,44,1458,16624,358,80,56,27,124962,0,0,0,0,0,0,27,0,2500000000.0,25646500000.0,107000000000.0,15715600000.0,17,3063000,1,34,7203,509,20,97000,1000000.0,187262000.0,4382000000.0,6031000000.0,0,479000,0.0,89342,26,1744,0,Amman,Asia,Middle East,Non-NATO,2025,1.6139,0.00015741867030176417,0.02336448598130841,0.3099999606229591,24875.621890547263,74,0.00272636815920398,0.0163193123055226,1.0384615384615385,223.73318689847096,1759
Libya,76,7361263,3827857,3290485,125141,32000,0,100000,143,10,1,6,38,0,0,16,4,43,1816,15,28,25,5,124962,0,0,0,0,0,1,1,1,3060000000.0,3322000000.0,122000000000.0,92427000000.0,66,2398000,14,96,37000,2000,1245000,230000,48363000000.0,11832000000.0,9212000000.0,1510000000000.0,0,0,0.0,1759540,1770,4339,0,Tripoli,Africa,North Africa,Non-NATO,2025,1.4449,2.5946634429445057e-05,0.025081967213114755,0.5200000326031009,95625.0,75,0.00446875,2.4438205440058197e-05,0.002824858757062147,415.6895358853501,191
Turkmenistan,77,5744151,2768681,2245963,109139,36500,0,3500,91,24,27,5,9,0,0,26,10,654,5016,73,450,164,16,124962,0,0,0,0,0,0,16,0,1078020000.0,2134500000.0,94790000000.0,23415400000.0,23,2163000,0,73,58592,5113,272000,152000,600000000.0,86472000000.0,41561000000.0,11300000000000.0,0,0,800000000.0,488100,1768,4158,1300,Ashgabat,Asia,Central Asia,Non-NATO,2025,1.6512,0.0001324825896812253,0.011372718641206878,0.48200003795164853,29534.794520547945,76,0.002493150684931507,0.0013398893669330056,0.00904977375565611,187.6726430067733,761
Albania,78,3107100,1522479,1292554,62142,6600,2000,500,19,0,0,0,0,0,0,19,0,46,1796,0,50,135,19,124962,0,0,0,0,0,0,19,0,558862420.0,7312000000.0,49592000000.0,6455000000.0,3,1388000,3,67,3945,424,1400,2600,150000000.0,50623000.0,50623000.0,5692000000.0,379000,389000,522000000.0,28748,362,691,41,Tirana,Europe,Southeast Europe,NATO,2025,1.6815,2.7034855653181422e-05,0.011269205113728021,0.49,84676.12424242424,77,0.0028787878787878787,0.001600111312091276,0.052486187845303865,179.8662482700911,84
Kuwait,79,3138355,1726095,1449920,37660,72000,24000,7500,128,43,0,2,13,0,3,67,16,367,5636,74,0,27,123,124962,0,0,0,0,0,0,106,0,6950000000.0,55000000000.0,219000000000.0,52619000000.0,6,2463000,6,176,5749,0,2910000,372000,102000000000.0,19285000000.0,26083000000.0,1780000000000.0,0,145000,0.0,17818,499,475,0,Kuwait City,Asia,Middle East,Non-NATO,2025,1.6982,0.00019691844931500737,0.031735159817351595,0.5499999203404331,96527.77777777778,78,0.0017777777777777779,0.020597148950499494,0.24649298597194388,2214.535959125083,618
Bolivia,80,12311974,5417269,4112199,233928,40000,40000,0,64,0,0,15,19,0,0,33,0,54,890,0,106,0,67,124962,0,0,0,0,0,0,50,0,550200000.0,11431000000.0,120000000000.0,1800000000.0,200,6114000,0,50,90568,3690,58000,87000,240900000.0,13760000000.0,3055000000.0,303000000000.0,0,9000,1000000.0,1098581,0,7252,10000,Sucre,South America,South America,Non-NATO,2025,1.7221,1.5026022634550723e-05,0.004585,0.44000003573756735,13755.0,79,0.0016,4.915431816133722e-05,,44.688203532593555,185
Bahrain,81,1566888,846120,720768,17236,18400,110000,1500,132,24,0,3,40,0,0,80,34,150,2764,38,26,17,64,124962,0,0,0,0,2,2,50,0,1597200000.0,49500000000.0,85491000000.0,5118000000.0,3,855000,4,184,4122,0,189000,72000,186500000.0,18005000000.0,17924000000.0,81382000000.0,0,0,0.0,760,161,0,0,Manama,Asia,Middle East,Non-NATO,2025,1.7448,0.0002208198671506834,0.018682668351054497,0.5400003063397001,86804.34782608696,80,0.007173913043478261,0.19736842105263158,0.39751552795031053,1019.3453520609004,346
Oman,82,3901992,1482757,1291559,50726,42600,100000,10000,128,29,10,9,45,4,0,31,0,150,4084,24,140,0,22,124962,0,0,0,0,0,5,12,0,8200000000.0,50897000000.0,186000000000.0,17455000000.0,36,2316000,7,57,60230,0,1056000,211000,5375000000.0,40754000000.0,27364000000.0,651000000000.0,0,31000,0.0,309500,2092,1561,0,Muscat,Asia,Middle East,Non-NATO,2025,1.8047,7.688380704009644e-05,0.04408602150537634,0.38000001025117425,192488.26291079813,81,0.003004694835680751,0.0004846526655896607,0.010516252390057362,2101.490725762636,300
Kenya,83,58246378,21551160,14037377,931942,50000,0,25000,156,17,0,21,31,2,0,85,2,188,4128,18,53,0,23,124962,0,0,0,0,0,0,7,0,1307383850.0,30514500000.0,314000000000.0,7342000000.0,370,25502000,4,26,161452,3819,0,119000,0.0,0.0,0.0,0.0,0,1168000,0.0,580367,536,3457,0,Nairobi,Africa,East Africa,Non-NATO,2025,1.8135,6.300820971219876e-06,0.004163642834394904,0.37000000240358294,26147.677,82,0.00312,0.0003239329596617313,0.04291044776119403,22.445753622654443,367
Chad,84,19093595,6873694,3856906,381872,33250,0,5000,40,0,7,7,8,2,0,16,3,90,3316,10,10,20,0,124962,0,0,0,0,0,0,0,0,381350000.0,2038000000.0,32446000000.0,211591000.0,42,5806000,0,0,40000,0,124000,15000,1500000000.0,0.0,0.0,0.0,0,0,0.0,1284000,0,6406,12400,N'Djamena,Africa,Central Africa,Non-NATO,2025,1.8712,6.808565909143878e-06,0.01175337483819269,0.3599999895252832,11469.172932330826,83,0.0012030075187969924,7.009345794392523e-05,,19.972666226553983,130
Yemen,85,32140443,12213368,9031464,610668,66700,0,20000,84,27,12,2,15,0,0,30,7,0,550,0,15,10,33,124962,0,0,0,0,0,1,12,1,810375000.0,6343500000.0,67003300000.0,923361750.0,36,6883000,10,30,71300,0,15000,60000,3000000000.0,189432000.0,189432000.0,479000000000.0,0,165000,0.0,527968,1906,1601,0,Sana'a,Asia,Middle East,Non-NATO,2025,1.8901,3.6402734088014903e-06,0.012094553551839984,0.3799999894214277,12149.550224887556,84,0.0012593703148425788,0.0,0.017313746065057714,25.213560373141092,117
New Zealand,86,5161211,2219321,1775457,61935,8670,3250,300,48,0,0,8,13,6,0,21,0,0,2114,0,31,0,8,124962,0,0,0,0,2,0,4,0,3030000000.0,210000000000.0,255000000000.0,15487000000.0,202,3068000,22,117,94000,4128,12000,154000,40993000.0,3770000000.0,3819000000.0,31149000000.0,3036000,2441000,7575000000.0,268838,15134,0,0,Wellington,Oceania,Oceania,Non-NATO,2025,1.9039,1.0850166753500293e-05,0.01188235294117647,0.430000052313304,349480.9688581315,85,0.005536332179930796,0.0,0.0005286110744020088,587.0715225554623,56
Paraguay,87,7522549,3535598,3001497,150451,15650,168500,15000,39,0,0,11,13,1,0,14,0,0,1108,0,25,0,72,124962,0,0,0,0,0,0,63,0,17595000000.0,14370000000.0,108000000000.0,9886000000.0,83,3469000,1,108,78811,30,2000,57000,0.0,0.0,0.0,0.0,0,1000,0.0,406752,0,4655,3100,Asuncion,South America,South America,Non-NATO,2025,1.9044,1.4755636686447638e-05,0.16291666666666665,0.4699999960119901,1124281.1501597443,86,0.002492012779552716,0.0,,2338.9678152977135,111
Lithuania,88,2628186,1708321,1332490,36795,23000,104000,14150,9,0,0,5,0,0,0,4,0,0,1263,21,54,0,14,124962,0,0,0,0,0,0,7,4,2388900000.0,44000000000.0,133000000000.0,6168000000.0,65,1510000,2,59,84166,1911,4000,68000,12000000.0,0.0,1601000000.0,0.0,0,263000,0.0,65300,90,1545,441,Vilnius,Europe,Baltic,NATO,2025,1.9075,8.751283204461176e-06,0.017961654135338345,0.6500000380490574,103865.21739130435,87,0.000391304347826087,0.0,0.15555555555555556,908.9539324842306,23
Mozambique,89,33350954,14674420,7770772,533615,11200,0,3000,22,8,0,4,1,1,0,8,2,30,872,0,52,6,33,124962,0,0,0,0,0,0,33,0,412400000.0,12100000000.0,50631000000.0,3515000000.0,92,15191000,11,36,31083,4787,0,40000,0.0,5388000000.0,1347000000.0,2830000000000.0,9015000,11000,1792000000.0,799380,2470,4783,460,Maputo,Africa,Southern Africa,Non-NATO,2025,1.9265,2.5486527311932366e-06,0.00814520748158243,0.4400000071961959,36821.42857142857,88,0.0019642857142857144,3.75290850409067e-05,0.013360323886639677,12.365463368754009,85
Tunisia,90,12048847,6024424,5181004,204830,89800,0,12000,154,10,0,11,28,4,0,101,0,90,7913,0,85,0,58,124962,0,0,0,0,0,0,51,0,1400000000.0,27084500000.0,154000000000.0,9240000000.0,14,4445000,16,72,20000,2173,35000,108000,425000000.0,1323000000.0,5153000000.0,65129000000.0,0,2000,0.0,163610,1148,1495,0,Tunis,Africa,North Africa,Non-NATO,2025,1.9538,2.506463896503956e-05,0.00909090909090909,0.5000000414977467,15590.200445434299,89,0.0017149220489977729,0.0005500886253896461,0.050522648083623695,116.19369056640855,302
Armenia,91,2976765,1666988,1366335,44651,57500,210000,5000,71,4,15,3,13,0,0,36,20,109,1306,145,148,100,0,124962,0,0,0,0,0,0,0,0,1700000000.0,9014000000.0,57728000000.0,3607000000.0,11,1356000,0,0,7700,686,0,14000,0.0,0.0,2861000000.0,0.0,60,23000,317000000.0,29743,0,1570,0,Yerevan,Asia,Caucasus,Non-NATO,2025,2.0373,6.046832719411845e-05,0.029448447893569846,0.5599998656259396,29565.217391304348,90,0.001234782608695652,0.0036647278351208687,,571.0897568333409,180
Tanzania,92,67462121,12143182,6678750,607159,27000,80000,6500,39,14,0,6,7,0,0,12,0,62,1072,0,0,0,12,124962,0,0,0,0,0,0,10,0,1406745334.0,18983500000.0,234000000000.0,5693050000.0,206,31219000,8,381,145203,4097,0,58000,0.0,1808000000.0,1808000000.0,6513000000.0,2511000,802000,1410000000.0,947300,1424,4161,0,Dodoma,Africa,East Africa,Non-NATO,2025,2.0416,1.6750140423245809e-06,0.006011732196581196,0.18000000326108928,52101.679037037036,91,0.0014444444444444444,6.544917132904044e-05,0.008426966292134831,20.85237334889011,113
Cameroon,93,30966105,10528476,6224187,495458,40000,0,12500,35,0,0,6,6,2,0,21,0,0,430,18,52,20,51,124962,0,0,0,0,0,0,51,0,554952283.0,9506000000.0,139000000000.0,5754093000.0,37,11965000,7,198,77589,987,54000,40000,200000000.0,2595000000.0,877058000.0,135000000000.0,0,0,0.0,475440,400,5018,0,Yaounde,Africa,Central Africa,Non-NATO,2025,2.0501,2.7772301359825527e-06,0.003992462467625899,0.3400000096880121,13873.807075,92,0.000875,0.0,0.1275,17.921281446278115,86
Georgia,94,4900961,2744538,2225036,93118,55000,152500,0,61,0,5,2,10,0,0,44,11,123,3392,67,121,42,19,124962,0,0,0,0,0,0,31,4,495629055.0,13488000000.0,83656000000.0,5002000000.0,19,1853000,3,26,20295,1363,300,32000,35000000.0,8760000.0,2796000000.0,8495000000.0,256000,516000,900999000.0,69700,310,1814,0,Tbilisi,Asia,Caucasus,Non-NATO,2025,2.0695,4.1420447948881865e-05,0.005924608575595295,0.5599999673533416,9011.437363636363,93,0.0011090909090909092,0.0017647058823529412,0.06129032258064516,101.12895307675372,203
Cambodia,95,17063669,8190561,5733393,307146,221000,0,10000,25,0,0,4,0,0,0,21,0,644,3627,30,430,463,20,124962,0,0,0,0,0,0,20,0,860000000.0,13200000000.0,85900000000.0,17801000000.0,13,9175000,2,195,47263,642,0,73000,0.0,0.0,0.0,0.0,113000,2215000,0.0,181035,443,2530,3700,Phnom Penh,Asia,Southeast Asia,Non-NATO,2025,2.0752,4.037818595754524e-05,0.010011641443538999,0.4799999929675148,3891.402714932127,94,0.00011312217194570136,0.003557323169552849,0.045146726862302484,50.399477392581865,689
Slovenia,96,2097893,1006989,826570,22867,7300,26000,5000,39,0,0,4,23,0,0,16,0,54,1428,0,18,0,2,124962,0,0,0,0,0,0,2,0,886860000.0,55000000000.0,102000000000.0,2370000000.0,42,1055000,2,8,38985,1207,0,45000,0.0,3863000.0,840902000.0,0.0,2358000,2553000,95000000.0,20273,47,1211,710,Ljubljana,Europe,Central Europe,NATO,2025,2.1016,4.528352971290719e-05,0.008694705882352941,0.48000017160074415,121487.67123287672,95,0.005342465753424658,0.0026636412963054307,0.0425531914893617,422.7384332756723,95
Ireland,97,5233461,2407392,1999182,57568,7765,1700,0,22,0,0,4,8,2,0,8,0,0,1712,0,0,0,8,124962,0,0,0,0,0,0,8,0,1500000000.0,3300000000000.0,608000000000.0,12905000000.0,100,2766000,21,94,99830,1688,600,156000,0.0,1447000000.0,5280000000.0,9911000000.0,0,1322000,40000000.0,70273,1448,443,956,Dublin,Europe,Western Europe,Others,2025,2.1103,5.732344236443149e-06,0.0024671052631578946,0.45999998853531154,193174.50096587252,96,0.00283322601416613,0.0,0.0055248618784530384,286.61721182215746,30
Mongolia,98,3281676,1870555,1552233,62352,35000,135000,50000,7,0,0,3,2,0,0,2,0,420,2560,0,500,130,0,124962,0,0,0,0,0,0,0,0,165110000.0,19542500000.0,56264000000.0,4782000000.0,35,1403000,0,318,113200,1815,15000,36000,0.0,0.0,0.0,0.0,28276000,6393000,2520000000.0,1564116,0,8082,580,Ulaanbaatar,Asia,East Asia,Non-NATO,2025,2.1135,0.00013011644050174361,0.002934558509881985,0.5699999024888502,4717.428571428572,97,0.0002,0.000268522283513499,,50.312706068484516,427
Latvia,99,1801246,810561,648449,16211,17250,36000,12500,7,0,0,0,0,0,0,7,0,0,1848,47,0,0,18,124962,0,0,0,0,0,0,11,6,1138000000.0,44180400000.0,71154000000.0,4957000000.0,56,978000,5,83,70244,2216,2000,35000,0.0,0.0,828214000.0,0.0,0,20000,0.0,64589,498,1370,300,Riga,Europe,Baltic,NATO,2025,2.1246,1.3879281341915541e-05,0.015993478933018522,0.4500001665513761,65971.01449275362,98,0.00040579710144927536,0.0,0.03614457831325301,631.7848866839954,25
Uruguay,100,3425330,1575652,1322177,54805,25000,0,5000,43,0,6,6,12,5,2,12,0,31,3042,6,70,4,14,124962,0,0,0,0,0,0,2,2,772400000.0,49500000000.0,105000000000.0,16257000000.0,64,1775000,8,58,77732,1673,400,52000,0.0,0.0,86037000.0,0.0,0,18000,0.0,176215,660,1591,1600,Montevideo,South America,South America,Non-NATO,2025,2.1385,2.5690955324012578e-05,0.007356190476190476,0.4600000583885348,30896.0,99,0.00172,0.00017592145958062594,0.021212121212121213,225.49652150303766,88
Honduras,101,9529188,4192843,3144632,95292,52225,60000,23000,40,4,7,10,10,1,0,8,0,11,614,0,32,0,98,124962,0,0,0,0,0,0,93,0,413635000.0,8805500000.0,68854000000.0,7543000000.0,129,4676000,8,489,14742,699,20,67000,0.0,0.0,0.0,0.0,0,190000,0.0,112090,832,1575,465,Tegucigalpa,North America,Central America,Non-NATO,2025,2.1679,1.56361696295634e-05,0.006007421500566416,0.440000029383406,7920.248922929632,100,0.0007659167065581618,9.813542688910697e-05,0.11778846153846154,43.40716123976146,149
Ivory Coast,102,29981758,12292521,7855221,569653,22000,0,5500,19,0,0,4,2,3,0,10,3,5,656,0,2,3,3,124962,0,0,0,0,0,0,3,0,669600935.0,19311500000.0,203000000000.0,7583484000.0,29,10954000,5,25,81996,660,29000,60000,100000000.0,2635000000.0,2635000000.0,28317000000.0,0,0,0.0,322463,515,3458,980,Yamoussoukro,Africa,West Africa,Non-NATO,2025,2.1796,9.005475929730338e-07,0.003298526773399015,0.4100000073377952,30436.406136363636,101,0.0008636363636363636,1.5505654912346533e-05,0.005825242718446602,22.33361149136085,27
Guatemala,103,18255216,7484639,6279794,182552,106114,90000,35000,36,0,4,10,0,0,0,21,0,5,688,0,50,0,25,124962,0,0,0,0,0,0,20,0,408635000.0,27500000000.0,223000000000.0,21311000000.0,58,7258000,3,9,17440,800,6000,115000,86110000.0,3276000.0,2986000.0,0.0,0,1296000,0.0,108889,400,1667,990,Guatemala City,North America,Central America,Non-NATO,2025,2.1956,3.6154050436872397e-06,0.0018324439461883408,0.4100000241027003,3850.905629794372,102,0.0003392577793693575,4.5918320491509704e-05,0.0625,22.384561212532354,66
Mali,104,21990607,6817088,4288168,351850,40000,0,4800,43,9,12,7,4,1,0,10,8,10,570,0,10,20,0,124962,0,0,0,0,0,0,0,0,650386000.0,4057500000.0,57235000000.0,647800000.0,30,8277000,0,0,139107,593,0,46000,0.0,0.0,0.0,0.0,0,0,0.0,1240192,0,7908,1800,Bamako,Africa,West Africa,Non-NATO,2025,2.2379,2.410119920746162e-06,0.01136343146675985,0.30999999226942665,16259.65,103,0.001075,8.063267623077716e-06,,29.57562744857384,53
Kyrgyzstan,105,6172101,3147772,2487357,117270,23000,300000,55000,7,0,0,0,0,0,0,7,2,215,2686,30,169,21,0,124962,0,0,0,0,0,0,0,0,221800000.0,6728500000.0,45461000000.0,3237000000.0,28,3069000,0,0,34000,424,6000,31000,40000000.0,31026000.0,438000000.0,5663000000.0,3637000,3352000,28499000000.0,199951,0,4573,576,Bishkek,Asia,Central Asia,Non-NATO,2025,2.2543,3.596830317585535e-05,0.004878907195178285,0.510000079389498,9643.478260869566,104,0.0003043478260869565,0.001075263439542688,,35.93589929912035,222
Laos,106,7953556,3499565,2521277,159071,100000,30000,120000,33,0,0,2,8,0,0,23,0,160,4380,40,87,64,36,124962,0,0,0,0,0,0,36,0,135000000.0,16500000000.0,64173000000.0,1770000000.0,18,3174000,0,1,39568,422,0,24000,0.0,0.0,0.0,0.0,14845000,13691000,62000000.0,236800,0,5274,4600,Vientiane,Asia,Southeast Asia,Non-NATO,2025,2.2663,2.8792152843331963e-05,0.002103688467112337,0.44000004526277303,1350.0,105,0.00033,0.0006756756756756757,,16.973539885807053,229
Estonia,107,1193791,584958,456028,13132,7700,78800,10000,5,0,0,2,3,0,0,3,0,0,1685,36,0,0,8,124962,0,0,0,0,0,0,4,4,1463360000.0,26400000000.0,57377000000.0,2593000000.0,26,752000,20,72,58412,1441,24000,28000,0.0,0.0,354912000.0,0.0,0,3000,0.0,45228,3794,657,335,Tallinn,Europe,Baltic,NATO,2025,2.2917,1.0889678344031744e-05,0.025504296146539554,0.49000034344370164,190046.75324675324,106,0.0006493506493506494,0.0,0.0021085925144965737,1225.809207809407,13
Tajikistan,108,10394063,4781269,3773045,176699,9500,600000,20000,25,0,0,1,4,0,0,20,6,38,1240,3,13,20,0,124962,0,0,0,0,0,0,0,0,446000000.0,7150000000.0,46467000000.0,2748900000.0,19,2677000,0,0,30000,680,300,28000,12000000.0,18476000.0,85567000.0,5663000000.0,2175000,2245000,4075000000.0,144100,0,4130,200,Dushanbe,Asia,Central Asia,Non-NATO,2025,2.3049,6.061152409793937e-06,0.009598209481997978,0.4600000019241754,46947.36842105263,107,0.002631578947368421,0.00026370575988896597,,42.9091107106047,63
Zambia,109,20799116,7279691,4139024,374384,15150,0,1200,77,0,0,13,34,0,0,32,0,35,424,12,30,25,0,124962,0,0,0,0,0,0,0,0,394240000.0,13200000000.0,76493000000.0,2861000000.0,119,7051000,0,2,67671,3126,0,34000,0.0,0.0,0.0,0.0,831000,823000,944999000.0,752618,0,6043,0,Lusaka,Africa,Southern Africa,Non-NATO,2025,2.3411,5.384844240495606e-06,0.005153935654242872,0.3500000192315866,26022.44224422442,108,0.005082508250825082,4.6504335532766956e-05,,18.954651726544533,112
Ghana,110,34589092,14873310,9961658,622604,15500,0,0,19,0,0,2,5,2,0,10,0,0,1824,0,6,6,28,124962,0,0,0,0,0,0,27,0,308500000.0,22550000000.0,230000000000.0,3624000000.0,11,14887000,4,52,65725,947,174000,110000,660000000.0,3192000000.0,3912000000.0,22653000000.0,0,85000,0.0,238533,539,2420,1293,Accra,Africa,West Africa,Non-NATO,2025,2.3775,1.3588098814504872e-06,0.001341304347826087,0.4300000127207734,19903.225806451614,109,0.0012258064516129032,0.0,0.05194805194805195,8.918996775052667,47
Zimbabwe,111,17150352,6517134,3721626,360157,29000,0,21800,95,13,0,14,40,0,0,28,6,15,828,0,0,0,0,124962,0,0,0,0,0,0,0,0,530800000.0,11000000000.0,58583000000.0,115530000.0,144,6561000,0,0,97267,3427,800,29000,0.0,0.0,0.0,0.0,3877000,4479000,502000000.0,390757,0,3229,0,Harare,Africa,Southern Africa,Non-NATO,2025,2.3863,6.413862525970313e-06,0.009060648993735383,0.3800000139938819,18303.44827586207,110,0.0032758620689655174,3.838702825541193e-05,,30.949802079864018,110
North Macedonia,112,2135622,948216,783773,27763,9000,60000,3500,20,0,0,0,10,0,0,10,4,20,1108,0,150,17,0,124962,0,0,0,0,0,0,0,0,388421700.0,11000000000.0,42444000000.0,5015000000.0,13,801000,0,0,14182,699,0,22000,0.0,0.0,274928000.0,0.0,5075000,5776000,332000000.0,25713,0,838,0,Skopje,Europe,Southeast Europe,NATO,2025,2.4042,1.8729906322373528e-05,0.00915139242295731,0.4439999213343934,43157.96666666667,111,0.0022222222222222222,0.0007778166686112084,,181.87755136442686,40
South Sudan,113,12703714,6351857,4065188,330297,185000,0,0,20,0,0,5,0,0,0,15,6,30,1950,24,0,15,0,124962,0,0,0,0,0,0,0,0,175300000.0,2475000000.0,20010000000.0,183615000.0,82,4471000,0,0,90200,248,146000,14000,3750000000.0,0.0,0.0,0.0,0,0,0.0,644329,0,6018,0,Juba,Africa,East Africa,Non-NATO,2025,2.4321,3.935856868314258e-06,0.008760619690154922,0.5,947.5675675675676,112,0.00010810810810810811,4.6560064811610216e-05,,13.79911418030979,50
Uganda,114,49283041,16756234,9905891,985661,45000,0,10000,51,6,0,0,12,0,0,30,6,259,3862,6,26,12,0,124962,0,0,0,0,0,0,0,0,985400000.0,11818000000.0,136000000000.0,3506500000.0,39,18881000,0,0,20544,1244,0,43000,2500000000.0,0.0,0.0,14158000000.0,0,0,800000000.0,241038,0,2729,0,Kampala,Africa,East Africa,Non-NATO,2025,2.4767,6.290196256355204e-06,0.007245588235294117,0.3400000012174573,21897.777777777777,113,0.0011333333333333334,0.0010745193703897312,,19.99470771294328,310
Lebanon,115,5364482,2092148,1775644,69738,60000,35000,65000,80,0,9,0,9,0,0,68,0,116,4538,12,353,11,64,124962,0,0,0,0,0,0,61,0,768250325.0,36928000000.0,65818000000.0,26498095000.0,8,1771000,5,51,21705,401,0,174000,0.0,0.0,0.0,0.0,0,207000,0.0,10400,225,484,0,Beirut,Asia,Middle East,Non-NATO,2025,2.5981,4.846693492493777e-05,0.011672343811723237,0.39000000372822574,12804.172083333333,114,0.0013333333333333333,0.011153846153846153,0.28444444444444444,143.21053272245112,260
Namibia,116,2803660,616805,400923,30840,13000,0,5000,34,11,0,3,14,0,0,7,2,4,2094,0,25,25,15,124962,0,0,0,0,0,2,12,0,370500000.0,8800000000.0,29944000000.0,2956000000.0,255,989000,2,15,48875,2628,0,25000,0.0,0.0,0.0,62297000000.0,0,32000,350000000.0,824292,1572,4220,0,Windhoek,Africa,Southern Africa,Non-NATO,2025,2.6384,1.890386138119458e-05,0.012373096446700508,0.21999992866467402,28500.0,115,0.0026153846153846153,4.852649303887457e-06,0.009541984732824428,132.14869135344514,53
Luxembourg,117,671254,154388,92633,3356,1000,0,0,1,0,0,1,0,0,0,0,0,0,182,0,0,0,0,124962,0,0,0,0,0,0,0,0,726092925.0,4730000000000.0,88533000000.0,2977000000.0,3,352000,0,147,2875,271,0,51000,0.0,0.0,594240000.0,0.0,0,62000,0.0,2586,0,327,37,Luxembourg,Europe,Western Europe,NATO,2025,2.6415,1.4897490368772476e-06,0.008201381688184068,0.2299993743054045,726092.925,116,0.001,0.0,,1081.6962357021337,1
Afghanistan,118,40121552,15647405,8826741,842553,0,0,80000,9,0,0,3,0,0,0,6,1,0,5202,0,0,0,0,124962,0,0,0,0,0,0,0,0,290000000.0,1142500000.0,54772700000.0,8852092000.0,67,8921000,0,0,34903,0,0,2700,0.0,80200000.0,80200000.0,49554000000.0,4885000,1545000,66000000.0,652230,0,5987,1200,Kabul,Asia,South Asia,Non-NATO,2025,2.6442,2.243183414240805e-07,0.005294608445448189,0.38999999302120714,,117,,0.0,,7.228035445887039,9
Niger,119,26342784,7902835,5294900,447827,25000,0,5000,26,0,2,7,0,2,0,13,1,0,456,0,0,0,0,124962,0,0,0,0,0,0,0,0,336400000.0,3844000000.0,44561000000.0,1442772000.0,26,10237000,0,0,18949,0,6000,13000,150000000.0,29509000.0,29858000.0,0.0,457000,457000,90000000.0,1267000,0,5834,300,Niamey,Africa,West Africa,Non-NATO,2025,2.6689,9.869875560608932e-07,0.007549202217185432,0.299999992407788,13456.0,118,0.00104,0.0,,12.770100533034018,26
Eritrea,120,6343956,2220385,1598677,76127,120000,130000,0,20,1,0,5,1,0,0,13,6,65,860,23,75,22,23,124962,0,0,0,0,0,0,18,0,198000000.0,635504500.0,9702000000.0,225014976.0,10,1800000,2,9,16000,306,0,4000,0.0,0.0,0.0,0.0,0,0,0.0,117600,2234,1840,0,Asmara,Africa,East Africa,Non-NATO,2025,2.6985,1.7024077720589487e-05,0.02040816326530612,0.3500000630521397,1650.0,119,0.00016666666666666666,0.0005527210884353742,0.010295434198746643,31.21080915441406,108
Republic of the Congo,121,6097665,2256136,1353682,115856,8500,0,2500,13,2,0,4,0,0,0,7,1,30,644,2,38,30,4,124962,0,0,0,0,0,0,0,0,306400000.0,5741000000.0,38163000000.0,715391000.0,56,2461000,5,11,23324,510,267000,12000,2885000000.0,423000000.0,423000000.0,284000000000.0,0,0,0.0,342000,169,5008,1120,Brazzaville,Africa,Central Africa,Non-NATO,2025,2.7282,7.707868503763325e-06,0.00802871891622776,0.36999999180013987,36047.05882352941,120,0.0015294117647058824,8.771929824561403e-05,0.023668639053254437,50.24874275644858,47
Botswana,122,2450668,1029281,617568,24507,21000,0,0,45,11,0,9,9,0,0,16,0,45,1224,12,36,20,0,124962,0,0,0,0,0,0,0,0,465600000.0,1853500000.0,46742000000.0,4756000000.0,122,1170000,0,0,31747,888,0,21000,0.0,0.0,0.0,0.0,2634000,2291000,1660000000.0,581730,0,4347,0,Gaborone,Africa,Southern Africa,Non-NATO,2025,2.7509,3.672468078091361e-05,0.009961062855675837,0.4200001795428838,22171.428571428572,121,0.002142857142857143,7.735547418905678e-05,,189.98901523992643,90
Mauritania,123,4328040,1687936,1181555,82233,31540,66000,5000,24,0,4,7,7,2,0,4,0,25,628,0,75,0,6,124962,0,0,0,0,0,0,6,0,261250000.0,3661000000.0,30395000000.0,2629290500.0,25,1179000,2,11,12253,728,0,29000,20000000.0,0.0,0.0,28317000000.0,0,0,0.0,1030700,754,5002,1086,Nouakchott,Africa,West Africa,Non-NATO,2025,2.7977,1.2707830796388203e-05,0.008595163678236551,0.3900000924205876,8283.132530120482,122,0.0007609384908053266,2.425536043465606e-05,0.007957559681697613,60.36219628284397,55
Dominican Republic,124,10815857,4975294,4034315,97343,50000,0,30000,79,0,8,11,17,1,0,50,0,5,540,0,11,0,34,124962,0,0,0,0,0,0,14,0,810800000.0,27500000000.0,262000000000.0,15547000000.0,32,5302000,17,40,19705,496,0,134000,0.0,0.0,2440000000.0,0.0,0,2188000,0.0,48320,1288,376,0,Santo Domingo,North America,Caribbean,Non-NATO,2025,2.8023,1.0909907555175702e-05,0.003094656488549618,0.4599999796594944,16216.0,123,0.00158,0.00010347682119205298,0.026397515527950312,74.96400886217339,118
Senegal,125,18847519,7162057,4089912,395798,17000,0,0,40,0,0,5,23,1,0,20,5,0,1740,0,20,6,4,124962,0,0,0,0,0,0,4,0,465150000.0,11326000000.0,77382000000.0,889295000.0,19,5257000,6,36,16665,906,9000,55000,0.0,54646000.0,54498000.0,0.0,0,502000,0.0,196722,531,2684,1000,Dakar,Africa,West Africa,Non-NATO,2025,2.8116,2.3345247721994605e-06,0.006011087849887571,0.37999998832737614,27361.764705882353,124,0.002352941176470588,0.0,0.007532956685499058,24.67964085883134,44
Nepal,126,31122387,15249970,11733140,778060,95000,0,15000,15,0,0,5,0,0,0,10,0,0,1108,0,14,0,0,124962,0,0,0,0,0,0,0,0,409100000.0,5838500000.0,144000000000.0,12456000000.0,51,8937000,0,0,27990,59,0,62000,0.0,0.0,0.0,0.0,15000,1095000,8000000.0,147181,0,3159,0,Kathmandu,Asia,South Asia,Non-NATO,2025,2.8915,4.819681729425188e-07,0.002840972222222222,0.49000001188854825,4306.315789473684,125,0.00015789473684210527,0.0,,13.144878636718964,15
Montenegro,127,599849,143964,85179,3599,2350,0,5500,11,0,0,0,0,0,0,11,0,0,471,0,12,12,14,124962,0,0,0,0,0,0,2,0,148100000.0,2958500000.0,17115000000.0,1574000000.0,5,286000,4,18,7762,250,0,8000,0.0,0.0,0.0,0.0,1734000,1517000,337000000.0,13812,294,680,0,Podgorica,Europe,Southeast Europe,NATO,2025,2.9216,4.167715541744672e-05,0.008653228162430616,0.240000400100692,63021.27659574468,126,0.004680851063829788,0.0,0.047619047619047616,246.89546869295438,25
El Salvador,128,6628702,3181777,2512278,145831,25000,10000,15000,52,0,15,4,10,0,0,30,0,0,1844,0,76,0,14,124962,0,0,0,0,0,0,10,0,334620000.0,14258000000.0,71957000000.0,3799434000.0,27,2870000,3,5,9012,13,3,58000,0.0,0.0,226472.0,0.0,0,500,0.0,21041,307,590,422,San Salvador,North America,Central America,Non-NATO,2025,2.9371,9.956700421892551e-06,0.004650277248912545,0.4800000060343639,13384.8,127,0.00208,0.0,0.04560260586319218,50.480471138995235,66
Burkina Faso,129,23042199,8525614,6060098,368675,12000,0,4500,25,0,3,2,0,2,0,18,5,0,491,0,8,9,0,124962,0,0,0,0,0,0,0,0,81280000.0,3145000000.0,57152000000.0,47138000.0,49,8577000,0,0,15304,622,0,36000,0.0,0.0,0.0,0.0,0,0,0.0,274200,0,3611,0,Ouagadougou,Africa,West Africa,Non-NATO,2025,2.9734,1.0849658923612281e-06,0.0014221724524076148,0.3700000160574952,6773.333333333333,128,0.0020833333333333333,0.0,,3.5274411092448252,25
Madagascar,130,29452714,11192031,7952233,559602,13500,0,8100,5,0,0,0,0,0,0,5,0,6,158,0,9,0,6,124962,0,0,0,0,0,0,4,0,112210000.0,3028500000.0,51255000000.0,2632000000.0,91,15830000,13,29,31640,836,0,19000,0.0,0.0,0.0,0.0,0,511000,150000000.0,587040,4828,0,600,Antananarivo,Africa,East Africa,Non-NATO,2025,3.0609,5.771963833282053e-07,0.002189249829284948,0.3799999891351269,8311.851851851852,129,0.00037037037037037035,1.0220768601798855e-05,0.0012427506213753107,3.809835657250466,17
Nicaragua,131,6676948,3271705,2777610,146893,45000,0,5500,17,0,0,5,1,0,0,11,0,89,1869,0,0,0,23,124962,0,0,0,0,0,0,23,0,92000000.0,9053000000.0,51088000000.0,5447000000.0,39,3264000,5,5,23897,0,200,36000,0.0,0.0,0.0,0.0,0,0,0.0,130370,910,1253,2220,Managua,North America,Central America,Non-NATO,2025,3.0966,1.9320204380803925e-05,0.001800814281240213,0.4900000718891326,2044.4444444444443,130,0.00037777777777777777,0.0006826723939556647,0.025274725274725275,13.778750411115977,129
Bosnia and Herzegovina,132,3798671,2355176,1956316,49383,12770,6000,0,22,0,0,0,0,0,0,22,0,45,720,0,457,79,0,124962,0,0,0,0,0,0,0,0,216400000.0,7760500000.0,63769000000.0,9205000000.0,13,1369000,1,0,22926,965,0,36000,0.0,0.0,225824000.0,0.0,14114000,14766000,2264000000.0,51197,20,1543,990,Sarajevo,Europe,Southeast Europe,Others,2025,3.0799,1.7637747517487038e-05,0.003393498408317521,0.6199999947350008,16945.967110415037,131,0.0017227877838684417,0.0008789577514307479,0.0,56.967291981853656,67
Gabon,133,2455105,932940,532758,46647,4800,0,2500,24,6,0,3,0,0,0,15,0,0,424,0,0,14,5,124962,0,0,0,0,0,0,4,0,274820000.0,6280000000.0,48201000000.0,1568196000.0,40,763000,9,87,14300,649,204000,16000,2000000000.0,463000000.0,463000000.0,25995000000.0,0,0,0.0,267667,885,3261,1600,Libreville,Africa,Central Africa,Non-NATO,2025,3.1805,1.1812122088464648e-05,0.005701541461795398,0.3800000407314555,57254.166666666664,132,0.005,0.0,0.005649717514124294,111.9381859431674,29
Moldova,134,3599528,2159717,1792565,71991,8500,67000,2000,3,0,0,1,0,0,0,2,0,0,500,9,67,11,0,124962,0,0,0,0,0,0,0,0,1710000000.0,4565500000.0,38969000000.0,5453000000.0,11,1464000,0,75,9352,1171,0,22000,0.0,10000.0,2344000000.0,0.0,0,120000,0.0,33851,0,1885,558,Chisinau,Europe,Eastern Europe,Non-NATO,2025,3.2555,8.334426069195739e-07,0.04388103364212579,0.6000000555628404,201176.4705882353,133,0.00035294117647058826,0.0,,475.0622859441571,3
Iceland,135,364036,83728,50237,1820,0,0,0,0,0,0,0,0,0,0,0,0,0,150,0,0,0,0,124962,0,0,0,0,0,0,0,0,312400000.0,22000000000.0,26155000000.0,5809000000.0,83,239000,43,39,12898,0,0,18000,0.0,0.0,0.0,0.0,0,188000,0.0,100250,4970,0,0,Reykjavik,Europe,Northern Europe,NATO,2025,3.5181,0.0,0.011944178933282356,0.22999923084530102,,134,,0.0,0.0,858.1568855827445,0
Panama,136,4470241,2011608,1206965,53643,0,0,80000,38,0,0,13,0,2,0,23,0,0,262,0,0,0,30,124962,0,0,0,0,0,0,27,0,917202000.0,1120000000000.0,160000000000.0,6757000000.0,76,2096000,12,8174,11978,77,0,146000,0.0,0.0,389611000.0,0.0,0,837000,0.0,75420,2490,687,800,Panama City,North America,Central America,Non-NATO,2025,3.6575,1.5211707825148577e-05,0.0057325125,0.44999989933428647,,135,,0.0,0.012048192771084338,205.17954177414595,68
Beliz,137,415789,158000,90226,8732,1650,850,0,3,0,0,1,0,1,0,1,0,0,130,0,0,0,8,124962,0,0,0,0,0,0,8,0,29538000.0,1248000000.0,5257000000.0,473729000.0,27,190000,2,774,3281,0,800,5000,6700000.0,0.0,0.0,0.0,0,0,0.0,22966,386,542,825,Belmopan,North America,Central America,Non-NATO,2025,3.7191,2.645572634196672e-05,0.005618793988967092,0.3800004329118856,17901.81818181818,136,0.0018181818181818182,0.0,0.02072538860103627,71.0408404262739,11
Liberia,138,5437249,2392390,1913912,65247,1500,0,5500,0,0,0,0,0,0,0,0,0,0,300,0,0,0,4,124962,0,0,0,0,0,0,4,0,364800000.0,830923000.0,8884000000.0,599660000.0,99,2499000,4,4821,10600,429,0,4000,0.0,0.0,0.0,0.0,0,0,0.0,111369,579,1667,0,Monrovia,Africa,West Africa,Non-NATO,2025,3.7781,7.356661429336784e-07,0.041062584421431784,0.44000008092327575,243200.0,137,0.0,0.0,0.0069084628670120895,67.09275223555147,4
Suriname,139,646758,142287,84079,3234,2000,0,200,3,0,0,0,0,0,0,3,0,0,650,0,0,0,17,124962,0,0,0,0,0,0,17,0,144000000.0,2200000000.0,11824000000.0,1346000000.0,55,250000,4,13,4304,0,14000,15000,89000000.0,7109000.0,6967000.0,0.0,0,0,0.0,163820,386,1907,1200,Paramaribo,South America,South America,Non-NATO,2025,3.9127,3.092346751025886e-05,0.012178619756427604,0.22000037108161014,72000.0,138,0.0015,0.0,0.04404145077720207,222.6489660738638,20
Sierra Leone,140,9121049,2006631,1203978,45605,13000,0,0,1,0,0,0,0,0,0,1,0,0,150,0,0,0,7,124962,0,0,0,0,0,0,7,0,228600000.0,2687000000.0,14633000000.0,495699000.0,8,2913000,3,584,11701,0,0,9000,0.0,0.0,0.0,0.0,0,0,0.0,71740,402,1093,800,Freetown,Africa,West Africa,Non-NATO,2025,3.9701,8.77092097630437e-07,0.015622223740859701,0.2200000241200327,17584.615384615383,139,7.692307692307693e-05,0.0,0.017412935323383085,25.062906689789738,8
Kosovo,141,1977093,917371,743387,17794,10000,5000,500,0,0,0,0,0,0,0,0,0,0,737,0,0,0,0,124962,0,0,0,0,0,0,0,0,260715150.0,2750000000.0,23794000000.0,1245000000.0,4,500300,0,0,2012,437,0,15000,0.0,0.0,0.0,0.0,9074000,8927000,1564000000.0,10887,0,714,0,Pristina,Europe,Southeast Europe,Others,2025,4.9141,0.0,0.01095718038160881,0.4639999231194486,26071.515,140,0.0,0.0,,131.8679242706337,0
Somalia,142,13017273,2993973,1796384,130173,15000,0,2000,0,0,0,0,0,0,0,0,0,0,682,0,0,0,10,124962,0,0,0,0,0,0,10,0,171002350.0,5830000000.0,26351000000.0,16747500.0,38,3277000,6,4,15000,0,0,6000,0.0,0.0,0.0,5663000000.0,0,0,0.0,637657,3025,2385,0,Mogadishu,Africa,East Africa,Non-NATO,2025,4.2037,7.682100544407419e-07,0.006489406474137604,0.23000001613241114,11400.156666666666,141,0.0,0.0,0.003305785123966942,13.136572460299481,10
Central African Republic,143,5650957,2203873,1254512,101717,10000,0,1000,6,0,6,0,0,0,0,0,0,0,228,0,0,0,0,124962,0,0,0,0,0,0,0,0,45990000.0,666293000.0,5849000000.0,374405000.0,43,2114000,0,0,24000,0,0,2000,0.0,0.0,0.0,0.0,0,0,3000000.0,622984,0,5920,2800,Bangui,Africa,Central Africa,Non-NATO,2025,4.2347,1.0617670599864766e-06,0.00786288254402462,0.3899999592989294,4599.0,142,0.0006,0.0,,8.138444514796344,6
Benin,144,14697052,5584880,3189260,308638,4750,0,0,5,0,0,0,0,0,0,5,0,0,92,0,16,0,2,124962,0,0,0,0,0,0,2,0,98350000.0,4066500000.0,52510000000.0,698900000.0,10,4964000,1,6,16000,438,0,46000,8000000.0,0.0,182131000.0,1133000000.0,0,45000,0.0,112622,121,2123,150,Porto-Novo,Africa,West Africa,Non-NATO,2025,4.3156,4.762859925922559e-07,0.0018729765758903065,0.38000001632980546,20705.263157894737,143,0.0010526315789473684,0.0,0.01652892561983471,6.691818195921195,7
Bhutan,145,884546,203446,122067,4423,7500,0,0,2,0,0,0,0,0,0,2,0,0,84,0,0,0,0,124962,0,0,0,0,0,0,0,0,14000000.0,2757000000.0,10981000000.0,976260000.0,4,430000,0,0,12205,0,0,3000,0.0,0.0,0.0,0.0,177000,325000,0.0,38394,0,1136,0,Thimphu,Asia,South Asia,Non-NATO ,2025,6.3934,2.2610469099402407e-06,0.0012749294235497677,0.2300004748198511,1866.6666666666667,144,0.0002666666666666667,0.0,,15.827328369581684,2
