Country,Rank,population_total,manpower_available,manpower_fit_for_service,manpower_reaching_age_annually,manpower_active,manpower_reserve_active,manpower_paramilitary,aircraft_total,aircraft_total_fighters,aircraft_total_attack_types,aircraft_total_transports,aircraft_total_trainers,aircraft_total_special_mission,aircraft_total_tanker_fleet,aircraft_helicopters_total,aircraft_helicopters_attack,armor_tanks_total,armor_apc_total,armor_self_propelled_guns_total,armor_towed_artillery_total,armor_mlrs_total,navy_ships,navy_aircraft_carriers,navy_helo_carriers,navy_submarines,navy_destroyers,navy_frigates,navy_corvettes,navy_patrol_coastal_craft,navy_mine_warfare_craft,defense_spending_budget,external_debt,purchasing_power_parity,reserves_of_foreign_exchange_and_gold,major_serviceable_airports,labor_force,major_ports_and_terminals,railway,roadway,oil_production,oil_consumption,proven_oil_reserves,natural_gas_production,natural_gas_consumption,proven_natural_gas_reserves,coal_production,coal_consumption,proven_coal_reserves,square_land_area,coastline,border,waterway
United States,1,341963408.0,150463900.0,124816644.0,4445524.0,1333030.0,799500.0,0.0,13032.0,1791.0,926.0,917.0,2610.0,611.0,610.0,5913.0,1024.0,4666.0,409660.0,1521.0,1878.0,1731.0,465.0,11.0,9.0,66.0,83.0,0.0,27.0,0.0,4.0,831500000000.0,24538900710000.0,25676000000000.0,910037000000.0,16116.0,174174000.0,666.0,293564.0,6586610.0,20953000.0,20307000.0,38212000000.0,1029000000000.0,914301000000.0,13402000000000.0,534234000.0,495156000.0,247883000000.0,9833517.0,19924.0,12002.0,41009.0
Russia,2,140820810.0,69002197.0,46189226.0,1267387.0,1320000.0,2000000.0,250000.0,4237.0,861.0,698.0,458.0,530.0,137.0,18.0,1643.0,556.0,5630.0,126512.0,3603.0,5920.0,2486.0,747.0,1.0,0.0,66.0,13.0,12.0,79.0,70.0,45.0,212638272000.0,226475750000.0,6089000000000.0,597217000000.0,905.0,72517000.0,67.0,85494.0,1283387.0,10879000.0,3863000.0,80000000000.0,617830000000.0,472239000000.0,47805000000000.0,531130000.0,290763000.0,162166000000.0,17098242.0,37653.0,22407.0,102000.0
China,3,1415043270.0,764123366.0,626864169.0,19810606.0,2035000.0,510000.0,625000.0,3529.0,1443.0,371.0,287.0,401.0,105.0,9.0,1007.0,281.0,5870.0,152040.0,2940.0,1400.0,2770.0,841.0,3.0,4.0,61.0,53.0,46.0,50.0,150.0,36.0,303000000000.0,488114000000.0,33598000000000.0,3456000000000.0,552.0,773880000.0,66.0,150000.0,5200000.0,4984000.0,16189000.0,26023000000.0,225341000000.0,366160000000.0,6654000000000.0,4805000000.0,5191000000.0,157041000000.0,9596960.0,14500.0,22457.0,27700.0
India,4,1409128296.0,662290299.0,522786598.0,23955181.0,1431000.0,1000000.0,2527000.0,2183.0,476.0,124.0,277.0,334.0,72.0,6.0,594.0,79.0,3913.0,163554.0,100.0,5640.0,300.0,343.0,2.0,0.0,18.0,13.0,18.0,21.0,146.0,0.0,109000000000.0,212728000000.0,14244000000000.0,643043000000.0,315.0,607691000.0,56.0,65554.0,6371847.0,822000.0,5271000.0,4605000000.0,33170000000.0,58867000000.0,1381000000000.0,1020000000.0,1262000000.0,127727000000.0,3287263.0,7000.0,13888.0,14500.0
South Korea,5,52081799.0,26040900.0,21353538.0,416654.0,450000.0,3100000.0,120000.0,1540.0,242.0,98.0,40.0,335.0,35.0,4.0,827.0,113.0,1831.0,117460.0,2780.0,5800.0,525.0,215.0,0.0,2.0,22.0,14.0,18.0,3.0,96.0,14.0,44800000000.0,553871450000.0,2607000000000.0,418219000000.0,92.0,29713000.0,15.0,3979.0,100428.0,38000.0,2542000.0,0.0,55127000.0,59480000000.0,7079000000.0,16081000.0,136817000.0,326000000.0,99720.0,2413.0,237.0,1600.0
France,6,68374591.0,30084820.0,23794358.0,752121.0,264000.0,43444.0,150000.0,974.0,223.0,0.0,118.0,140.0,44.0,15.0,452.0,67.0,427.0,110784.0,74.0,0.0,9.0,166.0,1.0,3.0,9.0,11.0,5.0,0.0,22.0,19.0,67232395000.0,7691315390000.0,3732000000000.0,282857000000.0,1218.0,31725000.0,66.0,27860.0,1053215.0,80000.0,1536000.0,61719000.0,20132000.0,37001000000.0,7787000000.0,2157000.0,12570000.0,160000000.0,643801.0,4853.0,4072.0,8501.0
Japan,7,123201945.0,52976836.0,42874277.0,1108818.0,251500.0,56000.0,25000.0,1429.0,217.0,47.0,53.0,399.0,135.0,10.0,583.0,118.0,734.0,54390.0,193.0,480.0,99.0,158.0,0.0,4.0,23.0,41.0,8.0,0.0,6.0,18.0,58000000000.0,5147667910000.0,5715000000000.0,1231000000000.0,280.0,69382000.0,163.0,27311.0,1218772.0,8000.0,3140000.0,44115000.0,2220000000.0,92843000000.0,20898000000.0,27657000.0,197612000.0,350000000.0,377915.0,29751.0,0.0,1770.0
United Kingdom,8,68459055.0,31491165.0,25192932.0,753050.0,141330.0,31940.0,0.0,625.0,103.0,38.0,30.0,201.0,29.0,9.0,262.0,50.0,288.0,94064.0,14.0,126.0,43.0,116.0,2.0,0.0,10.0,6.0,7.0,0.0,26.0,8.0,88526529585.0,10553123900000.0,3636000000000.0,174598000000.0,1057.0,35359000.0,185.0,16390.0,416461.0,753000.0,1406000.0,2500000000.0,37758000000.0,70141000000.0,180661000000.0,1568000.0,7372000.0,26000000.0,243610.0,12429.0,499.0,3200.0
Turkiye,9,84119531.0,42985080.0,36087279.0,1430032.0,481000.0,380000.0,150000.0,1101.0,201.0,0.0,84.0,301.0,27.0,7.0,509.0,111.0,2284.0,98193.0,1045.0,635.0,237.0,192.0,0.0,1.0,14.0,0.0,17.0,9.0,40.0,11.0,51400000000.0,149654000000.0,3018000000000.0,154744000000.0,116.0,36081000.0,54.0,11497.0,68526.0,83000.0,1107000.0,366000000.0,379701000.0,52887000000.0,3794000000.0,82534000.0,124183000.0,10975000000.0,783562.0,7200.0,2816.0,1200.0
Italy,10,60964931.0,27434219.0,22191235.0,548684.0,165500.0,18300.0,105000.0,714.0,88.0,65.0,31.0,152.0,22.0,8.0,352.0,37.0,203.0,87364.0,64.0,108.0,21.0,285.0,2.0,0.0,8.0,3.0,14.0,0.0,15.0,10.0,37325165000.0,3025000000000.0,3133000000000.0,290547000000.0,655.0,25828000.0,123.0,18475.0,228863.0,111000.0,1245000.0,497934000.0,3117000000.0,68735000000.0,45750000000.0,1572000.0,12424000.0,609999000.0,301340.0,7600.0,1836.0,2400.0
Brazil,11,220051512.0,112226271.0,88680759.0,3520824.0,376000.0,1340000.0,200000.0,495.0,44.0,30.0,107.0,124.0,25.0,0.0,186.0,0.0,294.0,22464.0,149.0,412.0,82.0,69.0,0.0,1.0,6.0,0.0,8.0,2.0,22.0,4.0,26400000000.0,198582000000.0,4165000000000.0,329732000000.0,5297.0,106790000.0,45.0,29850.0,2000000.0,4221000.0,3163000.0,12715000000.0,22670000000.0,31654000000.0,363985000000.0,15556000.0,32223000.0,6596000000.0,8515770.0,7491.0,16145.0,50000.0
Germany,12,84119100.0,38694786.0,30955829.0,841191.0,184324.0,860000.0,0.0,569.0,127.0,63.0,55.0,16.0,27.0,3.0,292.0,49.0,296.0,87338.0,134.0,0.0,33.0,96.0,0.0,0.0,6.0,0.0,11.0,6.0,54.0,12.0,127400090000.0,6862470230000.0,5247000000000.0,377936000000.0,840.0,43772000.0,35.0,39379.0,830000.0,131000.0,2062000.0,115200000.0,4824000000.0,77516000000.0,23390000000.0,109741000.0,140994000.0,35400000000.0,357022.0,2389.0,3694.0,7300.0
Indonesia,13,281562465.0,137965608.0,114595923.0,4786562.0,404500.0,401000.0,250000.0,460.0,41.0,34.0,73.0,114.0,15.0,1.0,212.0,15.0,331.0,28064.0,153.0,396.0,67.0,338.0,0.0,0.0,4.0,0.0,10.0,26.0,211.0,10.0,11155297716.0,225273000000.0,4102000000000.0,155708000000.0,556.0,143144000.0,123.0,8159.0,496607.0,865000.0,1645000.0,2480000000.0,57410000000.0,36061000000.0,1408000000000.0,783453000.0,281159000.0,35055000000.0,1904569.0,54716.0,2958.0,21579.0
Pakistan,14,252363571.0,108516336.0,85803614.0,4794908.0,660000.0,550000.0,500000.0,1397.0,331.0,90.0,63.0,563.0,27.0,4.0,379.0,55.0,2677.0,59044.0,662.0,2629.0,652.0,120.0,0.0,0.0,8.0,0.0,9.0,6.0,79.0,3.0,9102115350.0,89148000000.0,1390000000000.0,18408000000.0,117.0,83644000.0,3.0,11881.0,264175.0,91000.0,645000.0,540000000.0,36937000000.0,46448000000.0,592219000000.0,13765000.0,30191000.0,2857000000.0,796095.0,1046.0,7257.0,0.0
Israel,15,9402617.0,3949099.0,3281513.0,131637.0,169500.0,465000.0,35000.0,597.0,239.0,45.0,14.0,148.0,19.0,13.0,127.0,48.0,1300.0,62380.0,323.0,171.0,228.0,82.0,0.0,0.0,6.0,0.0,0.0,7.0,66.0,0.0,34600000000.0,163350000000.0,472177000000.0,214544000000.0,40.0,4710000.0,5.0,1497.0,20391.0,15000.0,219000.0,12730000.0,22886000000.0,11510000000.0,176018000000.0,0.0,5297000.0,0.0,21937.0,273.0,1068.0,0.0
Iran,16,88386937.0,49496685.0,41541860.0,1414191.0,610000.0,350000.0,220000.0,551.0,188.0,21.0,86.0,103.0,10.0,6.0,129.0,13.0,2675.0,75939.0,424.0,1803.0,1550.0,109.0,0.0,0.0,25.0,0.0,7.0,3.0,21.0,1.0,9230000000.0,6759000000.0,1486000000000.0,120600000000.0,177.0,28575000.0,18.0,8484.0,223485.0,4112000.0,2415000.0,208600000000.0,263280000000.0,244890000000.0,33987000000000.0,2209000.0,3032000.0,1203000000.0,1648195.0,2440.0,5894.0,850.0
Australia,17,26768598.0,11242811.0,9208398.0,294455.0,58910.0,33270.0,0.0,348.0,24.0,71.0,37.0,107.0,31.0,6.0,72.0,22.0,46.0,17118.0,0.0,48.0,8.0,45.0,0.0,2.0,6.0,3.0,7.0,0.0,13.0,3.0,57350000000.0,3770254730000.0,1635000000000.0,60404000000.0,2257.0,14912000.0,66.0,32606.0,873573.0,386000.0,1151000.0,2446000000.0,153783000000.0,50188000000.0,3228000000000.0,445077000.0,95667000.0,149472000000.0,7741220.0,25760.0,0.0,2000.0
Spain,18,47280433.0,21748999.0,17635602.0,330963.0,121802.0,24033.0,78470.0,440.0,136.0,12.0,51.0,108.0,8.0,0.0,169.0,17.0,298.0,49324.0,96.0,188.0,0.0,175.0,1.0,0.0,2.0,0.0,11.0,0.0,112.0,6.0,39000676350.0,2830012130000.0,2361000000000.0,107774000000.0,365.0,24386000.0,52.0,15489.0,150110.0,47000.0,1325000.0,150000000.0,41009000.0,32833000000.0,2549000000.0,1280000.0,7388000.0,1187000000.0,505370.0,4964.0,1953.0,1000.0
Egypt,19,111247248.0,45611372.0,38269053.0,1668709.0,438500.0,479000.0,300000.0,1088.0,242.0,90.0,53.0,344.0,11.0,0.0,348.0,100.0,3620.0,54694.0,1056.0,962.0,648.0,149.0,0.0,2.0,8.0,0.0,13.0,7.0,61.0,17.0,5193500000.0,117272000000.0,1958000000000.0,44921000000.0,73.0,33749000.0,31.0,5085.0,65050.0,667000.0,830000.0,3300000000.0,64817000000.0,60089000000.0,1784000000000.0,69000.0,3262000.0,182000000.0,1001450.0,2450.0,2612.0,3500.0
Ukraine,20,35661826.0,18187531.0,12731272.0,392280.0,900000.0,4000000.0,100000.0,347.0,88.0,30.0,22.0,72.0,5.0,0.0,140.0,39.0,1121.0,45458.0,682.0,625.0,288.0,169.0,0.0,0.0,0.0,0.0,0.0,0.0,133.0,5.0,45000000000.0,90003000000.0,577583000000.0,43781000000.0,152.0,20539000.0,26.0,21733.0,169694.0,3000.0,192000.0,395000000.0,18725000000.0,22856000000.0,1104000000000.0,19603000.0,25012000.0,34375000000.0,603550.0,2782.0,5581.0,1672.0
Poland,21,38746310.0,18985692.0,15576017.0,464956.0,250000.0,350000.0,50000.0,457.0,58.0,12.0,44.0,112.0,11.0,0.0,224.0,29.0,798.0,57972.0,593.0,0.0,298.0,63.0,0.0,0.0,1.0,0.0,2.0,2.0,3.0,29.0,55865141600.0,425641700000.0,1649000000000.0,223115000000.0,318.0,18245000.0,10.0,19461.0,427580.0,24000.0,743000.0,113000000.0,5551000000.0,20056000000.0,91492000000.0,96720000.0,99932000.0,27758000000.0,312685.0,440.0,2845.0,3997.0
Taiwan,22,23595274.0,12269542.0,1061787.0,306739.0,230000.0,1657000.0,55000.0,720.0,258.0,0.0,19.0,215.0,18.0,0.0,239.0,91.0,1090.0,24067.0,488.0,1360.0,223.0,91.0,0.0,0.0,4.0,4.0,21.0,7.0,36.0,10.0,31180000000.0,229900000000.0,1743000000000.0,541898500000.0,57.0,11842940.0,8.0,1613.0,43206.0,800.0,954000.0,2380000.0,63747000.0,21157000000.0,6230000000.0,5212000.0,64609000.0,1000000.0,35980.0,1566.0,0.0,0.0
Vietnam,23,105758975.0,54994667.0,45053323.0,1797903.0,450000.0,5000000.0,250000.0,265.0,61.0,0.0,6.0,91.0,3.0,0.0,101.0,0.0,1999.0,69914.0,30.0,3250.0,774.0,116.0,0.0,0.0,6.0,0.0,9.0,17.0,27.0,8.0,10200000000.0,34426000000.0,1456000000000.0,83082000000.0,36.0,57133000.0,16.0,2600.0,195468.0,187000.0,544000.0,4400000000.0,7676000000.0,7676000000.0,699426000000.0,51519000.0,96099000.0,3116000000.0,331210.0,3444.0,4616.0,47130.0
Thailand,24,69920998.0,36358919.0,27968399.0,1118736.0,360850.0,200000.0,25000.0,496.0,73.0,26.0,52.0,134.0,25.0,0.0,258.0,7.0,744.0,52590.0,59.0,595.0,17.0,304.0,0.0,1.0,0.0,0.0,7.0,5.0,254.0,5.0,6006660000.0,37065000000.0,1558000000000.0,236934000000.0,105.0,40623000.0,21.0,4127.0,180053.0,386000.0,1397000.0,252750000.0,30797000000.0,48898000000.0,138243000000.0,12812000.0,42371000.0,1063000000.0,513120.0,3219.0,5673.0,4000.0
Saudi Arabia,25,36544431.0,19003104.0,17468238.0,621255.0,247000.0,0.0,150000.0,917.0,283.0,81.0,49.0,202.0,16.0,22.0,264.0,34.0,1085.0,22370.0,380.0,557.0,327.0,32.0,0.0,0.0,0.0,0.0,7.0,9.0,9.0,3.0,63988055520.0,248171000000.0,2213000000000.0,463870000000.0,90.0,17168000.0,16.0,5410.0,221372.0,11174000.0,3524000.0,258600000000.0,121870000000.0,121870000000.0,9423000000000.0,0.0,66000.0,0.0,2149690.0,2640.0,4272.0,0.0
Sweden,26,10589835.0,4235934.0,3558185.0,105898.0,25600.0,34000.0,104400.0,172.0,73.0,0.0,6.0,36.0,3.0,1.0,53.0,0.0,110.0,27576.0,24.0,0.0,0.0,279.0,0.0,0.0,4.0,0.0,0.0,7.0,116.0,8.0,15900000000.0,1102693570000.0,668628000000.0,62569000000.0,206.0,5699000.0,92.0,10910.0,197964.0,11000.0,270000.0,0.0,0.0,889924000.0,0.0,1042000.0,3170000.0,5000000.0,450295.0,3218.0,2211.0,2052.0
Algeria,27,47022473.0,22570787.0,19185169.0,752360.0,130000.0,150000.0,150000.0,620.0,111.0,42.0,63.0,90.0,10.0,4.0,300.0,74.0,1485.0,24920.0,224.0,483.0,188.0,111.0,0.0,0.0,6.0,0.0,8.0,8.0,75.0,3.0,25000000000.0,4764000000.0,722912000000.0,83007000000.0,95.0,13294000.0,17.0,4020.0,112696.0,1443000.0,446000.0,12200000000.0,100726000000.0,47963000000.0,4504000000000.0,0.0,3000.0,233000000.0,2381740.0,998.0,6734.0,0.0
Canada,28,38794813.0,16681770.0,13500595.0,426743.0,63500.0,23000.0,5500.0,354.0,66.0,0.0,29.0,95.0,34.0,6.0,146.0,0.0,74.0,21780.0,0.0,0.0,0.0,67.0,0.0,0.0,4.0,0.0,12.0,0.0,17.0,0.0,45824959620.0,2571113270000.0,2341000000000.0,119778000000.0,1425.0,22868000.0,284.0,49422.0,1042300.0,5688000.0,2377000.0,170300000000.0,187686000000.0,130316000000.0,2067126000000.0,50687000.0,20092000.0,6582000000.0,9984670.0,202080.0,8893.0,636.0
Singapore,29,6028459.0,3918498.0,2628408.0,66313.0,51000.0,252500.0,12000.0,235.0,100.0,0.0,9.0,36.0,9.0,11.0,75.0,20.0,170.0,17244.0,48.0,89.0,24.0,101.0,0.0,0.0,6.0,0.0,6.0,6.0,55.0,4.0,18000000000.0,1884751660000.0,800304000000.0,383946000000.0,9.0,3722000.0,5.0,0.0,3500.0,0.0,1514000.0,0.0,0.0,13724000000.0,0.0,0.0,1153000.0,0.0,719.0,193.0,0.0,0.0
Greece,30,10461091.0,4916713.0,3985676.0,104611.0,142700.0,221350.0,55000.0,560.0,178.0,0.0,17.0,86.0,8.0,0.0,285.0,28.0,1344.0,56416.0,589.0,698.0,152.0,186.0,0.0,0.0,9.0,0.0,14.0,0.0,45.0,3.0,8242150000.0,605000000000.0,192205000000.0,15222000000.0,82.0,4655000.0,57.0,2345.0,117000.0,5000.0,308000.0,10000000.0,3284000.0,5173000000.0,991090000.0,10469000.0,10091000.0,2876000000.0,131957.0,13676.0,1110.0,6.0
North Korea,31,26298666.0,9467520.0,5312331.0,420779.0,1320000.0,560000.0,100000.0,837.0,341.0,114.0,1.0,176.0,0.0,0.0,205.0,20.0,4895.0,47792.0,1300.0,700.0,1500.0,332.0,0.0,0.0,24.0,2.0,2.0,8.0,227.0,1.0,4750000000.0,6050000000.0,15416000000.0,5500000000.0,81.0,17637000.0,10.0,7435.0,25554.0,0.0,18000.0,0.0,0.0,0.0,0.0,21927000.0,22105000.0,10600000000.0,120538.0,2495.0,1607.0,2250.0
Argentina,32,46994384.0,20677529.0,17575900.0,704916.0,108000.0,12370.0,20000.0,241.0,23.0,11.0,25.0,71.0,13.0,2.0,96.0,0.0,362.0,22432.0,20.0,172.0,27.0,42.0,0.0,0.0,2.0,3.0,0.0,6.0,13.0,0.0,993919790.0,74362000000.0,1213000000000.0,29560000000.0,764.0,22286000.0,37.0,17866.0,240000.0,807000.0,749000.0,2483000000.0,43280000000.0,46228000000.0,396464000000.0,869000.0,2534000.0,799999000.0,2780400.0,4989.0,11968.0,11000.0
Nigeria,33,236747130.0,125475979.0,90437404.0,4261448.0,230000.0,0.0,50000.0,159.0,14.0,24.0,12.0,28.0,12.0,0.0,69.0,15.0,330.0,12219.0,40.0,339.0,37.0,152.0,0.0,0.0,0.0,0.0,1.0,0.0,132.0,2.0,3900000000.0,45009000000.0,1318000000000.0,38612000000.0,50.0,113350000.0,28.0,3798.0,195000.0,1541000.0,527000.0,36890000000.0,39951000000.0,20719000000.0,5761000000000.0,1322000.0,1326000.0,2144000000.0,923768.0,853.0,4477.0,8600.0
Netherlands,34,17772378.0,7997570.0,6486918.0,195496.0,44245.0,8510.0,5000.0,130.0,0.0,38.0,4.0,21.0,0.0,0.0,67.0,16.0,18.0,6689.0,46.0,0.0,4.0,140.0,0.0,0.0,3.0,0.0,6.0,0.0,76.0,3.0,31791150000.0,5257949730000.0,1276000000000.0,79129000000.0,44.0,10315000.0,18.0,3055.0,139027.0,70000.0,840000.0,137747000.0,17774000000.0,33243000000.0,132608000000.0,1761000.0,12796000.0,3247000000.0,41543.0,451.0,1053.0,6237.0
Myanmar,35,57527139.0,30489384.0,21975367.0,1035489.0,228000.0,19000.0,55000.0,331.0,70.0,20.0,33.0,120.0,5.0,0.0,86.0,9.0,1040.0,11576.0,225.0,1680.0,1520.0,239.0,0.0,0.0,3.0,0.0,6.0,3.0,146.0,2.0,2815031361.0,8748000000.0,287559000000.0,8590400000.0,74.0,22742000.0,7.0,5031.0,157000.0,7000.0,122000.0,139000000.0,16780000000.0,3788000000.0,637129000000.0,1031000.0,907000.0,252000000.0,676578.0,1930.0,6522.0,12800.0
Mexico,36,130739927.0,61447766.0,49811912.0,2222579.0,387000.0,98653.0,120000.0,424.0,2.0,32.0,40.0,175.0,25.0,0.0,173.0,0.0,0.0,23548.0,35.0,0.0,0.0,164.0,0.0,0.0,0.0,0.0,1.0,3.0,142.0,0.0,9100000000.0,306308000000.0,2883000000000.0,232035000000.0,1580.0,60959000.0,35.0,23389.0,704884.0,2101000.0,1741000.0,5786000000.0,31422000000.0,90566000000.0,180322000000.0,6296000.0,15132000.0,1160000000.0,1964375.0,9330.0,4389.0,2900.0
Bangladesh,37,168697184.0,82661620.0,66129296.0,3205246.0,204000.0,0.0,6800000.0,212.0,41.0,0.0,17.0,83.0,4.0,0.0,67.0,0.0,320.0,11584.0,36.0,487.0,103.0,121.0,0.0,0.0,2.0,0.0,7.0,6.0,61.0,5.0,3340000000.0,58020000000.0,1473000000000.0,21395000000.0,17.0,77355000.0,2.0,2460.0,369105.0,13000.0,263000.0,28000000.0,24620000000.0,30384000000.0,126293000000.0,767000.0,14050000.0,3260000000.0,148460.0,580.0,4413.0,8370.0
Portugal,38,10639726.0,5319863.0,4096295.0,127677.0,25000.0,23500.0,23300.0,128.0,28.0,5.0,20.0,23.0,16.0,4.0,36.0,0.0,34.0,10419.0,23.0,54.0,0.0,128.0,0.0,0.0,2.0,0.0,5.0,2.0,71.0,0.0,6760000000.0,530000000000.0,556942000000.0,55160000000.0,136.0,5332100.0,36.0,3622.0,136635.0,12932.0,200000.0,22440000.0,0.0,3700000000.0,72000000000.0,0.0,0.0,40000000.0,92090.0,1793.0,1224.0,764.0
Norway,39,5509733.0,2203893.0,1807192.0,71627.0,33440.0,20100.0,40500.0,109.0,0.0,43.0,4.0,23.0,5.0,0.0,34.0,0.0,36.0,11441.0,28.0,0.0,0.0,48.0,0.0,0.0,6.0,0.0,4.0,6.0,20.0,5.0,11189483200.0,787758400000.0,507680000000.0,81242000000.0,146.0,3042000.0,141.0,3848.0,95120.0,2020000.0,229000.0,8122200000.0,123727000000.0,4548000000.0,1544455000000.0,120000.0,1096000.0,2000000.0,323802.0,25148.0,2566.0,1577.0
South Africa,40,60442647.0,27803618.0,14989776.0,1027525.0,68731.0,29350.0,50000.0,181.0,2.0,0.0,11.0,81.0,0.0,0.0,87.0,10.0,248.0,23024.0,52.0,434.0,201.0,63.0,0.0,0.0,3.0,0.0,4.0,0.0,42.0,4.0,2877000000.0,93879000000.0,870420000000.0,65435000000.0,573.0,27766000.0,8.0,30400.0,750000.0,88000.0,609000.0,15000000.0,59128000.0,4487000000.0,0.0,239712000.0,176095000.0,9893000000.0,1219090.0,2798.0,5244.0,0.0
Philippines,41,118277063.0,50859137.0,41751803.0,2128987.0,160000.0,1500000.0,35000.0,204.0,0.0,17.0,23.0,23.0,11.0,0.0,130.0,6.0,18.0,20551.0,12.0,296.0,0.0,127.0,0.0,0.0,0.0,0.0,4.0,1.0,60.0,0.0,6571641011.0,63241000000.0,1202000000000.0,106195000000.0,256.0,50979000.0,70.0,77.0,216387.0,10000.0,457000.0,138500000.0,2251000000.0,2251000000.0,98543000000.0,14457000.0,42859000.0,361000000.0,300000.0,36289.0,0.0,3219.0
Malaysia,42,34564810.0,16245461.0,13480276.0,553037.0,113000.0,51600.0,100000.0,132.0,25.0,11.0,15.0,31.0,6.0,4.0,45.0,0.0,48.0,15415.0,0.0,196.0,36.0,100.0,0.0,0.0,2.0,0.0,2.0,4.0,72.0,4.0,5100000000.0,8748000000.0,1212000000000.0,116229000000.0,100.0,18264000.0,35.0,1851.0,144403.0,582000.0,672000.0,3600000000.0,75456000000.0,42499000000.0,1189000000000.0,4476000.0,35741000.0,226000000.0,329847.0,4675.0,2742.0,7200.0
Colombia,43,49588357.0,24298295.0,19190694.0,843002.0,429000.0,998000.0,150000.0,430.0,16.0,24.0,82.0,72.0,27.0,1.0,255.0,0.0,0.0,12780.0,6.0,110.0,0.0,213.0,0.0,0.0,4.0,0.0,9.0,2.0,158.0,0.0,15800000000.0,108027000000.0,978024000000.0,61898000000.0,661.0,26822000.0,14.0,2141.0,206102.0,800000.0,374000.0,2036000000.0,11290000000.0,11451000000.0,87782000000.0,52376000.0,9720000.0,4554000000.0,1138910.0,3208.0,6672.0,24725.0
Iraq,44,42083436.0,17675043.0,14308368.0,715418.0,193000.0,0.0,100000.0,360.0,26.0,36.0,15.0,111.0,17.0,0.0,183.0,39.0,1188.0,37496.0,434.0,610.0,572.0,67.0,0.0,0.0,0.0,0.0,0.0,1.0,55.0,0.0,8000000000.0,15580000000.0,585887000000.0,100691000000.0,73.0,12008000.0,6.0,2272.0,59623.0,4448000.0,1043000.0,145019000000.0,9860000000.0,19298000000.0,3729000000000.0,0.0,0.0,0.0,438317.0,58.0,3809.0,5279.0
Denmark,45,5973136.0,2628180.0,2126436.0,77651.0,21000.0,12000.0,51000.0,122.0,26.0,19.0,4.0,36.0,3.0,0.0,34.0,0.0,44.0,5930.0,19.0,0.0,8.0,50.0,0.0,0.0,0.0,0.0,9.0,0.0,9.0,6.0,14250000000.0,611050000000.0,440558000000.0,108405000000.0,102.0,3210000.0,69.0,2682.0,73591.0,63000.0,151000.0,441000000.0,1879000000.0,2208000000.0,29534000000.0,0.0,1135000.0,0.0,43094.0,7314.0,140.0,400.0
Switzerland,46,8860574.0,3898653.0,3163225.0,97466.0,147178.0,0.0,5000.0,141.0,40.0,0.0,16.0,43.0,3.0,0.0,39.0,0.0,134.0,6885.0,133.0,0.0,0.0,0.0,0.0,0.0,0.0,0.0,0.0,0.0,0.0,0.0,8372658426.0,2420000000000.0,741035000000.0,909366000000.0,66.0,5153000.0,0.0,5296.0,83131.0,300.0,194000.0,0.0,0.0,3138000000.0,0.0,0.0,126000.0,0.0,41277.0,0.0,1770.0,1292.0
Ethiopia,47,118550298.0,56904143.0,35327989.0,2726657.0,503000.0,138000.0,0.0,104.0,25.0,0.0,9.0,34.0,0.0,0.0,33.0,7.0,338.0,8586.0,142.0,469.0,79.0,0.0,0.0,0.0,0.0,0.0,0.0,0.0,0.0,0.0,3720968976.0,25426000000.0,380895000000.0,3784000000.0,58.0,54470000.0,0.0,659.0,180000.0,0.0,102000.0,428000.0,0.0,0.0,24919000000.0,456000.0,1653000.0,0.0,1104300.0,0.0,5925.0,0.0
Finland,48,5626414.0,2306830.0,1912981.0,56264.0,24000.0,870000.0,53800.0,162.0,53.0,0.0,11.0,77.0,1.0,0.0,27.0,0.0,200.0,14866.0,125.0,667.0,76.0,165.0,0.0,0.0,0.0,0.0,0.0,0.0,8.0,18.0,8890000000.0,726000000000.0,313591000000.0,17993000000.0,98.0,2898000.0,37.0,5918.0,108637.0,8000.0,175000.0,0.0,0.0,1157000000.0,0.0,811000.0,3933000.0,0.0,338145.0,1250.0,2563.0,8000.0
Chile,49,18664652.0,8959033.0,7521855.0,298634.0,80000.0,40000.0,50000.0,274.0,45.0,0.0,33.0,92.0,18.0,5.0,86.0,0.0,386.0,7480.0,48.0,249.0,9.0,130.0,0.0,0.0,4.0,0.0,8.0,0.0,40.0,0.0,6800000000.0,235950000000.0,596556000000.0,44403000000.0,379.0,10088000.0,39.0,7282.0,77801.0,11000.0,404000.0,150000000.0,1200000000.0,6916000000.0,97976000000.0,474000.0,8087000.0,1181000000.0,756102.0,6435.0,7801.0,12290.0
Peru,50,32600249.0,15648120.0,12681497.0,619405.0,120000.0,386000.0,60000.0,252.0,15.0,22.0,39.0,68.0,12.0,0.0,112.0,16.0,355.0,9168.0,12.0,290.0,61.0,78.0,0.0,0.0,6.0,0.0,7.0,8.0,13.0,0.0,2552000000.0,38102000000.0,535911000000.0,79246000000.0,174.0,18918000.0,20.0,1855.0,70000.0,118000.0,255000.0,858890000.0,12270000000.0,7185000000.0,300159000000.0,1382000.0,973000.0,1567000000.0,1285216.0,2414.0,7062.0,8808.0
Venezuela,51,31250306.0,15625153.0,12812625.0,625006.0,109000.0,8000.0,220000.0,224.0,30.0,0.0,47.0,75.0,3.0,1.0,85.0,10.0,282.0,15168.0,60.0,92.0,56.0,41.0,0.0,0.0,3.0,0.0,1.0,0.0,26.0,0.0,6060000000.0,121363000000.0,110943000000.0,9944750000.0,509.0,11136000.0,31.0,447.0,96189.0,801000.0,203000.0,303806000000.0,17696000000.0,17696000000.0,5674000000000.0,149000.0,80000.0,730999000.0,912050.0,2800.0,5267.0,7100.0
Romania,52,18148155.0,9437041.0,7731114.0,199630.0,90000.0,55000.0,15000.0,148.0,29.0,0.0,13.0,44.0,2.0,0.0,66.0,0.0,451.0,13266.0,0.0,720.0,243.0,18.0,0.0,0.0,0.0,0.0,3.0,7.0,0.0,7.0,10230630000.0,145200000000.0,774376000000.0,73391000000.0,103.0,8263000.0,11.0,10628.0,85387.0,67000.0,220000.0,600000000.0,9501000000.0,10055000000.0,105480000000.0,14752000.0,15533000.0,291000000.0,238391.0,225.0,2844.0,1731.0
Uzbekistan,53,36520593.0,18990708.0,15959499.0,730412.0,120000.0,0.0,20000.0,159.0,26.0,13.0,12.0,7.0,0.0,0.0,101.0,34.0,470.0,8692.0,177.0,236.0,108.0,0.0,0.0,0.0,0.0,0.0,0.0,0.0,0.0,0.0,6210000000.0,25714000000.0,379989000000.0,41237000000.0,74.0,13974000.0,0.0,4642.0,225500.0,64000.0,111000.0,594000000.0,47500000000.0,43227000000.0,1841000000000.0,6379000.0,8941000.0,1375000000.0,447400.0,420.0,6893.0,1100.0
United Arab Emirates,54,10032213.0,5818684.0,4945881.0,80258.0,65000.0,130000.0,12000.0,581.0,99.0,40.0,35.0,151.0,27.0,5.0,250.0,30.0,354.0,8982.0,165.0,99.0,49.0,84.0,0.0,0.0,0.0,0.0,0.0,11.0,34.0,2.0,23480000000.0,290400000000.0,745994000000.0,237931000000.0,42.0,7090000.0,20.0,0.0,4080.0,4146000.0,846000.0,97800000000.0,56683000000.0,66091000000.0,6091000000.0,0.0,5411000.0,0.0,83600.0,1318.0,1066.0,0.0
Czechia,55,10837890.0,5093808.0,4129236.0,97541.0,30334.0,4900.0,0.0,103.0,12.0,16.0,10.0,21.0,2.0,0.0,42.0,4.0,20.0,6275.0,53.0,0.0,16.0,0.0,0.0,0.0,0.0,0.0,0.0,0.0,0.0,0.0,9174000000.0,232320000000.0,521928000000.0,146281000000.0,252.0,5541000.0,0.0,9548.0,129418.0,4000.0,219000.0,15000000.0,224725000.0,7602000000.0,3964000000.0,31946000.0,33239000.0,3595000000.0,78867.0,0.0,2046.0,664.0
Morocco,56,37387585.0,17946041.0,15254135.0,635589.0,400000.0,250000.0,50000.0,271.0,84.0,0.0,31.0,77.0,4.0,2.0,73.0,6.0,1346.0,17594.0,544.0,188.0,185.0,100.0,0.0,0.0,0.0,0.0,6.0,1.0,84.0,0.0,16100000000.0,42262000000.0,350594000000.0,37134000000.0,48.0,12475000.0,12.0,2067.0,57300.0,25.0,296000.0,684000.0,82595000.0,243201000.0,1444000000.0,0.0,10304000.0,96000000.0,715550.0,1835.0,2363.0,0.0
Hungary,57,9855745.0,4632200.0,3794462.0,118269.0,41600.0,20000.0,15000.0,80.0,12.0,0.0,3.0,17.0,0.0,0.0,50.0,8.0,220.0,11502.0,24.0,295.0,0.0,0.0,0.0,0.0,0.0,0.0,0.0,0.0,0.0,0.0,5887250000.0,151250000000.0,389207000000.0,46422000000.0,109.0,4954000.0,0.0,7687.0,203601.0,36000.0,179000.0,12100000.0,1523000000.0,9485000000.0,3738000000.0,4293000.0,4694000.0,2633000000.0,103000.0,0.0,2106.0,1622.0
Kazakhstan,58,20260006.0,9117003.0,6928922.0,283640.0,110000.0,135000.0,55000.0,168.0,37.0,13.0,21.0,25.0,0.0,0.0,72.0,12.0,353.0,17460.0,126.0,194.0,287.0,26.0,0.0,0.0,0.0,0.0,0.0,0.0,23.0,2.0,5836386000.0,25765000000.0,739385000000.0,45808000000.0,132.0,10285000.0,0.0,16636.0,96167.0,1955000.0,386000.0,30000000000.0,27011000000.0,22623000000.0,2407000000000.0,120279000.0,86349000.0,25605000000.0,2724900.0,26.0,13364.0,43983.0
Angola,59,37202061.0,7440412.0,3720206.0,372021.0,107000.0,0.0,10000.0,278.0,67.0,6.0,32.0,56.0,2.0,0.0,115.0,14.0,319.0,2258.0,25.0,575.0,116.0,32.0,0.0,0.0,0.0,0.0,0.0,0.0,32.0,0.0,31200000000.0,45299000000.0,278239000000.0,14243000000.0,107.0,15961000.0,21.0,2761.0,76000.0,1175000.0,121000.0,7783000000.0,5514000000.0,1397000000.0,343002000000.0,0.0,0.0,0.0,1246700.0,1600.0,5369.0,1300.0
Azerbaijan,60,10650239.0,5218617.0,3908638.0,159754.0,128000.0,306000.0,15000.0,159.0,12.0,20.0,4.0,36.0,0.0,0.0,87.0,16.0,1354.0,14448.0,135.0,651.0,696.0,32.0,0.0,0.0,4.0,0.0,0.0,0.0,17.0,4.0,5100000000.0,12378000000.0,225198000000.0,12699000000.0,32.0,5020000.0,0.0,2944.0,24981.0,618000.0,109000.0,7000000000.0,34175000000.0,11759000000.0,1699000000000.0,0.0,6000.0,0.0,86600.0,713.0,2468.0,0.0
Belgium,61,11977634.0,4910830.0,3880753.0,119776.0,26390.0,6600.0,0.0,104.0,44.0,12.0,7.0,27.0,0.0,0.0,14.0,0.0,0.0,3588.0,0.0,0.0,0.0,9.0,0.0,0.0,0.0,0.0,2.0,0.0,2.0,5.0,14900000000.0,1594190730000.0,749229000000.0,41449000000.0,48.0,5416000.0,7.0,3602.0,118414.0,11000.0,596000.0,0.0,13436000.0,15347000000.0,0.0,1269000.0,4372000.0,4100000000.0,30528.0,67.0,1297.0,2043.0
Bulgaria,62,6782659.0,3187850.0,2611324.0,61044.0,36950.0,3000.0,0.0,71.0,11.0,5.0,6.0,26.0,0.0,0.0,23.0,4.0,334.0,6724.0,48.0,24.0,24.0,45.0,0.0,0.0,0.0,0.0,6.0,3.0,0.0,17.0,2485350000.0,14277000000.0,219645000000.0,43698000000.0,107.0,3124000.0,2.0,4029.0,19512.0,4000.0,101000.0,15000000.0,20837000.0,2801000000.0,5663000000.0,20970000.0,20557000.0,2174000000.0,110880.0,354.0,1806.0,470.0
Serbia,63,6652212.0,3259584.0,2574406.0,79827.0,22500.0,2000.0,600000.0,115.0,11.0,17.0,3.0,33.0,0.0,0.0,51.0,4.0,242.0,7190.0,96.0,150.0,73.0,30.0,0.0,0.0,0.0,0.0,0.0,0.0,18.0,4.0,2770000000.0,21726000000.0,177093000000.0,30484000000.0,46.0,3230000.0,0.0,3333.0,45022.0,13000.0,88000.0,77500000.0,353376000.0,2939000000.0,48139000000.0,33219000.0,37828000.0,7112000000.0,77474.0,0.0,2322.0,587.0
Democratic Republic of the Congo,64,115403027.0,39237029.0,31389623.0,2538867.0,166580.0,30800.0,10000.0,56.0,0.0,6.0,10.0,2.0,0.0,0.0,38.0,9.0,212.0,7164.0,16.0,125.0,81.0,16.0,0.0,0.0,0.0,0.0,0.0,0.0,16.0,0.0,960000000.0,7926000000.0,164367000000.0,3898125000.0,273.0,38546000.0,3.0,4007.0,152373.0,19000.0,35000.0,180000000.0,380000.0,380000.0,991090000.0,0.0,304000.0,987999000.0,2344858.0,37.0,10481.0,15000.0
Cuba,65,10966038.0,5921661.0,4737328.0,142558.0,50000.0,40000.0,1145000.0,20.0,11.0,0.0,4.0,3.0,0.0,0.0,13.0,4.0,194.0,7792.0,140.0,364.0,200.0,19.0,0.0,0.0,0.0,0.0,1.0,1.0,6.0,4.0,3301500000.0,36372600000.0,81165000000.0,10442000000.0,120.0,489000.0,34.0,8367.0,60000.0,34000.0,118000.0,124000000.0,659434000.0,659434000.0,70792000000.0,0.0,1000.0,0.0,110860.0,3735.0,29.0,240.0
Sudan,66,50467278.0,26747657.0,17108407.0,1312149.0,300000.0,200000.0,17500.0,183.0,37.0,36.0,13.0,33.0,0.0,0.0,64.0,35.0,1055.0,8890.0,100.0,1150.0,800.0,10.0,0.0,0.0,0.0,0.0,0.0,0.0,10.0,0.0,394700000.0,21650000000.0,94420000000.0,192348850.0,45.0,10949000.0,4.0,7251.0,31000.0,68000.0,129000.0,1250000000.0,0.0,0.0,84951000000.0,0.0,0.0,0.0,1861484.0,853.0,6819.0,4068.0
Austria,67,8967982.0,4035592.0,3632033.0,98648.0,25000.0,125600.0,0.0,90.0,15.0,0.0,11.0,23.0,0.0,0.0,41.0,0.0,56.0,5160.0,30.0,0.0,0.0,0.0,0.0,0.0,0.0,0.0,0.0,0.0,0.0,0.0,6103900800.0,693000000000.0,581131000000.0,35406000000.0,62.0,4768000.0,0.0,6123.0,126233.0,18000.0,244000.0,35200000.0,618209000.0,8136000000.0,5040000000.0,1288000.0,5403000.0,0.0,83871.0,0.0,2524.0,358.0
Sri Lanka,68,21982608.0,10551652.0,8551235.0,307757.0,346000.0,90000.0,0.0,90.0,6.0,0.0,15.0,7.0,3.0,0.0,49.0,8.0,87.0,15021.0,0.0,96.0,28.0,275.0,0.0,0.0,0.0,0.0,5.0,0.0,259.0,0.0,1500000000.0,42198000000.0,301407000000.0,6094000000.0,18.0,8499000.0,6.0,1562.0,114093.0,0.0,100000.0,0.0,0.0,0.0,0.0,0.0,2323000.0,0.0,65610.0,1340.0,0.0,160.0
Slovakia,69,5563649.0,2837461.0,2353424.0,61200.0,20982.0,0.0,0.0,48.0,7.0,0.0,7.0,11.0,1.0,0.0,22.0,0.0,45.0,6636.0,35.0,9.0,25.0,0.0,0.0,0.0,0.0,0.0,0.0,0.0,0.0,0.0,2900000000.0,140360000000.0,218762000000.0,14452000000.0,116.0,2779000.0,0.0,3627.0,45106.0,7000.0,90000.0,9000000.0,52556000.0,60424000.0,14158000000.0,2315000.0,6066000.0,19000000.0,49035.0,0.0,1587.0,172.0
Belarus,70,9501451.0,5035769.0,3724569.0,104516.0,63000.0,365400.0,55000.0,194.0,43.0,50.0,4.0,27.0,0.0,0.0,70.0,31.0,577.0,6820.0,357.0,190.0,206.0,0.0,0.0,0.0,0.0,0.0,0.0,0.0,0.0,0.0,1034784000.0,18010000000.0,265220000000.0,8912000000.0,46.0,4817000.0,0.0,5528.0,86600.0,30000.0,125000.0,198000000.0,73929000.0,16683000000.0,2832000000.0,0.0,710000.0,0.0,207600.0,0.0,3599.0,2500.0
Qatar,71,2552088.0,638022.0,490001.0,12760.0,26550.0,4000.0,5500.0,263.0,115.0,6.0,12.0,45.0,0.0,0.0,85.0,24.0,62.0,5576.0,46.0,12.0,16.0,125.0,0.0,0.0,0.0,0.0,0.0,4.0,107.0,0.0,11950000000.0,205700000000.0,317064000000.0,53987000000.0,8.0,2123000.0,6.0,0.0,7039.0,1818000.0,268000.0,25244000.0,169595000000.0,41515000000.0,23861000000000.0,0.0,0.0,0.0,11586.0,563.0,87.0,0.0
Ecuador,72,18309984.0,8422593.0,6738074.0,329580.0,41250.0,118000.0,1500.0,99.0,0.0,0.0,20.0,34.0,8.0,0.0,43.0,0.0,202.0,5322.0,5.0,106.0,24.0,30.0,0.0,0.0,2.0,0.0,2.0,6.0,5.0,0.0,2963400000.0,39658000000.0,252728000000.0,6908000000.0,317.0,8821000.0,6.0,965.0,43950.0,480000.0,272000.0,8273000000.0,309778000.0,309778000.0,10902000000.0,0.0,14000.0,24000000.0,283560.0,2237.0,2237.0,1500.0
Croatia,73,4150116.0,2033557.0,1564594.0,53952.0,14325.0,20100.0,2000.0,67.0,12.0,0.0,0.0,26.0,0.0,0.0,37.0,0.0,55.0,4874.0,25.0,42.0,42.0,30.0,0.0,0.0,0.0,0.0,0.0,0.0,11.0,1.0,2744000000.0,60500000000.0,164825000000.0,3336000000.0,45.0,1733000.0,16.0,2617.0,26958.0,11000.0,70000.0,71000000.0,741456000.0,2502000000.0,24919000000.0,0.0,596000.0,0.0,56594.0,5835.0,2237.0,4714.0
Jordan,74,11174024.0,3463947.0,2983464.0,145262.0,114500.0,100000.0,35000.0,279.0,44.0,10.0,12.0,66.0,11.0,0.0,159.0,44.0,1508.0,25278.0,478.0,80.0,84.0,27.0,0.0,0.0,0.0,0.0,0.0,0.0,27.0,0.0,2668500000.0,21058000000.0,109986000000.0,21939000000.0,18.0,3080000.0,1.0,509.0,7203.0,20.0,97000.0,1000000.0,187262000.0,4382000000.0,6031000000.0,0.0,269000.0,0.0,89342.0,26.0,1744.0,0.0
Bahrain,75,1566888.0,846120.0,720768.0,17236.0,18400.0,110000.0,1500.0,137.0,28.0,0.0,3.0,40.0,0.0,0.0,66.0,34.0,150.0,5196.0,38.0,26.0,18.0,64.0,0.0,0.0,0.0,0.0,2.0,2.0,50.0,0.0,997015509.0,54450000000.0,93937000000.0,4949000000.0,3.0,913300.0,4.0,0.0,4122.0,190000.0,72000.0,186500000.0,18005000000.0,17924000000.0,81382000000.0,0.0,0.0,0.0,760.0,161.0,0.0,0.0
Kuwait,76,3138355.0,1726095.0,1449920.0,37660.0,78000.0,24000.0,7500.0,133.0,47.0,0.0,2.0,13.0,0.0,3.0,68.0,16.0,367.0,7472.0,51.0,0.0,27.0,123.0,0.0,0.0,0.0,0.0,0.0,0.0,106.0,0.0,7987000000.0,60500000000.0,225947000000.0,50728000000.0,6.0,3003000.0,6.0,0.0,5749.0,2910000.0,430000.0,101500000000.0,19285000000.0,26083000000.0,1784000000000.0,0.0,60000.0,0.0,17818.0,499.0,475.0,0.0
Albania,77,3107100.0,1522479.0,1292554.0,62142.0,7500.0,0.0,500.0,20.0,0.0,0.0,1.0,0.0,0.0,0.0,19.0,0.0,0.0,1492.0,10.0,0.0,270.0,33.0,0.0,0.0,0.0,0.0,0.0,0.0,33.0,0.0,720037190.0,5363000000.0,51360000000.0,6516000000.0,3.0,1370000.0,3.0,424.0,3581.0,14000.0,21000.0,150000000.0,50623000.0,50623000.0,5692000000.0,473000.0,255000.0,522000000.0,28748.0,362.0,691.0,41.0
Turkmenistan,78,5744151.0,2768681.0,2245963.0,109139.0,36500.0,0.0,3500.0,91.0,22.0,27.0,5.0,11.0,0.0,0.0,26.0,10.0,654.0,11588.0,73.0,457.0,164.0,16.0,0.0,0.0,0.0,0.0,0.0,0.0,16.0,0.0,1463000000.0,3696000000.0,134555000000.0,21073860000.0,23.0,2445000.0,0.0,5113.0,58592.0,272000.0,152000.0,600000000.0,86472000000.0,41561000000.0,11327000000000.0,0.0,0.0,799999000.0,488100.0,1768.0,4158.0,1300.0
Tunisia,79,12048847.0,6024424.0,5181004.0,204830.0,89800.0,0.0,12000.0,155.0,10.0,0.0,12.0,28.0,4.0,0.0,101.0,0.0,145.0,13927.0,0.0,105.0,0.0,37.0,0.0,0.0,0.0,0.0,1.0,1.0,30.0,0.0,2172751250.0,21212000000.0,156086000000.0,9344000000.0,14.0,4247000.0,16.0,2173.0,32332.0,35000.0,104000.0,425000000.0,1323000000.0,5153000000.0,65129000000.0,0.0,2000.0,0.0,163610.0,1148.0,1495.0,0.0
Libya,80,7361263.0,3827857.0,3290485.0,125141.0,32000.0,0.0,100000.0,83.0,10.0,1.0,12.0,35.0,0.0,0.0,22.0,4.0,55.0,2728.0,20.0,38.0,25.0,5.0,0.0,0.0,0.0,0.0,1.0,0.0,2.0,0.0,1474800000.0,3654200000.0,90609000000.0,92894000000.0,75.0,2585000.0,14.0,0.0,34000.0,1245000.0,207000.0,48363000000.0,11832000000.0,9212000000.0,1505000000000.0,0.0,0.0,0.0,1759540.0,1770.0,4339.0,0.0
Paraguay,81,7522549.0,3535598.0,3001497.0,150451.0,15650.0,168500.0,14800.0,49.0,0.0,4.0,12.0,14.0,1.0,0.0,18.0,0.0,10.0,2876.0,6.0,50.0,0.0,73.0,0.0,0.0,0.0,0.0,0.0,0.0,64.0,0.0,416800000.0,13783000000.0,112919000000.0,9886000000.0,83.0,3502000.0,1.0,30.0,78811.0,2000.0,52000.0,0.0,0.0,0.0,0.0,0.0,700.0,0.0,406752.0,0.0,4655.0,3100.0
Bolivia,82,12311974.0,5417269.0,4112199.0,233928.0,40000.0,40000.0,0.0,67.0,0.0,0.0,15.0,20.0,2.0,0.0,29.0,0.0,54.0,764.0,0.0,58.0,0.0,67.0,0.0,0.0,0.0,0.0,0.0,0.0,50.0,0.0,467670000.0,11174000000.0,122200000000.0,1977000000.0,201.0,6859000.0,0.0,3690.0,90568.0,58000.0,100000.0,240900000.0,13760000000.0,3055000000.0,302990000000.0,0.0,9000.0,1000000.0,1098581.0,0.0,7252.0,10000.0
Cambodia,83,17063669.0,8190561.0,5733393.0,307146.0,124300.0,0.0,10000.0,24.0,0.0,0.0,4.0,0.0,0.0,0.0,20.0,0.0,520.0,5439.0,30.0,525.0,521.0,20.0,0.0,0.0,0.0,0.0,0.0,0.0,20.0,0.0,750000000.0,8019000000.0,123676000000.0,22506000000.0,12.0,9904000.0,2.0,642.0,61810.0,0.0,77000.0,0.0,0.0,0.0,0.0,27000.0,4390000.0,0.0,181035.0,443.0,2530.0,3700.0
Kenya,84,58246378.0,21551160.0,14037377.0,931942.0,50000.0,0.0,25000.0,154.0,17.0,0.0,21.0,30.0,2.0,0.0,84.0,2.0,188.0,9114.0,18.0,53.0,0.0,27.0,0.0,0.0,0.0,0.0,0.0,0.0,18.0,0.0,1651803025.0,31451000000.0,328632000000.0,10067000000.0,368.0,23781000.0,4.0,3819.0,161452.0,0.0,113000.0,0.0,0.0,0.0,0.0,0.0,1453000.0,0.0,580367.0,536.0,3457.0,0.0
Chad,85,19093595.0,6873694.0,3856906.0,381872.0,37750.0,0.0,5000.0,40.0,0.0,7.0,7.0,8.0,2.0,0.0,16.0,3.0,90.0,4345.0,10.0,13.0,16.0,0.0,0.0,0.0,0.0,0.0,0.0,0.0,0.0,0.0,706800000.0,2286000000.0,52895000000.0,1050000000.0,44.0,6600000.0,0.0,0.0,40000.0,124000.0,15000.0,1500000000.0,0.0,0.0,0.0,0.0,0.0,0.0,1284000.0,0.0,6406.0,12400.0
Oman,86,3901992.0,1482757.0,1291559.0,50726.0,100000.0,0.0,10000.0,128.0,29.0,10.0,9.0,45.0,4.0,0.0,31.0,0.0,264.0,11380.0,24.0,144.0,0.0,17.0,0.0,0.0,0.0,0.0,0.0,5.0,8.0,0.0,8364000000.0,55986700000.0,193591000000.0,18287000000.0,37.0,2696000.0,7.0,0.0,60230.0,1056000.0,218000.0,5375000000.0,40754000000.0,27364000000.0,651287000000.0,0.0,82000.0,0.0,309500.0,2092.0,1561.0,0.0
Syria,87,23865423.0,15273871.0,13245310.0,668232.0,100000.0,0.0,50000.0,104.0,52.0,5.0,2.0,8.0,0.0,0.0,39.0,7.0,168.0,18736.0,60.0,0.0,0.0,12.0,0.0,0.0,0.0,0.0,0.0,0.0,8.0,0.0,145925000.0,4441250000.0,98858000000.0,307766250.0,42.0,6617000.0,3.0,2052.0,69873.0,65000.0,102000.0,2500000000.0,3085000000.0,3084000000.0,240693000000.0,0.0,15000.0,0.0,187437.0,193.0,2363.0,900.0
Lithuania,88,2628186.0,1708321.0,1332490.0,36795.0,23000.0,104000.0,14150.0,9.0,0.0,0.0,5.0,0.0,0.0,0.0,4.0,0.0,0.0,4553.0,16.0,54.0,0.0,13.0,0.0,0.0,0.0,0.0,0.0,0.0,5.0,4.0,5651760000.0,48400000000.0,136227000000.0,7406000000.0,64.0,1548000.0,2.0,1911.0,83821.0,4000.0,67000.0,12000000.0,0.0,1601000000.0,0.0,0.0,166000.0,0.0,65300.0,90.0,1545.0,441.0
Tanzania,89,67462121.0,12143182.0,6678750.0,607159.0,25000.0,0.0,6500.0,38.0,11.0,0.0,6.0,6.0,0.0,0.0,15.0,0.0,200.0,8408.0,0.0,205.0,70.0,12.0,0.0,0.0,0.0,0.0,0.0,0.0,10.0,0.0,1476113361.0,17513000000.0,246706000000.0,5371525000.0,206.0,32983000.0,8.0,4097.0,145203.0,0.0,85000.0,0.0,1808000000.0,1808000000.0,6513000000.0,2341000.0,740000.0,1410000000.0,947300.0,1424.0,4161.0,0.0
New Zealand,90,5161211.0,2219321.0,1775457.0,61935.0,10050.0,3300.0,300.0,47.0,0.0,0.0,7.0,13.0,6.0,0.0,21.0,0.0,0.0,3378.0,0.0,31.0,0.0,8.0,0.0,0.0,0.0,0.0,2.0,0.0,4.0,0.0,2455949332.0,230651410000.0,257117000000.0,22065000000.0,206.0,3124000.0,22.0,4128.0,94000.0,12000.0,154000.0,40993000.0,3770000000.0,3819000000.0,31149000000.0,3011000.0,2696000.0,6750000000.0,268838.0,15134.0,0.0,0.0
Slovenia,91,2097893.0,1006989.0,826570.0,22867.0,7000.0,26000.0,5000.0,40.0,0.0,0.0,5.0,23.0,0.0,0.0,16.0,0.0,54.0,4636.0,17.0,18.0,0.0,3.0,0.0,0.0,0.0,0.0,0.0,0.0,3.0,0.0,1782000000.0,60500000000.0,103118000000.0,2832000000.0,42.0,1058000.0,2.0,1207.0,38125.0,4.0,44000.0,0.0,3863000.0,840902000.0,0.0,2440000.0,2309000.0,95000000.0,20273.0,47.0,1211.0,710.0
Mozambique,92,33350954.0,14674420.0,7770772.0,533615.0,11200.0,0.0,3000.0,23.0,8.0,2.0,5.0,1.0,0.0,0.0,7.0,2.0,60.0,3488.0,0.0,104.0,12.0,36.0,0.0,0.0,0.0,0.0,0.0,0.0,36.0,0.0,480000000.0,8274000000.0,51786000000.0,3843000000.0,92.0,15173000.0,11.0,4787.0,30562.0,0.0,42000.0,0.0,5388000000.0,1347000000.0,2832000000000.0,10583000.0,13000.0,1792000000.0,799380.0,2470.0,4783.0,460.0
Mongolia,93,3281676.0,1870555.0,1552233.0,62352.0,35000.0,230000.0,50000.0,8.0,0.0,0.0,3.0,2.0,0.0,0.0,3.0,0.0,420.0,11040.0,0.0,500.0,130.0,0.0,0.0,0.0,0.0,0.0,0.0,0.0,0.0,0.0,1590000000.0,8379000000.0,59221000000.0,5508000000.0,37.0,1449000.0,0.0,1815.0,113200.0,15000.0,39000.0,0.0,0.0,0.0,0.0,68824000.0,8941000.0,2520000000.0,1564116.0,0.0,8082.0,580.0
Ireland,94,5233461.0,2407392.0,1999182.0,57568.0,7557.0,1720.0,0.0,23.0,0.0,0.0,5.0,8.0,2.0,0.0,8.0,0.0,0.0,3296.0,0.0,0.0,0.0,8.0,0.0,0.0,0.0,0.0,0.0,0.0,8.0,0.0,1754400500.0,3630000000000.0,620544000000.0,12698000000.0,100.0,2857000.0,21.0,1688.0,102227.0,600.0,159000.0,0.0,1447000000.0,5280000000.0,9911000000.0,0.0,1341000.0,40000000.0,70273.0,1448.0,443.0,956.0
Georgia,95,4900961.0,2744538.0,2225036.0,93118.0,37000.0,205500.0,0.0,61.0,0.0,5.0,2.0,10.0,0.0,0.0,44.0,11.0,132.0,5974.0,67.0,121.0,42.0,19.0,0.0,0.0,0.0,0.0,0.0,0.0,31.0,4.0,680000000.0,9085000000.0,91849000000.0,4447000000.0,21.0,1833000.0,3.0,1363.0,40044.0,300.0,34000.0,35000000.0,8760000.0,2796000000.0,8495000000.0,148000.0,384000.0,900999000.0,69700.0,310.0,1814.0,0.0
Guatemala,96,18255216.0,7484639.0,6279794.0,182552.0,106114.0,90000.0,35000.0,35.0,0.0,3.0,10.0,0.0,2.0,0.0,20.0,0.0,0.0,3268.0,0.0,110.0,0.0,25.0,0.0,0.0,0.0,0.0,0.0,0.0,20.0,0.0,616000000.0,11862000000.0,232673000000.0,24412000000.0,58.0,7575000.0,3.0,800.0,17440.0,6000.0,117000.0,86110000.0,3276000.0,2986000.0,0.0,0.0,1012000.0,0.0,108889.0,400.0,1667.0,990.0
Uruguay,97,3425330.0,1575652.0,1322177.0,54805.0,24000.0,0.0,5000.0,43.0,0.0,6.0,6.0,12.0,5.0,2.0,12.0,0.0,62.0,5968.0,16.0,83.0,4.0,16.0,0.0,0.0,0.0,0.0,0.0,0.0,5.0,2.0,1903440000.0,54450000000.0,108502000000.0,17378000000.0,65.0,1768000.0,8.0,1673.0,77732.0,400.0,50000.0,0.0,0.0,86037000.0,0.0,0.0,8000.0,0.0,176215.0,660.0,1591.0,1600.0
Yemen,98,32140443.0,12213368.0,9031464.0,610668.0,33350.0,0.0,20000.0,160.0,68.0,0.0,3.0,30.0,0.0,0.0,59.0,14.0,0.0,1550.0,12.0,60.0,30.0,26.0,0.0,0.0,0.0,0.0,0.0,1.0,9.0,0.0,405187500.0,6492000000.0,18719000000.0,831025575.0,37.0,7848000.0,10.0,0.0,71300.0,15000.0,58000.0,3000000000.0,189432000.0,189432000.0,478555000000.0,0.0,27000.0,0.0,527968.0,1906.0,1601.0,0.0
Cameroon,99,30966105.0,10528476.0,6224187.0,495458.0,38000.0,0.0,9000.0,35.0,0.0,0.0,6.0,6.0,2.0,0.0,21.0,0.0,0.0,860.0,18.0,52.0,20.0,19.0,0.0,0.0,0.0,0.0,0.0,0.0,19.0,0.0,835694942.0,11112000000.0,143264000000.0,4882000000.0,37.0,11119000.0,7.0,987.0,77589.0,64000.0,41000.0,200000000.0,2595000000.0,877058000.0,135071000000.0,0.0,0.0,0.0,475440.0,400.0,5018.0,0.0
Tajikistan,100,10394063.0,4781269.0,3773045.0,176699.0,150000.0,600000.0,20000.0,25.0,0.0,0.0,1.0,4.0,0.0,0.0,20.0,6.0,38.0,6782.0,3.0,13.0,24.0,0.0,0.0,0.0,0.0,0.0,0.0,0.0,0.0,0.0,450460000.0,3024000000.0,50370000000.0,3026450000.0,19.0,2780000.0,0.0,680.0,30000.0,300.0,31000.0,12000000.0,18476000.0,85567000.0,5663000000.0,2394000.0,2297000.0,4075000000.0,144100.0,0.0,4130.0,200.0
Armenia,101,2976765.0,1666988.0,1366335.0,44651.0,65000.0,210000.0,5000.0,69.0,4.0,14.0,3.0,12.0,0.0,0.0,36.0,20.0,109.0,1412.0,104.0,193.0,100.0,0.0,0.0,0.0,0.0,0.0,0.0,0.0,0.0,0.0,1480000000.0,6002000000.0,60909000000.0,3685000000.0,11.0,1510000.0,0.0,686.0,7700.0,0.0,15000.0,0.0,0.0,2861000000.0,0.0,300.0,19000.0,317000000.0,29743.0,0.0,1570.0,0.0
Latvia,102,1801246.0,810561.0,648449.0,16211.0,17870.0,38000.0,12500.0,3.0,0.0,0.0,0.0,0.0,0.0,0.0,3.0,0.0,0.0,3410.0,47.0,0.0,0.0,18.0,0.0,0.0,0.0,0.0,0.0,0.0,11.0,6.0,42000000.0,48598440000.0,72516000000.0,5141000000.0,55.0,954900.0,5.0,2216.0,57972.0,2000.0,33000.0,0.0,0.0,828214000.0,0.0,0.0,20000.0,0.0,64589.0,498.0,1370.0,300.0
Honduras,103,9529188.0,4192843.0,3144632.0,95292.0,52225.0,0.0,23000.0,45.0,6.0,7.0,10.0,10.0,1.0,0.0,11.0,0.0,22.0,4666.0,0.0,48.0,0.0,98.0,0.0,0.0,0.0,0.0,0.0,0.0,93.0,0.0,612300000.0,7785000000.0,71297000000.0,8036000000.0,129.0,4296000.0,8.0,699.0,14742.0,20.0,71000.0,0.0,0.0,0.0,0.0,0.0,144000.0,0.0,112090.0,832.0,1575.0,465.0
Mali,104,21990607.0,6817088.0,4288168.0,351850.0,40000.0,0.0,4800.0,44.0,9.0,12.0,8.0,4.0,1.0,0.0,10.0,8.0,0.0,3717.0,0.0,50.0,30.0,0.0,0.0,0.0,0.0,0.0,0.0,0.0,0.0,0.0,1110000000.0,4085000000.0,71253000000.0,647800000.0,30.0,9126000.0,0.0,593.0,139107.0,0.0,46000.0,0.0,0.0,0.0,0.0,0.0,0.0,0.0,1240192.0,0.0,7908.0,1800.0
Zimbabwe,105,17150352.0,6517134.0,3721626.0,360157.0,29000.0,0.0,21800.0,80.0,9.0,9.0,14.0,20.0,0.0,0.0,28.0,6.0,60.0,1248.0,0.0,0.0,0.0,0.0,0.0,0.0,0.0,0.0,0.0,0.0,0.0,0.0,1976800000.0,6671000000.0,57391000000.0,484973000.0,144.0,6386000.0,0.0,3427.0,97267.0,800.0,34000.0,0.0,0.0,0.0,0.0,7968000.0,6705000.0,502000000.0,390757.0,0.0,3229.0,0.0
Estonia,106,1193791.0,584958.0,456028.0,13132.0,7700.0,230000.0,10000.0,2.0,0.0,0.0,2.0,0.0,0.0,0.0,0.0,0.0,0.0,2579.0,48.0,0.0,6.0,8.0,0.0,0.0,0.0,0.0,0.0,0.0,4.0,4.0,2375000000.0,29040000000.0,57001000000.0,2075000000.0,34.0,756200.0,20.0,1441.0,89382.0,24000.0,27000.0,0.0,0.0,354912000.0,0.0,0.0,800.0,0.0,45228.0,3794.0,657.0,335.0
Uganda,107,49283041.0,16756234.0,9905891.0,985661.0,45000.0,0.0,10000.0,51.0,6.0,0.0,3.0,12.0,0.0,0.0,30.0,6.0,259.0,9702.0,6.0,26.0,12.0,0.0,0.0,0.0,0.0,0.0,0.0,0.0,0.0,0.0,1510000000.0,10469000000.0,144137000000.0,3432750000.0,39.0,22829000.0,0.0,1244.0,20544.0,0.0,44000.0,2500000000.0,0.0,0.0,14158000000.0,19.0,0.0,799999000.0,241038.0,0.0,2729.0,0.0
Ivory Coast,108,29981758.0,12292521.0,7855221.0,569653.0,22000.0,0.0,5500.0,22.0,0.0,0.0,3.0,2.0,3.0,0.0,14.0,5.0,0.0,1328.0,0.0,4.0,6.0,8.0,0.0,0.0,0.0,0.0,0.0,0.0,7.0,0.0,18200000.0,26576000000.0,215018000000.0,7583484000.0,29.0,12595000.0,5.0,660.0,81996.0,29000.0,87000.0,100000000.0,2635000000.0,2635000000.0,28317000000.0,0.0,0.0,0.0,322463.0,515.0,3458.0,980.0
Kyrgyzstan,109,6172101.0,3147772.0,2487357.0,117270.0,23000.0,0.0,55000.0,7.0,0.0,0.0,0.0,0.0,0.0,0.0,7.0,2.0,215.0,5372.0,30.0,174.0,21.0,0.0,0.0,0.0,0.0,0.0,0.0,0.0,0.0,0.0,654000000.0,3617000000.0,50907000000.0,5089000000.0,28.0,3197000.0,0.0,424.0,34000.0,6000.0,31000.0,40000000.0,31026000.0,438000000.0,5663000000.0,3685000.0,4212000.0,28499000000.0,199951.0,0.0,4573.0,576.0
Luxembourg,110,671254.0,154388.0,92633.0,3356.0,1200.0,0.0,0.0,1.0,0.0,0.0,1.0,0.0,0.0,0.0,0.0,0.0,0.0,476.0,0.0,0.0,0.0,0.0,0.0,0.0,0.0,0.0,0.0,0.0,0.0,0.0,1530685000.0,5203000000000.0,86871000000.0,2789000000.0,3.0,350000.0,0.0,271.0,2746.0,0.0,51000.0,0.0,0.0,594240000.0,0.0,0.0,34000.0,0.0,2586.0,0.0,327.0,37.0
Zambia,111,20799116.0,7279691.0,4139024.0,374384.0,15150.0,0.0,1200.0,78.0,0.0,0.0,13.0,34.0,0.0,0.0,33.0,0.0,75.0,848.0,12.0,60.0,50.0,0.0,0.0,0.0,0.0,0.0,0.0,0.0,0.0,0.0,385321000.0,16597000000.0,79207000000.0,3017000000.0,120.0,7407000.0,0.0,3126.0,67671.0,0.0,34000.0,0.0,0.0,0.0,0.0,2091000.0,2081000.0,945000000.0,752618.0,0.0,6043.0,0.0
Ghana,112,34589092.0,14873310.0,9961658.0,622604.0,15500.0,0.0,0.0,18.0,0.0,0.0,2.0,5.0,2.0,0.0,9.0,0.0,0.0,3648.0,0.0,6.0,6.0,20.0,0.0,0.0,0.0,0.0,0.0,0.0,20.0,0.0,954423756.0,29241000000.0,243124000000.0,3624000000.0,11.0,13927000.0,4.0,947.0,65725.0,176000.0,96000.0,660000000.0,3192000000.0,3912000000.0,22653000000.0,0.0,51000.0,0.0,238533.0,539.0,2420.0,1293.0
South Sudan,113,12703714.0,6351857.0,4065188.0,330297.0,185000.0,0.0,0.0,19.0,0.0,0.0,4.0,0.0,0.0,0.0,15.0,6.0,122.0,2550.0,24.0,0.0,15.0,0.0,0.0,0.0,0.0,0.0,0.0,0.0,0.0,0.0,30700000.0,2722500000.0,6752000000.0,128248000.0,89.0,5091000.0,0.0,248.0,90200.0,146000.0,11000.0,3750000000.0,0.0,0.0,0.0,0.0,0.0,0.0,644329.0,0.0,6018.0,0.0
North Macedonia,114,2135622.0,948216.0,783773.0,27763.0,10010.0,60000.0,3500.0,20.0,0.0,0.0,0.0,10.0,0.0,0.0,10.0,4.0,0.0,1878.0,0.0,156.0,18.0,0.0,0.0,0.0,0.0,0.0,0.0,0.0,0.0,0.0,421527100.0,5637000000.0,43844000000.0,5252000000.0,13.0,779200.0,0.0,699.0,15170.0,0.0,24000.0,0.0,0.0,274928000.0,0.0,4000000.0,5344000.0,332000000.0,25713.0,0.0,838.0,0.0
Dominican Republic,115,10815857.0,4975294.0,4034315.0,97343.0,89000.0,189000.0,30000.0,80.0,0.0,8.0,11.0,17.0,1.0,0.0,49.0,0.0,6.0,930.0,0.0,14.0,0.0,34.0,0.0,0.0,0.0,0.0,0.0,0.0,14.0,0.0,903000000.0,35044000000.0,276884000000.0,13471000000.0,32.0,5413000.0,17.0,496.0,19705.0,0.0,146000.0,0.0,0.0,2440000000.0,0.0,0.0,2356000.0,0.0,48320.0,1288.0,376.0,0.0
Nicaragua,116,6676948.0,3271705.0,2777610.0,146893.0,45000.0,0.0,5500.0,17.0,0.0,0.0,5.0,1.0,0.0,0.0,12.0,0.0,186.0,6344.0,0.0,347.0,151.0,23.0,0.0,0.0,0.0,0.0,0.0,0.0,23.0,0.0,1311600000.0,6753000000.0,52989000000.0,6105000000.0,39.0,3225000.0,5.0,0.0,24033.0,200.0,28000.0,0.0,0.0,0.0,0.0,0.0,0.0,0.0,130370.0,910.0,1253.0,2220.0
Republic of the Congo,117,6097665.0,2256136.0,1353682.0,115856.0,10000.0,0.0,2500.0,14.0,2.0,0.0,4.0,0.0,0.0,0.0,8.0,1.0,61.0,804.0,3.0,38.0,30.0,4.0,0.0,0.0,0.0,0.0,0.0,0.0,0.0,0.0,933360000.0,6360000000.0,39147000000.0,715391000.0,56.0,2563000.0,5.0,510.0,23324.0,267000.0,13000.0,2885000000.0,423000000.0,423000000.0,283990000000.0,0.0,0.0,0.0,342000.0,169.0,5008.0,1120.0
Lebanon,118,5364482.0,2092148.0,1775644.0,69738.0,80000.0,15000.0,65000.0,80.0,0.0,9.0,0.0,9.0,0.0,0.0,68.0,0.0,334.0,6912.0,12.0,350.0,11.0,48.0,0.0,0.0,0.0,0.0,0.0,0.0,42.0,0.0,800000000.0,41619000000.0,65415000000.0,33301000000.0,8.0,1939000.0,5.0,401.0,21705.0,0.0,115000.0,0.0,0.0,0.0,0.0,0.0,166000.0,0.0,10400.0,225.0,484.0,0.0
Eritrea,119,6343956.0,2220385.0,1598677.0,76127.0,350000.0,680000.0,0.0,20.0,1.0,0.0,5.0,1.0,0.0,0.0,13.0,6.0,148.0,1040.0,45.0,89.0,44.0,23.0,0.0,0.0,0.0,0.0,0.0,0.0,18.0,0.0,219000000.0,461376000.0,2534000000.0,191694000.0,11.0,1710000.0,2.0,306.0,16000.0,0.0,5000.0,0.0,0.0,0.0,0.0,0.0,0.0,0.0,117600.0,2234.0,1840.0,0.0
Niger,120,26342784.0,7902835.0,5294900.0,447827.0,25000.0,0.0,5000.0,26.0,0.0,2.0,7.0,0.0,2.0,0.0,13.0,2.0,0.0,1550.0,0.0,0.0,0.0,0.0,0.0,0.0,0.0,0.0,0.0,0.0,0.0,0.0,488400000.0,3793000000.0,47921000000.0,1442772000.0,26.0,10486000.0,0.0,0.0,18949.0,13000.0,18000.0,150000000.0,29509000.0,29858000.0,0.0,427000.0,426000.0,90000000.0,1267000.0,0.0,5834.0,300.0
Afghanistan,121,40121552.0,15647405.0,8826741.0,842553.0,75000.0,0.0,90000.0,5.0,0.0,0.0,2.0,0.0,0.0,0.0,3.0,0.0,0.0,3902.0,0.0,0.0,0.0,0.0,0.0,0.0,0.0,0.0,0.0,0.0,0.0,0.0,145000000.0,1929750000.0,82238000000.0,8852092000.0,68.0,9133000.0,0.0,0.0,34903.0,0.0,58000.0,0.0,80200000.0,80200000.0,49554000000.0,767000.0,503000.0,66000000.0,652230.0,0.0,5987.0,1200.0
Namibia,122,2803660.0,616805.0,400923.0,30840.0,17567.0,0.0,5000.0,36.0,11.0,0.0,5.0,13.0,0.0,0.0,7.0,2.0,7.0,2402.0,0.0,50.0,55.0,15.0,0.0,0.0,0.0,0.0,0.0,2.0,15.0,0.0,450498000.0,9680000000.0,31154000000.0,3356000000.0,259.0,1131000.0,2.0,2628.0,48875.0,0.0,23000.0,0.0,0.0,0.0,62297000000.0,0.0,24000.0,350000000.0,824292.0,1572.0,4220.0,0.0
Mauritania,123,4328040.0,1687936.0,1181555.0,82233.0,31540.0,66000.0,5000.0,23.0,0.0,4.0,7.0,6.0,2.0,0.0,4.0,0.0,51.0,5024.0,0.0,75.0,0.0,6.0,0.0,0.0,0.0,0.0,0.0,0.0,6.0,0.0,270625000.0,3072000000.0,33069000000.0,2039000000.0,25.0,1210000.0,2.0,728.0,12253.0,0.0,32000.0,20000000.0,0.0,0.0,28317000000.0,0.0,0.0,0.0,1030700.0,754.0,5002.0,1086.0
Nepal,124,31122387.0,15249970.0,11733140.0,778060.0,98500.0,82000.0,15000.0,17.0,0.0,0.0,7.0,0.0,0.0,0.0,10.0,0.0,0.0,1108.0,0.0,14.0,0.0,0.0,0.0,0.0,0.0,0.0,0.0,0.0,0.0,0.0,431355326.0,5719000000.0,149643000000.0,12456000000.0,51.0,8435000.0,0.0,59.0,64500.0,0.0,71000.0,0.0,0.0,0.0,0.0,9000.0,1091000.0,8000000.0,147181.0,0.0,3159.0,0.0
Laos,125,7953556.0,3499565.0,2521277.0,159071.0,100000.0,30000.0,120000.0,29.0,0.0,0.0,2.0,7.0,0.0,0.0,20.0,0.0,160.0,7725.0,50.0,97.0,64.0,51.0,0.0,0.0,0.0,0.0,0.0,0.0,47.0,0.0,355600000.0,9619000000.0,66905000000.0,1770000000.0,20.0,3585000.0,0.0,422.0,59647.0,0.0,25000.0,0.0,0.0,0.0,0.0,16629000.0,15944000.0,62000000.0,236800.0,0.0,5274.0,4600.0
Senegal,126,18847519.0,7162057.0,4089912.0,395798.0,17000.0,0.0,0.0,39.0,0.0,0.0,5.0,22.0,1.0,0.0,19.0,5.0,0.0,1860.0,0.0,20.0,6.0,4.0,0.0,0.0,0.0,0.0,0.0,0.0,4.0,0.0,777800000.0,14985000000.0,83183000000.0,889295000.0,20.0,5763000.0,6.0,906.0,16665.0,9000.0,65000.0,0.0,54646000.0,54498000.0,0.0,0.0,138000.0,0.0,196722.0,531.0,2684.0,1000.0
Burkina Faso,127,23042199.0,8525614.0,6060098.0,368675.0,7500.0,0.0,4500.0,26.0,0.0,3.0,2.0,0.0,2.0,0.0,19.0,5.0,0.0,876.0,0.0,8.0,9.0,0.0,0.0,0.0,0.0,0.0,0.0,0.0,0.0,0.0,4590000000.0,3565000000.0,60001000000.0,47138000.0,49.0,6461000.0,0.0,622.0,15304.0,0.0,37000.0,0.0,0.0,0.0,0.0,0.0,0.0,0.0,274200.0,0.0,3611.0,0.0
Montenegro,128,599849.0,143964.0,85179.0,3599.0,2350.0,0.0,5500.0,10.0,0.0,0.0,0.0,0.0,0.0,0.0,10.0,0.0,0.0,946.0,0.0,12.0,12.0,20.0,0.0,0.0,0.0,0.0,0.0,0.0,14.0,0.0,204000000.0,3643000000.0,17375000000.0,1741000000.0,5.0,245300.0,4.0,250.0,7762.0,0.0,9000.0,0.0,0.0,0.0,0.0,1862000.0,1658000.0,337000000.0,13812.0,294.0,680.0,0.0
El Salvador,129,6628702.0,3181777.0,2512278.0,145831.0,25000.0,0.0,15000.0,51.0,0.0,15.0,3.0,10.0,0.0,0.0,28.0,0.0,0.0,2144.0,0.0,76.0,0.0,13.0,0.0,0.0,0.0,0.0,0.0,0.0,8.0,0.0,1037200000.0,12668000000.0,73961000000.0,3705000000.0,27.0,2890000.0,3.0,13.0,9012.0,3.0,56000.0,0.0,0.0,226472.0,0.0,0.0,500.0,0.0,21041.0,307.0,590.0,422.0
Botswana,130,2450668.0,1029281.0,617568.0,24507.0,12000.0,0.0,0.0,45.0,10.0,0.0,9.0,10.0,0.0,0.0,16.0,0.0,45.0,1224.0,12.0,36.0,20.0,0.0,0.0,0.0,0.0,0.0,0.0,0.0,0.0,0.0,581000000.0,1761000000.0,45553000000.0,3456000000.0,122.0,1173000.0,0.0,888.0,31747.0,0.0,22000.0,0.0,0.0,0.0,0.0,2242000.0,1351000.0,1660000000.0,581730.0,0.0,4347.0,0.0
Madagascar,131,29452714.0,11192031.0,7952233.0,559602.0,13500.0,0.0,8100.0,6.0,0.0,0.0,1.0,0.0,0.0,0.0,5.0,0.0,12.0,316.0,0.0,17.0,0.0,7.0,0.0,0.0,0.0,0.0,0.0,0.0,5.0,0.0,147630000.0,3548000000.0,52968000000.0,2785000000.0,93.0,16519000.0,13.0,836.0,31640.0,0.0,20000.0,0.0,0.0,0.0,0.0,0.0,472000.0,150000000.0,587040.0,4828.0,0.0,600.0
Gabon,132,2455105.0,932940.0,532758.0,46647.0,5000.0,0.0,2500.0,25.0,6.0,0.0,3.0,0.0,0.0,0.0,16.0,0.0,0.0,424.0,0.0,4.0,28.0,5.0,0.0,0.0,0.0,0.0,0.0,0.0,4.0,0.0,340950000.0,6442000000.0,48045000000.0,1447000000.0,42.0,824400.0,9.0,649.0,14300.0,204000.0,14000.0,2000000000.0,463000000.0,463000000.0,25995000000.0,0.0,0.0,0.0,267667.0,885.0,3261.0,1600.0
Bosnia and Herzegovina,133,3798671.0,2355176.0,1956316.0,49383.0,18000.0,8000.0,0.0,15.0,0.0,0.0,0.0,0.0,0.0,0.0,15.0,0.0,45.0,892.0,0.0,300.0,24.0,0.0,0.0,0.0,0.0,0.0,0.0,0.0,0.0,0.0,289920000.0,5359000000.0,64641000000.0,9419000000.0,20.0,1356000.0,1.0,965.0,8619.0,0.0,34000.0,0.0,0.0,225824000.0,0.0,12311000.0,12304000.0,2264000000.0,51197.0,20.0,1543.0,990.0
Iceland,134,364036.0,83728.0,50237.0,1820.0,0.0,0.0,0.0,0.0,0.0,0.0,0.0,0.0,0.0,0.0,0.0,0.0,0.0,350.0,0.0,0.0,0.0,0.0,0.0,0.0,0.0,0.0,0.0,0.0,0.0,0.0,500000000.0,24200000000.0,26561000000.0,6403000000.0,82.0,248400.0,43.0,0.0,12905.0,0.0,19000.0,0.0,0.0,0.0,0.0,0.0,137000.0,0.0,100250.0,4970.0,0.0,0.0
Panama,135,4470241.0,2011608.0,1206965.0,53643.0,16300.0,0.0,80000.0,38.0,0.0,0.0,13.0,0.0,2.0,0.0,23.0,0.0,0.0,1550.0,0.0,0.0,0.0,22.0,0.0,0.0,0.0,0.0,0.0,0.0,14.0,0.0,1069750000.0,1227085530000.0,164484000000.0,6856000000.0,77.0,2206000.0,12.0,77.0,11978.0,0.0,131000.0,0.0,0.0,389611000.0,0.0,0.0,863000.0,0.0,75420.0,2490.0,687.0,800.0
Moldova,136,3599528.0,2159717.0,1792565.0,71991.0,6500.0,2000.0,2000.0,3.0,0.0,0.0,1.0,0.0,0.0,0.0,2.0,0.0,0.0,1598.0,4.0,67.0,11.0,0.0,0.0,0.0,0.0,0.0,0.0,0.0,0.0,0.0,114114000.0,2637000000.0,39342000000.0,5848000000.0,10.0,1358000.0,0.0,1171.0,9488.0,0.0,22000.0,0.0,10000.0,2344000000.0,0.0,0.0,90000.0,0.0,33851.0,0.0,1885.0,558.0
Somalia,137,13017273.0,2993973.0,1796384.0,130173.0,30000.0,0.0,2000.0,6.0,0.0,0.0,0.0,0.0,0.0,0.0,6.0,0.0,0.0,1104.0,0.0,0.0,0.0,19.0,0.0,0.0,0.0,0.0,0.0,0.0,19.0,0.0,870000000.0,2563000000.0,26770000000.0,16747500.0,40.0,3439000.0,6.0,0.0,15000.0,0.0,6000.0,0.0,0.0,0.0,5663000000.0,0.0,0.0,0.0,637657.0,3025.0,2385.0,0.0
Benin,138,14697052.0,5584880.0,3189260.0,308638.0,4750.0,0.0,0.0,7.0,0.0,0.0,1.0,0.0,1.0,0.0,5.0,0.0,0.0,92.0,0.0,16.0,0.0,2.0,0.0,0.0,0.0,0.0,0.0,0.0,2.0,0.0,137690000.0,6309000000.0,56424000000.0,698900000.0,10.0,6397000.0,1.0,438.0,16000.0,0.0,40000.0,8000000.0,0.0,182131000.0,1133000000.0,0.0,164000.0,0.0,112622.0,121.0,2123.0,150.0
Kosovo,139,1977093.0,917371.0,743387.0,17794.0,4000.0,5000.0,500.0,0.0,0.0,0.0,0.0,0.0,0.0,0.0,0.0,0.0,0.0,1357.0,0.0,0.0,0.0,0.0,0.0,0.0,0.0,0.0,0.0,0.0,0.0,0.0,1177450000.0,785739000.0,25019000000.0,1310000000.0,2.0,500300.0,0.0,437.0,2248.0,0.0,16000.0,0.0,0.0,0.0,0.0,6924000.0,6931000.0,1564000000.0,10887.0,0.0,714.0,0.0
Sierra Leone,140,9121049.0,2006631.0,1203978.0,45605.0,13000.0,0.0,0.0,1.0,0.0,0.0,0.0,0.0,0.0,0.0,1.0,0.0,0.0,350.0,0.0,0.0,0.0,10.0,0.0,0.0,0.0,0.0,0.0,0.0,10.0,0.0,450000000.0,1451000000.0,26728000000.0,495699000.0,8.0,2863000.0,3.0,0.0,11701.0,0.0,9000.0,0.0,0.0,0.0,0.0,0.0,0.0,0.0,71740.0,402.0,1093.0,800.0
Liberia,141,5437249.0,2392390.0,1913912.0,65247.0,2100.0,0.0,5500.0,0.0,0.0,0.0,0.0,0.0,0.0,0.0,0.0,0.0,0.0,550.0,0.0,0.0,0.0,6.0,0.0,0.0,0.0,0.0,0.0,0.0,6.0,0.0,20700000.0,1335000000.0,9308000000.0,599660000.0,19.0,2607000.0,4.0,429.0,10600.0,0.0,5000.0,0.0,0.0,0.0,0.0,0.0,0.0,0.0,111369.0,579.0,1667.0,0.0
Suriname,142,646758.0,142287.0,84079.0,3234.0,2500.0,0.0,200.0,3.0,0.0,0.0,0.0,0.0,0.0,0.0,3.0,0.0,0.0,1250.0,0.0,0.0,0.0,17.0,0.0,0.0,0.0,0.0,0.0,0.0,17.0,0.0,58440000.0,2645000000.0,12316000000.0,1632000000.0,55.0,255500.0,4.0,0.0,4304.0,14000.0,17000.0,89000000.0,7109000.0,6967000.0,0.0,0.0,0.0,0.0,163820.0,386.0,1907.0,1200.0
Central African Republic,143,5650957.0,2203873.0,1254512.0,101717.0,30000.0,0.0,1000.0,8.0,0.0,8.0,0.0,0.0,0.0,0.0,0.0,0.0,0.0,270.0,0.0,0.0,0.0,0.0,0.0,0.0,0.0,0.0,0.0,0.0,0.0,0.0,300000000.0,724179000.0,5926000000.0,374405000.0,43.0,2000000.0,0.0,0.0,24000.0,0.0,2000.0,0.0,0.0,0.0,0.0,0.0,0.0,3000000.0,622984.0,0.0,5920.0,2800.0
Beliz,144,415789.0,158000.0,90226.0,8732.0,2000.0,850.0,0.0,3.0,0.0,0.0,1.0,0.0,1.0,0.0,1.0,0.0,0.0,164.0,0.0,0.0,0.0,15.0,0.0,0.0,0.0,0.0,0.0,0.0,15.0,0.0,34400000.0,1235000000.0,5538000000.0,498087000.0,27.0,190000.0,2.0,0.0,3281.0,800.0,5000.0,6700000.0,0.0,0.0,0.0,0.0,0.0,0.0,22966.0,386.0,542.0,825.0
Bhutan,145,884546.0,203446.0,122067.0,4423.0,16000.0,50000.0,0.0,2.0,0.0,0.0,0.0,0.0,0.0,0.0,2.0,0.0,0.0,78.0,0.0,0.0,0.0,0.0,0.0,0.0,0.0,0.0,0.0,0.0,0.0,0.0,26600000.0,2827000000.0,11517000000.0,941018000.0,4.0,406500.0,0.0,0.0,12205.0,0.0,4000.0,0.0,0.0,0.0,0.0,4000.0,105000.0,0.0,38394.0,0.0,1136.0,0.0
