country,capital_city,region,continent,alliance,year,power_index_rank,population,total_personnel,manpower-fit-for-military-service,manpower-reaching-military-age-annually,active_personnel,active-reserve-military-manpower,manpower-paramilitary,total_aircraft,aircraft-total-fighters,aircraft-total-attack-types,aircraft-total-transports,aircraft-total-trainers,aircraft-total-special-mission,aircraft-total-tanker-fleet,aircraft-helicopters-total,aircraft-helicopters-attack,tanks,armor-apc-total,armor-self-propelled-guns-total,armor-towed-artillery-total,armor-mlrs-total,naval_assets,navy-force-by-tonnage,navy-aircraft-carriers,navy-helo-carriers,navy-submarines,navy-destroyers,navy-frigates,navy-corvettes,navy-patrol-coastal-craft,navy-mine-warfare-craft,defense_budget_usd,external-debt-by-country,gdp_usd,reserves-of-foreign-exchange-and-gold,major-serviceable-airports-by-country,labor-force-by-country,major-ports-and-terminals,merchant-marine-strength-by-country,railway-coverage,roadway-coverage,oil-production-by-country,oil-consumption-by-country,proven-oil-reserves-by-country,natural-gas-production-by-country,natural-gas-consumption-by-country,proven-natural-gas-reserves-by-country,coal-production-by-country,coal-consumption-by-country,proven-coal-reserves-by-country,land_area_sq_km,coastline_km,border-coverage,waterway-coverage,total_assets,assets_per_capita,budget_to_gdp_ratio,personnel_density,budget_per_soldier,power_index_rank_gap,air_power_ratio,armor_intensity_index,naval_strength_per_coastline,military_burden_index,coalition_strength_index
United States,"Washington, D.C.",North America,North America,NATO,2026,1,341963408.0,150463900.0,124816644.0,4445524.0,1328000.0,799500.0,0.0,13043.0,1790.0,889.0,918.0,2647.0,647.0,605.0,5843.0,1002.0,4640.0,391963.0,671.0,1212.0,641.0,440.0,4168037.0,11.0,9.0,70.0,81.0,0.0,26.0,0.0,8.0,895000000000.0,22303546100000.0,24662000000000.0,773426000000.0,15873.0,170549000.0,666.0,3533.0,293564.0,6586610.0,20879000.0,20245000.0,38212000000.0,1029000000000.0,914301000000.0,13402000000000.0,548849000.0,476044000.0,248941000000.0,9833517.0,19924.0,12002.0,41009.0,18123.0,5.299689842838389e-05,0.03629064958235342,0.44000000140365897,673945.7831325302,0,0.009821536144578313,0.00047185559347688117,0.022083918891788797,2617.239093605009,25562.0
Russia,Moscow,Eastern Europe,Europe,Non-NATO,2026,2,140820810.0,69002197.0,46189226.0,1267387.0,1320000.0,2000000.0,250000.0,4292.0,833.0,689.0,456.0,611.0,141.0,19.0,1651.0,557.0,5750.0,131527.0,5168.0,8505.0,3005.0,419.0,1260447.0,1.0,0.0,63.0,10.0,12.0,83.0,123.0,47.0,126000000000.0,317650500000.0,5816000000000.0,597217000000.0,904.0,72408000.0,67.0,2910.0,85494.0,1283387.0,10727000.0,3684000.0,80000000000.0,617830000000.0,472239000000.0,47805000000000.0,508190000.0,310958000.0,162166000000.0,17098242.0,37653.0,22407.0,102000.0,10461.0,7.428589567124348e-05,0.021664374140302613,0.49000000071012234,95454.54545454546,1,0.0032515151515151515,0.0003362918831070469,0.011127931373330147,894.7541205025025,25562.0
China,Beijing,East Asia,Asia,Non-NATO,2026,3,1415043270.0,764123366.0,626864169.0,19810606.0,2035000.0,510000.0,625000.0,3309.0,1212.0,371.0,289.0,402.0,112.0,10.0,913.0,281.0,6800.0,144017.0,3490.0,1000.0,2750.0,754.0,2857143.0,3.0,4.0,61.0,50.0,47.0,72.0,150.0,36.0,266850000000.0,1218458500000.0,31227000000000.0,3450000000000.0,531.0,779246000.0,66.0,8314.0,150000.0,5200000.0,4984000.0,15148000.0,26023000000.0,225341000000.0,366160000000.0,6654000000000.0,4827000000.0,5313000000.0,143197000000.0,9596960.0,14500.0,22457.0,27700.0,10863.0,7.676797049464077e-06,0.008545489480257469,0.5400000001413384,131130.22113022112,2,0.001626044226044226,0.0007085577099414814,0.052,188.58080573041417,25562.0
India,New Delhi,South Asia,Asia,Non-NATO,2026,4,1409128296.0,662290299.0,522786598.0,23955181.0,1455550.0,1155000.0,2527000.0,2229.0,513.0,130.0,270.0,351.0,74.0,6.0,899.0,80.0,4201.0,148594.0,100.0,3975.0,264.0,293.0,593603.0,2.0,0.0,18.0,13.0,14.0,18.0,135.0,0.0,75000000000.0,371020500000.0,13104000000000.0,627793000000.0,311.0,593729000.0,56.0,1859.0,65554.0,6371847.0,795000.0,5049000.0,4605000000.0,33170000000.0,58867000000.0,1381000000000.0,985671000.0,1200000000.0,111052000000.0,3287263.0,7000.0,13888.0,14500.0,6723.0,4.771034702151776e-06,0.005723443223443223,0.469999999914841,51526.91422486345,3,0.0015313798907629417,0.0012779628523790156,0.04185714285714286,53.22439426764588,25562.0
South Korea,Seoul,East Asia,Asia,Non-NATO,2026,5,52081799.0,26040900.0,21353538.0,416654.0,600000.0,3100000.0,120000.0,1592.0,315.0,98.0,41.0,318.0,36.0,4.0,807.0,111.0,2236.0,58880.0,3270.0,4400.0,426.0,227.0,344786.0,0.0,2.0,22.0,13.0,17.0,5.0,35.0,14.0,46300000000.0,503519500000.0,2615000000000.0,420930000000.0,89.0,29611000.0,15.0,2149.0,3979.0,100428.0,38000.0,2452000.0,0.0,55127000.0,59480000000.0,7079000000.0,15595000.0,136413000.0,326000000.0,99720.0,2413.0,237.0,1600.0,4055.0,7.785829364304408e-05,0.017705544933078392,0.5000000096002828,77166.66666666667,4,0.0026533333333333335,0.02242278379462495,0.09407376709490262,888.9861888219338,25562.0
United Kingdom,London,Western Europe,Europe,NATO,2026,6,68459055.0,31491165.0,25192932.0,753050.0,184860.0,924000.0,0.0,631.0,113.0,31.0,29.0,203.0,28.0,9.0,266.0,37.0,227.0,38200.0,71.0,126.0,29.0,109.0,394043.0,2.0,0.0,9.0,6.0,8.0,0.0,26.0,7.0,71500540000.0,9593749000000.0,3700000000000.0,177915000000.0,1043.0,35275000.0,185.0,868.0,16390.0,394428.0,753000.0,1397000.0,2500000000.0,37758000000.0,70141000000.0,180661000000.0,1891000.0,8568000.0,26000000.0,243610.0,12429.0,443.0,3200.0,967.0,1.4125231497863942e-05,0.01932447027027027,0.45999999561781857,386782.1053770421,5,0.0034133939197230337,0.0009318172488814088,0.008769812535199935,1044.4277970240753,25562.0
France,Paris,Western Europe,Europe,NATO,2026,7,68374591.0,30084820.0,23794358.0,752121.0,200000.0,26000.0,150000.0,976.0,226.0,0.0,119.0,141.0,44.0,16.0,448.0,68.0,215.0,110932.0,96.0,0.0,9.0,129.0,428765.0,1.0,3.0,9.0,11.0,11.0,0.0,20.0,17.0,55000000000.0,6992104900000.0,3764000000000.0,240792000000.0,689.0,31825000.0,66.0,553.0,27860.0,1053215.0,80000.0,1554000.0,61719000.0,20132000.0,37001000000.0,7787000000.0,2419000.0,12985000.0,160000000.0,643801.0,4853.0,4072.0,8501.0,1320.0,1.9305417124908286e-05,0.01461211477151966,0.43999999941498735,275000.0,6,0.00488,0.0003339541255760709,0.026581495981866887,804.3923802045119,25562.0
Japan,Tokyo,East Asia,Asia,Non-NATO,2026,8,123201945.0,52976836.0,42874277.0,1108818.0,247150.0,56000.0,25000.0,1443.0,217.0,38.0,55.0,401.0,141.0,10.0,596.0,119.0,521.0,31964.0,149.0,480.0,54.0,159.0,769882.0,0.0,4.0,24.0,42.0,6.0,0.0,6.0,22.0,57000000000.0,4679698100000.0,5761000000000.0,1295000000000.0,279.0,69349000.0,163.0,5229.0,27311.0,1218772.0,8000.0,3289000.0,44115000.0,2220000000.0,92843000000.0,20898000000.0,29141000.0,216332000.0,350000000.0,377915.0,29751.0,0.0,1770.0,2123.0,1.7231870811779797e-05,0.0098941156049297,0.4299999971591358,230629.17256726685,7,0.005838559579202913,0.001378616884749216,0.005344358172834527,462.6550335711015,25562.0
Turkiye,Unknown,Unknown,Unknown,Non-NATO,2026,9,84119531.0,42985080.0,36087279.0,1430032.0,355200.0,378700.0,150000.0,1083.0,201.0,0.0,84.0,287.0,28.0,7.0,508.0,111.0,2238.0,61173.0,1038.0,1707.0,296.0,182.0,325729.0,0.0,1.0,13.0,0.0,17.0,9.0,41.0,11.0,47000000000.0,294441000000.0,2936000000000.0,140858000000.0,115.0,35071000.0,54.0,1170.0,11497.0,67333.0,83000.0,1077000.0,366000000.0,379701000.0,2887000000.0,3794000000.0,88746000.0,123976000.0,11525000000.0,783562.0,7200.0,2816.0,1200.0,3503.0,4.164312328369972e-05,0.01600817438692098,0.5109999959462447,132319.81981981982,8,0.0030489864864864866,0.00285618751292176,0.025277777777777777,558.728745170964,25562.0
Italy,Unknown,Unknown,Unknown,Non-NATO,2026,10,60964931.0,27434219.0,22191235.0,548684.0,165500.0,18500.0,105000.0,729.0,89.0,67.0,30.0,162.0,23.0,8.0,392.0,37.0,200.0,73480.0,64.0,108.0,21.0,196.0,359417.0,2.0,0.0,8.0,3.0,10.0,0.0,19.0,10.0,30890000000.0,2750000000000.0,3097000000000.0,247396000000.0,636.0,25669000.0,123.0,1276.0,18475.0,487700.0,116000.0,1246000.0,497934000.0,3117000000.0,68735000000.0,45750000000.0,1618000.0,13127000.0,609999000.0,301340.0,7600.0,1836.0,2400.0,1125.0,1.8453231744000496e-05,0.00997416855020988,0.45000000082014363,186646.5256797583,9,0.004404833836858006,0.0006637021304838389,0.025789473684210525,506.68473650860034,25562.0
Brazil,Unknown,Unknown,Unknown,Non-NATO,2026,11,220051512.0,112226271.0,88680759.0,3520824.0,360000.0,340000.0,200000.0,513.0,43.0,38.0,109.0,133.0,25.0,0.0,191.0,0.0,294.0,22464.0,109.0,412.0,38.0,64.0,135737.0,0.0,1.0,4.0,0.0,6.0,2.0,23.0,3.0,26157300000.0,432224000000.0,4016000000000.0,355021000000.0,4919.0,108695000.0,45.0,888.0,29850.0,2000000.0,4221000.0,3027000.0,12715000000.0,22670000000.0,31654000000.0,363985000000.0,15644000.0,32787000.0,6596000000.0,8515770.0,7491.0,16145.0,50000.0,871.0,3.958164122953174e-06,0.006513271912350598,0.5099999994546731,72659.16666666667,10,0.001425,3.452418278088769e-05,0.008543585636096649,118.86898554916542,25562.0
Pakistan,Islamabad,South Asia,Asia,Non-NATO,2026,12,252363571.0,108516336.0,85803614.0,4794908.0,654000.0,550000.0,500000.0,1399.0,328.0,90.0,64.0,565.0,27.0,4.0,373.0,57.0,2627.0,17516.0,662.0,2629.0,600.0,121.0,111715.0,0.0,0.0,8.0,0.0,9.0,9.0,69.0,3.0,7640000000.0,92426000000.0,1347000000000.0,13730000000.0,116.0,80990000.0,3.0,60.0,11881.0,264175.0,101000.0,473000.0,540000000.0,36937000000.0,46448000000.0,592219000000.0,12712000.0,34027000.0,3064000000.0,796095.0,1046.0,7257.0,0.0,4147.0,1.6432641143756837e-05,0.005671863400148478,0.4300000018623924,11681.957186544343,11,0.00213914373088685,0.003299857429075676,0.11567877629063097,30.27378305722263,25562.0
Indonesia,Unknown,Unknown,Unknown,Non-NATO,2026,13,281562465.0,137965608.0,114595923.0,4786562.0,400000.0,400000.0,250000.0,459.0,41.0,34.0,70.0,112.0,17.0,1.0,214.0,15.0,331.0,20440.0,153.0,396.0,63.0,331.0,304168.0,0.0,0.0,4.0,0.0,7.0,25.0,211.0,12.0,10600000000.0,440000000000.0,3906000000000.0,146359000000.0,513.0,140931000.0,123.0,11422.0,8159.0,496607.0,865000.0,1728000.0,2480000000.0,57410000000.0,36061000000.0,1408000000000.0,659357000.0,202283000.0,34869000000.0,1904569.0,54716.0,2958.0,21579.0,1121.0,3.981354545961942e-06,0.002713773681515617,0.49000000053274145,26500.0,12,0.0011475,0.00017379260084565064,0.006049418817164997,37.647063503297574,25562.0
Germany,Berlin,Western Europe,Europe,NATO,2026,14,84119100.0,38694786.0,30955829.0,841191.0,181600.0,34000.0,0.0,584.0,129.0,63.0,50.0,35.0,26.0,3.0,309.0,54.0,296.0,83260.0,134.0,0.0,33.0,61.0,228552.0,0.0,0.0,6.0,0.0,11.0,5.0,0.0,12.0,50000000000.0,6238609300000.0,5230000000000.0,322700000000.0,838.0,44784000.0,35.0,595.0,39379.0,830000.0,131000.0,2052000.0,115200000.0,4824000000.0,77516000000.0,23390000000.0,138981000.0,186725000.0,35900000000.0,357022.0,2389.0,3694.0,7300.0,941.0,1.1186520065003074e-05,0.009560229445506692,0.46,275330.3964757709,13,0.0032158590308370046,0.0008290805608617956,0.025533696107157805,594.395327577209,25562.0
Israel,Unknown,Unknown,Unknown,Non-NATO,2026,15,9402617.0,3949099.0,3281513.0,131637.0,170000.0,465000.0,35000.0,611.0,240.0,38.0,13.0,159.0,19.0,14.0,147.0,48.0,1300.0,35985.0,352.0,171.0,183.0,62.0,38238.0,0.0,0.0,5.0,0.0,0.0,7.0,46.0,0.0,30500000000.0,148500000000.0,471030000000.0,204661000000.0,37.0,4554000.0,5.0,41.0,1497.0,20391.0,15000.0,230000.0,12730000.0,22886000000.0,11510000000.0,176018000000.0,0.0,6476000.0,0.0,21937.0,273.0,1068.0,0.0,1973.0,0.00020983519800923508,0.06475171432817442,0.4199999851105283,179411.76470588235,14,0.0035941176470588236,0.059260609928431414,0.2271062271062271,3243.777769529483,25562.0
Iran,Unknown,Unknown,Unknown,Non-NATO,2026,16,88386937.0,49496685.0,41541860.0,1414191.0,610000.0,350000.0,220000.0,551.0,188.0,21.0,87.0,103.0,10.0,6.0,128.0,13.0,1713.0,65825.0,392.0,2070.0,1517.0,107.0,223395.0,0.0,0.0,25.0,0.0,7.0,3.0,21.0,1.0,15450000000.0,4134926000.0,1440000000000.0,120600000000.0,173.0,29159000.0,18.0,965.0,8484.0,223485.0,3985000.0,2136000.0,208600000000.0,263280000000.0,244890000000.0,33987000000000.0,2791000.0,3531000.0,1203000000.0,1648195.0,2440.0,5894.0,850.0,2371.0,2.6825230972762412e-05,0.010729166666666666,0.5600000031678889,25327.868852459018,15,0.0009032786885245902,0.0010393187699271021,0.043852459016393446,174.79958605195245,25562.0
Spain,Unknown,Unknown,Unknown,Non-NATO,2026,17,47280433.0,21748999.0,17635602.0,330963.0,133282.0,15150.0,78470.0,461.0,137.0,12.0,51.0,140.0,8.0,0.0,153.0,17.0,317.0,17626.0,95.0,287.0,0.0,152.0,215346.0,1.0,0.0,2.0,0.0,11.0,0.0,22.0,6.0,23397000000.0,2572738300000.0,2242000000000.0,103089000000.0,363.0,24108000.0,52.0,503.0,15489.0,683175.0,47000.0,1269000.0,150000000.0,41009000.0,32833000000.0,2549000000.0,1293000.0,8255000.0,1187000000.0,505370.0,4964.0,1953.0,1000.0,930.0,1.9669870620685727e-05,0.010435771632471008,0.45999999619292825,175545.0848576702,16,0.0034588316501853213,0.0006272631933039159,0.030620467365028204,494.85587409912256,25562.0
Australia,Unknown,Unknown,Unknown,Non-NATO,2026,18,26768598.0,11242811.0,9208398.0,294455.0,57350.0,32050.0,0.0,327.0,24.0,62.0,38.0,98.0,30.0,6.0,69.0,22.0,59.0,15648.0,0.0,48.0,0.0,44.0,185648.0,0.0,2.0,6.0,3.0,7.0,0.0,10.0,3.0,55700000000.0,3427504300000.0,1584000000000.0,61703000000.0,2180.0,14501000.0,66.0,604.0,36064.0,873573.0,386000.0,1123000.0,2446000000.0,153783000000.0,50188000000.0,3228000000000.0,465865000.0,107624000.0,150227000000.0,7741220.0,25760.0,0.0,2000.0,430.0,1.6063598101028677e-05,0.03516414141414141,0.4199999940228472,971229.293809939,17,0.005701830863121185,7.621537690441558e-06,0.0017080745341614906,2080.7963121565053,25562.0
Egypt,Unknown,Unknown,Unknown,Non-NATO,2026,19,111247248.0,45611372.0,38269053.0,1668709.0,440000.0,480000.0,300000.0,1093.0,238.0,90.0,61.0,345.0,11.0,0.0,348.0,100.0,3620.0,41012.0,1056.0,962.0,528.0,150.0,235989.0,0.0,2.0,8.0,0.0,13.0,7.0,62.0,17.0,5879500000.0,103750000000.0,1912000000000.0,33070000000.0,73.0,33431000.0,31.0,441.0,5085.0,65050.0,667000.0,851000.0,3300000000.0,64817000000.0,60089000000.0,1784000000000.0,289000.0,3083000.0,182000000.0,1001450.0,2450.0,2612.0,3500.0,4863.0,4.3713440893387317e-05,0.00307505230125523,0.41000000287647564,13362.5,18,0.002484090909090909,0.0036147586000299567,0.061224489795918366,52.85074557529729,25562.0
Ukraine,Unknown,Unknown,Unknown,Non-NATO,2026,20,35661826.0,18187531.0,12731272.0,392280.0,900000.0,1200000.0,100000.0,324.0,70.0,36.0,24.0,73.0,3.0,0.0,136.0,39.0,1114.0,18920.0,658.0,615.0,279.0,89.0,28138.0,0.0,0.0,0.0,0.0,0.0,0.0,33.0,3.0,53700000000.0,132000000000.0,559981000000.0,40510000000.0,148.0,20312000.0,26.0,410.0,21733.0,169694.0,3000.0,248000.0,395000000.0,18725000000.0,22856000000.0,1104000000000.0,4248000.0,10953000.0,34375000000.0,603550.0,2782.0,5581.0,1672.0,1527.0,4.2818895476636556e-05,0.09589611076090082,0.5099999927092909,59666.666666666664,19,0.00036,0.001845746002816668,0.03199137311286844,1505.8118448561777,25562.0
Poland,Unknown,Unknown,Unknown,Non-NATO,2026,21,38746310.0,18985692.0,15576017.0,464956.0,202100.0,350000.0,50000.0,479.0,59.0,44.0,49.0,105.0,11.0,0.0,216.0,29.0,614.0,23138.0,677.0,0.0,196.0,62.0,,0.0,0.0,1.0,0.0,2.0,2.0,3.0,26.0,48700000000.0,386947000000.0,1616000000000.0,193783000000.0,288.0,18387000.0,10.0,152.0,19461.0,420000.0,24000.0,722000.0,113000000.0,5551000000.0,20056000000.0,91492000000.0,116682000.0,123782000.0,28531000000.0,312685.0,440.0,2845.0,3997.0,1155.0,2.9809290226604805e-05,0.030136138613861385,0.49000000258089094,240969.8169223157,20,0.0023701138050470066,0.001963637526584262,0.1409090909090909,1256.8938822819514,25562.0
Taiwan,Unknown,Unknown,Unknown,Non-NATO,2026,22,23595274.0,12269542.0,1061787.0,306739.0,215000.0,2310000.0,55000.0,761.0,285.0,0.0,19.0,232.0,18.0,0.0,236.0,91.0,888.0,19921.0,488.0,1360.0,234.0,97.0,250414.0,0.0,0.0,4.0,4.0,22.0,7.0,37.0,14.0,19740000000.0,209000000000.0,1257300000000.0,492635000000.0,53.0,11498000.0,8.0,465.0,1613.0,43206.0,800.0,1022000.0,2380000.0,63747000.0,21157000000.0,6230000000.0,5608000.0,66855000.0,1000000.0,35980.0,1566.0,0.0,0.0,1746.0,7.39978692343221e-05,0.015700310188499166,0.5199999796569431,91813.95348837209,21,0.00353953488372093,0.024680377987770983,0.06194125159642401,836.608212305566,25562.0
Vietnam,Unknown,Unknown,Unknown,Non-NATO,2026,23,105758975.0,54994667.0,45053323.0,1797903.0,600000.0,5000000.0,250000.0,246.0,41.0,32.0,9.0,60.0,3.0,0.0,101.0,0.0,1374.0,11912.0,40.0,535.0,474.0,110.0,107813.0,0.0,0.0,9.0,0.0,9.0,16.0,35.0,8.0,8594000000.0,110000000000.0,1354000000000.0,97955500000.0,42.0,56149000.0,16.0,1973.0,2600.0,195468.0,187000.0,494000.0,4400000000.0,7676000000.0,7676000000.0,699426000000.0,43614000.0,83116000.0,3360000000.0,331210.0,3444.0,4616.0,47130.0,1730.0,1.6357949762656077e-05,0.00634711964549483,0.52,14323.333333333334,22,0.00041,0.004148425470245464,0.03193960511033682,81.26024292500944,25562.0
Saudi Arabia,Unknown,Unknown,Unknown,Non-NATO,2026,24,36544431.0,19003104.0,17468238.0,621255.0,257000.0,0.0,150000.0,917.0,283.0,81.0,49.0,202.0,16.0,22.0,264.0,34.0,840.0,19040.0,332.0,467.0,321.0,32.0,49727.0,0.0,0.0,0.0,0.0,7.0,9.0,9.0,3.0,74760000000.0,225610000000.0,1831000000000.0,457949000000.0,86.0,16934000.0,16.0,433.0,5410.0,221372.0,11113000.0,3649000.0,258600000000.0,121870000000.0,121870000000.0,9423000000000.0,0.0,164000.0,0.0,2149690.0,2640.0,4272.0,0.0,1789.0,4.895410739874428e-05,0.04083014746040415,0.5199999967163259,290894.94163424126,23,0.003568093385214008,0.0003907540156952863,0.012121212121212121,2045.7289374679278,25562.0
Thailand,Unknown,Unknown,Unknown,Non-NATO,2026,25,69920998.0,36358919.0,27968399.0,1118736.0,360850.0,200000.0,25000.0,493.0,72.0,20.0,54.0,135.0,26.0,0.0,258.0,7.0,635.0,16935.0,50.0,589.0,26.0,293.0,130988.0,0.0,1.0,0.0,0.0,7.0,6.0,49.0,5.0,5887883500.0,102694000000.0,1516000000000.0,224470000000.0,108.0,40814000.0,21.0,884.0,4127.0,180053.0,386000.0,1248000.0,252750000.0,30797000000.0,48898000000.0,138243000000.0,13642000.0,36030000.0,1063000000.0,513120.0,3219.0,5673.0,4000.0,1421.0,2.0322936466095634e-05,0.003883828166226913,0.5200000005720742,16316.706387695718,24,0.001366218650408757,0.0012375272840661055,0.09102205653929792,84.20765819160647,25562.0
Algeria,Unknown,Unknown,Unknown,Non-NATO,2026,26,47022473.0,22570787.0,19185169.0,752360.0,325000.0,135000.0,150000.0,608.0,102.0,42.0,63.0,87.0,10.0,5.0,299.0,74.0,1485.0,26000.0,224.0,483.0,266.0,110.0,82880.0,0.0,0.0,6.0,0.0,8.0,8.0,75.0,2.0,25000000000.0,3335624000.0,699947000000.0,81217000000.0,85.0,13425000.0,17.0,119.0,4020.0,104000.0,1443000.0,428000.0,12200000000.0,100726000000.0,47963000000.0,4504000000000.0,0.0,167000.0,233000000.0,2381740.0,998.0,6734.0,0.0,2203.0,4.684993917695481e-05,0.03571699000067148,0.47999999914934294,76923.07692307692,25,0.0018707692307692308,0.000623493748268073,0.11022044088176353,531.6606806281753,25562.0
Sweden,Unknown,Unknown,Unknown,Non-NATO,2026,27,10589835.0,4235934.0,3558185.0,105898.0,24400.0,32900.0,25000.0,169.0,71.0,0.0,6.0,33.0,5.0,1.0,53.0,0.0,110.0,6795.0,26.0,0.0,0.0,308.0,31673.0,0.0,0.0,4.0,0.0,0.0,7.0,179.0,8.0,13000000000.0,1002448700000.0,676353000000.0,60863000000.0,203.0,5825000.0,92.0,361.0,10910.0,573134.0,11000.0,283000.0,0.0,0.0,889924000.0,0.0,1115000.0,3396000.0,5000000.0,450295.0,3218.0,2211.0,2052.0,587.0,5.54305142620258e-05,0.019220732369043977,0.4,532786.8852459016,26,0.006926229508196722,0.00024428430251279714,0.09571162212554382,1227.5923090397537,25562.0
Canada,Unknown,Unknown,Unknown,Non-NATO,2026,28,38794813.0,16681770.0,13500595.0,426743.0,68000.0,27000.0,5500.0,351.0,66.0,0.0,28.0,95.0,33.0,6.0,145.0,0.0,74.0,21704.0,0.0,0.0,0.0,73.0,119637.0,0.0,0.0,4.0,0.0,12.0,0.0,24.0,0.0,41000000000.0,2337375700000.0,2238000000000.0,117551000000.0,1425.0,22110000.0,284.0,716.0,4942.0,1042300.0,5692000.0,2454000.0,170300000000.0,187686000000.0,130316000000.0,2067126000000.0,43024000.0,17138000.0,6582000000.0,9984670.0,202080.0,8893.0,636.0,498.0,1.2836767636951878e-05,0.01831992850759607,0.43000001056842313,602941.1764705882,27,0.005161764705882353,7.411361617359412e-06,0.000361243072050673,1056.8423154920222,25562.0
Singapore,Unknown,Unknown,Unknown,Non-NATO,2026,29,6028459.0,3918498.0,2628408.0,66313.0,51000.0,252500.0,12000.0,230.0,100.0,0.0,9.0,36.0,9.0,11.0,70.0,18.0,170.0,8998.0,48.0,89.0,24.0,50.0,81340.0,0.0,0.0,6.0,0.0,6.0,6.0,12.0,4.0,15000000000.0,1713410600000.0,754758000000.0,359835000000.0,9.0,3619000.0,5.0,3202.0,0.0,3500.0,0.0,1470000.0,0.0,0.0,13724000000.0,0.0,0.0,784000.0,0.0,719.0,193.0,0.0,0.0,450.0,7.464594185678297e-05,0.01987391985245602,0.6499999419420452,294117.64705882355,28,0.0045098039215686276,0.2364394993045897,0.25906735751295334,2488.1980618927655,25562.0
Greece,Unknown,Unknown,Unknown,Non-NATO,2026,30,10461091.0,4916713.0,3985676.0,104611.0,142700.0,221350.0,55000.0,558.0,178.0,0.0,15.0,81.0,8.0,0.0,293.0,29.0,1344.0,61888.0,589.0,698.0,152.0,192.0,216348.0,0.0,0.0,10.0,0.0,13.0,0.0,39.0,7.0,6500000000.0,550000000000.0,375780000000.0,13608000000.0,81.0,4645000.0,57.0,1215.0,2345.0,117000.0,5000.0,303000.0,10000000.0,3284000.0,5173000000.0,991090000.0,13703000.0,13988000.0,2876000000.0,131957.0,13676.0,1110.0,6.0,2094.0,0.00020017032640285798,0.01729735483527596,0.47000002198623453,45550.10511562719,29,0.003910301331464611,0.010185136067052146,0.014039192746417082,621.3501058350415,25562.0
Nigeria,Unknown,Unknown,Unknown,Non-NATO,2026,31,236747130.0,125475979.0,90437404.0,4261448.0,230000.0,0.0,50000.0,163.0,14.0,24.0,23.0,28.0,11.0,0.0,66.0,15.0,330.0,8962.0,40.0,339.0,37.0,133.0,,0.0,0.0,0.0,0.0,1.0,0.0,109.0,2.0,3160000000.0,32455500000.0,1275000000000.0,41349000000.0,47.0,75721000.0,28.0,928.0,3798.0,195000.0,1541000.0,515000.0,36890000000.0,39951000000.0,20719000000.0,5761000000000.0,3043000.0,3044000.0,2144000000.0,923768.0,853.0,4477.0,8600.0,626.0,2.6441714414869568e-06,0.0024784313725490195,0.5300000004223916,13739.130434782608,30,0.000708695652173913,0.0003572325518961471,0.1559202813599062,13.347574688656204,25562.0
Mexico,Unknown,Unknown,Unknown,Non-NATO,2026,32,130739927.0,61447766.0,49811912.0,2222579.0,412000.0,98655.0,120000.0,433.0,3.0,33.0,41.0,176.0,25.0,0.0,178.0,0.0,0.0,19658.0,20.0,70.0,0.0,167.0,,0.0,0.0,0.0,5.0,1.0,3.0,140.0,0.0,7600000000.0,371359000000.0,2873000000000.0,214317000000.0,1485.0,60042000.0,35.0,674.0,23389.0,704884.0,2101000.0,1737000.0,5786000000.0,31422000000.0,90566000000.0,180322000000.0,7453000.0,18423000.0,1211000000.0,1964375.0,9330.0,4389.0,2900.0,600.0,4.58926369141999e-06,0.002645318482422555,0.47000000237111955,18446.601941747573,31,0.0010509708737864078,0.0,0.017899249732047158,58.1306734246532,25562.0
Argentina,Unknown,Unknown,Unknown,Non-NATO,2026,33,46994384.0,20677529.0,17575900.0,704916.0,108000.0,0.0,20000.0,239.0,23.0,11.0,52.0,71.0,13.0,2.0,94.0,0.0,342.0,21724.0,55.0,172.0,26.0,44.0,122128.0,0.0,0.0,2.0,3.0,0.0,6.0,13.0,0.0,928897000.0,178940000000.0,1235000000000.0,23081000000.0,756.0,21906000.0,37.0,201.0,17866.0,281290.0,807000.0,706000.0,2483000000.0,43280000000.0,46228000000.0,396464000000.0,1318000.0,3391000.0,799999000.0,2780400.0,4989.0,11968.0,11000.0,625.0,1.3299461484589308e-05,0.0007521433198380567,0.44000000085116553,8600.898148148148,32,0.002212962962962963,0.00012300388433318947,0.008819402685909,19.766127799440888,25562.0
North Korea,Unknown,Unknown,Unknown,Non-NATO,2026,34,26298666.0,9467520.0,5312331.0,420779.0,1320000.0,560000.0,100000.0,861.0,368.0,114.0,1.0,173.0,0.0,0.0,205.0,20.0,4344.0,18288.0,1300.0,700.0,1500.0,207.0,143304.0,0.0,0.0,13.0,0.0,2.0,4.0,155.0,1.0,4736000000.0,5500000000.0,72000000000.0,5500000000.0,83.0,15837000.0,10.0,264.0,7435.0,25554.0,0.0,17000.0,0.0,0.0,0.0,0.0,21747000.0,21747000.0,10600000000.0,120538.0,2495.0,1607.0,2250.0,5412.0,0.00020578990584541436,0.06577777777777778,0.36000000912593816,3587.878787878788,33,0.0006522727272727272,0.036038427715741096,0.08296593186372746,180.0851799859354,25562.0
Bangladesh,Unknown,Unknown,Unknown,Non-NATO,2026,35,168697184.0,82661620.0,66129296.0,3205246.0,163000.0,0.0,6800000.0,214.0,42.0,0.0,17.0,86.0,4.0,0.0,65.0,0.0,320.0,11584.0,56.0,546.0,110.0,118.0,75280.0,0.0,0.0,2.0,0.0,7.0,6.0,61.0,5.0,4374000000.0,51965000000.0,1413000000000.0,21860000000.0,17.0,74914000.0,2.0,558.0,2460.0,369105.0,13000.0,160000.0,28000000.0,24620000000.0,30384000000.0,126293000000.0,754000.0,7514000.0,3260000000.0,148460.0,580.0,4413.0,8370.0,652.0,3.864913358601173e-06,0.0030955414012738855,0.489999999051555,26834.355828220858,34,0.0013128834355828221,0.002155462750909336,0.20344827586206896,25.928115077487007,25562.0
Netherlands,Unknown,Unknown,Unknown,Non-NATO,2026,36,17772378.0,7997570.0,6486918.0,195496.0,41380.0,6765.0,5000.0,120.0,32.0,0.0,4.0,21.0,0.0,0.0,63.0,12.0,18.0,2755.0,46.0,0.0,2.0,64.0,124962.0,0.0,0.0,3.0,0.0,6.0,0.0,4.0,4.0,27000000000.0,4779954300000.0,1240000000000.0,69830000000.0,45.0,9999000.0,18.0,1187.0,3055.0,139124.0,70000.0,872000.0,137747000.0,17774000000.0,33243000000.0,132608000000.0,1825000.0,10610000.0,3247000000.0,41543.0,451.0,1053.0,6237.0,202.0,1.1365952265926371e-05,0.021774193548387097,0.44999999437329097,652489.125181247,35,0.0028999516674722086,0.0004332859928267097,0.1419068736141907,1519.211441485208,25562.0
Myanmar,Unknown,Unknown,Unknown,Non-NATO,2026,37,57527139.0,30489384.0,21975367.0,1035489.0,150000.0,20000.0,55000.0,317.0,58.0,26.0,30.0,119.0,5.0,0.0,83.0,9.0,445.0,5980.0,95.0,210.0,180.0,232.0,89240.0,0.0,0.0,3.0,0.0,6.0,3.0,146.0,2.0,2948000000.0,7253400000.0,290507000000.0,8590400000.0,73.0,22884000.0,7.0,101.0,5031.0,157000.0,7000.0,148000.0,139000000.0,16780000000.0,3788000000.0,637129000000.0,1268000.0,1453000.0,252000000.0,676578.0,1930.0,6522.0,12800.0,994.0,1.7278801228060376e-05,0.010147776129318742,0.5300000057364229,19653.333333333332,36,0.0021133333333333334,0.0006577216521967903,0.12020725388601036,51.24537829006236,25562.0
Norway,Unknown,Unknown,Unknown,Non-NATO,2026,38,5509733.0,2203893.0,1807192.0,71627.0,23250.0,0.0,40000.0,97.0,0.0,32.0,4.0,23.0,5.0,0.0,33.0,0.0,44.0,6552.0,42.0,0.0,0.0,43.0,65692.0,0.0,0.0,6.0,0.0,4.0,6.0,18.0,5.0,9710000000.0,716144000000.0,499528000000.0,80459000000.0,145.0,3009000.0,141.0,1720.0,3848.0,94902.0,2020000.0,229000.0,8122200000.0,123727000000.0,4548000000.0,1544455000000.0,117000.0,1201000.0,2000000.0,323802.0,25148.0,2566.0,1577.0,184.0,3.339544765599349e-05,0.01943834980221329,0.39999996370060037,417634.40860215056,37,0.004172043010752688,0.00013588551028097416,0.001709877525051694,1762.3358518461785,25562.0
Portugal,Unknown,Unknown,Unknown,Non-NATO,2026,39,10639726.0,5319863.0,4096295.0,127677.0,24000.0,211700.0,24700.0,115.0,28.0,0.0,19.0,23.0,14.0,3.0,31.0,0.0,34.0,10828.0,24.0,115.0,0.0,194.0,38657.0,0.0,0.0,2.0,0.0,5.0,2.0,20.0,0.0,4627000000.0,399395000000.0,529901000000.0,53710000000.0,136.0,5140900.0,18.0,996.0,3622.0,136635.0,12932.0,191000.0,22440000.0,0.0,4500000000.0,72000000000.0,0.0,0.0,40000000.0,92090.0,1793.0,1224.0,764.0,343.0,3.223767228592165e-05,0.008731819717267943,0.5,192791.66666666666,38,0.004791666666666666,0.0003692040395265501,0.10819854991634133,434.87962002029,25562.0
South Africa,Unknown,Unknown,Unknown,Non-NATO,2026,40,60442647.0,27803618.0,14989776.0,1027525.0,71235.0,29350.0,50000.0,182.0,2.0,0.0,12.0,81.0,0.0,0.0,87.0,10.0,252.0,18692.0,49.0,134.0,101.0,49.0,40186.0,0.0,0.0,3.0,0.0,4.0,0.0,33.0,2.0,2266800000.0,58773000000.0,862981000000.0,62492000000.0,575.0,25158000.0,8.0,110.0,20986.0,750000.0,95000.0,601000.0,15000000.0,59128000.0,4487000000.0,0.0,245467000.0,176148000.0,9893000000.0,1219090.0,2798.0,5244.0,0.0,483.0,7.991046454335464e-06,0.0026267090468967452,0.46000000628695165,31821.436091808802,39,0.0025549238436162,0.0002067115635432987,0.017512508934953538,37.50332112357687,25562.0
Philippines,Unknown,Unknown,Unknown,Non-NATO,2026,41,118277063.0,50859137.0,41751803.0,2128987.0,150000.0,1200000.0,35000.0,202.0,0.0,25.0,26.0,23.0,8.0,0.0,122.0,2.0,10.0,11878.0,12.0,294.0,0.0,113.0,76313.0,0.0,0.0,0.0,0.0,2.0,1.0,58.0,0.0,4380000000.0,90200000000.0,1138000000000.0,103742000000.0,246.0,49477000.0,70.0,2203.0,77.0,216387.0,10000.0,453000.0,138500000.0,2251000000.0,2251000000.0,98543000000.0,14483000.0,37130000.0,361000000.0,300000.0,36289.0,0.0,3219.0,325.0,2.7477855110419847e-06,0.0038488576449912126,0.4299999992390748,29200.0,40,0.0013466666666666666,3.3333333333333335e-05,0.003113891261814875,37.03169396419659,25562.0
Malaysia,Unknown,Unknown,Unknown,Non-NATO,2026,42,34564810.0,16245461.0,13480276.0,553037.0,113000.0,51600.0,100000.0,135.0,26.0,12.0,16.0,31.0,6.0,4.0,45.0,0.0,48.0,13506.0,0.0,196.0,36.0,100.0,67735.0,0.0,0.0,2.0,0.0,2.0,6.0,71.0,4.0,4800000000.0,247500000000.0,1152000000000.0,113438000000.0,102.0,17308000.0,35.0,1750.0,1851.0,144403.0,582000.0,717000.0,3600000000.0,75456000000.0,42499000000.0,1189000000000.0,3731000.0,35050000.0,226000000.0,329847.0,4675.0,2742.0,7200.0,283.0,8.187517883072407e-06,0.004166666666666667,0.4700000086793476,42477.87610619469,41,0.0011946902654867257,0.00014552201475229426,0.0213903743315508,138.8695612676592,25562.0
Iraq,Unknown,Unknown,Unknown,Non-NATO,2026,43,42083436.0,17675043.0,14308368.0,715418.0,193000.0,0.0,100000.0,391.0,26.0,36.0,15.0,139.0,17.0,0.0,197.0,39.0,1025.0,37288.0,434.0,610.0,572.0,68.0,,0.0,0.0,0.0,0.0,0.0,2.0,26.0,0.0,7923000000.0,45032500000.0,572939000000.0,112233000000.0,71.0,11812000.0,6.0,74.0,2272.0,59623.0,4437000.0,918000.0,145019000000.0,9860000000.0,19298000000.0,3729000000000.0,0.0,0.0,0.0,438317.0,58.0,3809.0,5279.0,1484.0,3.526328030819537e-05,0.013828697295872685,0.4199999971485218,41051.81347150259,42,0.0020259067357512955,0.002338490179481973,1.1724137931034482,188.2688476292668,25562.0
Switzerland,Unknown,Unknown,Unknown,Non-NATO,2026,44,8860574.0,3898653.0,3163225.0,97466.0,101584.0,49715.0,5000.0,146.0,43.0,0.0,16.0,44.0,3.0,0.0,40.0,0.0,205.0,6996.0,133.0,0.0,0.0,0.0,,0.0,0.0,0.0,0.0,0.0,0.0,0.0,0.0,25039000000.0,2200000000000.0,733779000000.0,863892000000.0,62.0,4991000.0,0.0,17.0,5296.0,71557.0,300.0,193000.0,0.0,0.0,3138000000.0,0.0,0.0,161000.0,0.0,41277.0,0.0,1770.0,1292.0,351.0,3.9613686427087e-05,0.03412335321670421,0.4400000496581824,246485.66703417862,43,0.0014372342101118287,0.004966446204908302,,2825.88915797103,25562.0
Denmark,Unknown,Unknown,Unknown,Non-NATO,2026,45,5973136.0,2628180.0,2126436.0,77651.0,20000.0,12000.0,51000.0,117.0,31.0,4.0,4.0,41.0,3.0,0.0,34.0,0.0,44.0,3856.0,19.0,0.0,8.0,50.0,121180.0,0.0,0.0,0.0,0.0,9.0,0.0,9.0,6.0,7225466250.0,555500000000.0,428385000000.0,109371000000.0,99.0,3180000.0,69.0,715.0,2682.0,74558.0,63000.0,152000.0,441000000.0,1879000000.0,2208000000.0,29534000000.0,0.0,1788000.0,0.0,43094.0,7314.0,140.0,400.0,211.0,3.532482769520064e-05,0.016866758289856086,0.4400000267865992,361273.3125,44,0.00585,0.0010210238084188054,0.006836204539239814,1209.660427956102,25562.0
Colombia,Unknown,Unknown,Unknown,Non-NATO,2026,46,49588357.0,24298295.0,19190694.0,843002.0,293200.0,35000.0,150000.0,436.0,16.0,24.0,86.0,72.0,23.0,1.0,257.0,0.0,0.0,3460.0,6.0,110.0,0.0,233.0,31090.0,0.0,0.0,4.0,0.0,7.0,2.0,217.0,0.0,10541500000.0,116779500000.0,978024000000.0,59041000000.0,662.0,26003000.0,14.0,153.0,2141.0,205379.0,800000.0,320000.0,2036000000.0,11290000000.0,11451000000.0,87782000000.0,58747000.0,7880000.0,4554000000.0,1138910.0,3208.0,6672.0,24725.0,669.0,1.349107009131196e-05,0.01077836535708735,0.4900000014116217,35953.27421555253,45,0.0014870395634379264,0.0,0.07263092269326683,212.58014255241406,25562.0
Chile,Unknown,Unknown,Unknown,Non-NATO,2026,47,18664652.0,8959033.0,7521855.0,298634.0,80000.0,40000.0,50000.0,277.0,45.0,0.0,32.0,92.0,21.0,5.0,87.0,0.0,386.0,8832.0,48.0,249.0,8.0,130.0,176065.0,0.0,0.0,4.0,0.0,8.0,0.0,40.0,0.0,5032500000.0,214500000000.0,579201000000.0,46377000000.0,374.0,9848000.0,39.0,249.0,7282.0,77801.0,11000.0,405000.0,150000000.0,1200000000.0,6916000000.0,97976000000.0,499000.0,8637000.0,1181000000.0,756102.0,6435.0,7801.0,12290.0,793.0,4.248672838904256e-05,0.008688693562338463,0.48000000214308847,62906.25,46,0.0034625,0.0005105131318261293,0.020202020202020204,269.62731477661623,25562.0
Finland,Unknown,Unknown,Unknown,Non-NATO,2026,48,5626414.0,2306830.0,1912981.0,56264.0,24000.0,870000.0,53800.0,163.0,54.0,0.0,11.0,77.0,1.0,0.0,27.0,0.0,200.0,11704.0,107.0,667.0,76.0,264.0,19434.0,0.0,0.0,0.0,0.0,0.0,0.0,8.0,18.0,6779661000.0,660000000000.0,321126000000.0,16929000000.0,98.0,2880000.0,37.0,282.0,5918.0,454000.0,8000.0,175000.0,0.0,0.0,1157000000.0,0.0,808000.0,4141000.0,0.0,338145.0,1250.0,2563.0,8000.0,627.0,0.00011143865346559994,0.021112152239307937,0.41000004621060593,282485.875,47,0.006791666666666666,0.0005914622425290926,0.2112,1204.9701639445657,25562.0
Peru,Unknown,Unknown,Unknown,Non-NATO,2026,49,32600249.0,15648120.0,12681497.0,619405.0,120000.0,385000.0,60000.0,256.0,15.0,22.0,38.0,72.0,12.0,0.0,111.0,16.0,240.0,6560.0,12.0,290.0,49.0,71.0,170344.0,0.0,0.0,4.0,0.0,7.0,8.0,13.0,0.0,3420000000.0,59400000000.0,517644000000.0,71394000000.0,166.0,18529000.0,20.0,111.0,1855.0,18699.0,118000.0,210000.0,858890000.0,12270000000.0,7185000000.0,300159000000.0,153000.0,712000.0,1567000000.0,1285216.0,2414.0,7062.0,8808.0,567.0,1.7392505192214944e-05,0.006606857222338132,0.48000001472381393,28500.0,48,0.0021333333333333334,0.00018673903841844483,0.029411764705882353,104.90717417526473,25562.0
Venezuela,Unknown,Unknown,Unknown,Non-NATO,2026,50,31250306.0,15625153.0,12812625.0,625006.0,109000.0,8000.0,220000.0,229.0,30.0,0.0,49.0,75.0,3.0,1.0,88.0,10.0,172.0,8802.0,48.0,100.0,36.0,34.0,,0.0,0.0,1.0,0.0,1.0,0.0,25.0,0.0,4093120000.0,110330000000.0,295974800000.0,10095500000.0,502.0,11548000.0,31.0,272.0,447.0,96189.0,761000.0,367000.0,303806000000.0,17696000000.0,17696000000.0,5674000000000.0,197000.0,82000.0,730999000.0,912050.0,2800.0,5267.0,7100.0,435.0,1.3919863696694681e-05,0.013829285466195095,0.5,37551.55963302752,49,0.0021009174311926605,0.00018858615207499588,0.012142857142857143,130.97855745796537,25562.0
Romania,Unknown,Unknown,Unknown,Non-NATO,2026,51,18148155.0,9437041.0,7731114.0,199630.0,81300.0,55000.0,15000.0,140.0,21.0,0.0,14.0,44.0,2.0,0.0,65.0,0.0,328.0,10774.0,0.0,720.0,243.0,20.0,,0.0,0.0,0.0,0.0,3.0,7.0,3.0,5.0,9700000000.0,132000000000.0,772107000000.0,73000000000.0,82.0,8282000.0,11.0,127.0,10628.0,84185.0,67000.0,221000.0,600000000.0,9501000000.0,10055000000.0,105480000000.0,18160000.0,19404000.0,291000000.0,238391.0,225.0,2844.0,1731.0,488.0,2.6889785766101294e-05,0.012563025591012645,0.520000022040808,119311.19311193112,50,0.0017220172201722018,0.001375890868363319,0.08888888888888889,534.4895941212757,25562.0
Ethiopia,Unknown,Unknown,Unknown,Non-NATO,2026,52,118550298.0,56904143.0,35327989.0,2726657.0,162000.0,0.0,0.0,103.0,25.0,0.0,8.0,34.0,0.0,0.0,33.0,7.0,338.0,7256.0,35.0,309.0,40.0,0.0,,0.0,0.0,0.0,0.0,0.0,0.0,0.0,0.0,2097575000.0,25761000000.0,354604000000.0,3131288000.0,57.0,61664000.0,0.0,12.0,659.0,120171.0,0.0,110000.0,428000.0,0.0,0.0,24919000000.0,8000.0,660000.0,0.0,1104300.0,0.0,5925.0,0.0,441.0,3.7199400376032798e-06,0.005915260403153941,0.4799999996625905,12947.993827160493,51,0.0006358024691358025,0.00030607624739654077,,17.69354472647551,25562.0
Czechia,Unknown,Unknown,Unknown,Non-NATO,2026,53,10837890.0,5093808.0,4129236.0,97541.0,28000.0,4200.0,0.0,99.0,12.0,16.0,10.0,17.0,2.0,0.0,42.0,4.0,43.0,6340.0,50.0,0.0,16.0,0.0,,0.0,0.0,0.0,0.0,0.0,0.0,0.0,0.0,6750000000.0,211200000000.0,519007000000.0,148379000000.0,243.0,5502000.0,0.0,0.0,9548.0,55744.0,4000.0,211000.0,15000000.0,224725000.0,7602000000.0,3964000000.0,37423000.0,40239000.0,3595000000.0,78867.0,0.0,2046.0,664.0,142.0,1.3102181328653455e-05,0.013005604934037499,0.4699999723193352,241071.42857142858,52,0.0035357142857142857,0.0005452217023596688,,622.8149575240199,25562.0
United Arab Emirates,Unknown,Unknown,Unknown,Non-NATO,2026,54,10032213.0,5818684.0,4945881.0,80258.0,65000.0,130000.0,12000.0,551.0,99.0,16.0,37.0,147.0,27.0,4.0,247.0,30.0,354.0,8707.0,165.0,99.0,49.0,181.0,44188.0,0.0,0.0,0.0,0.0,0.0,11.0,34.0,2.0,2212360382.0,264000000000.0,719733000000.0,189491000000.0,42.0,6668000.0,20.0,655.0,0.0,4080.0,4146000.0,939000.0,97800000000.0,56683000000.0,66091000000.0,6091000000.0,0.0,3273000.0,0.0,83600.0,1318.0,1066.0,0.0,1086.0,0.00010825129011913922,0.0030738626435080785,0.580000045852296,34036.31356923077,53,0.008476923076923076,0.00423444976076555,0.13732928679817905,220.52565889500153,25562.0
Hungary,Unknown,Unknown,Unknown,Non-NATO,2026,55,9855745.0,4632200.0,3794462.0,118269.0,41600.0,20000.0,15000.0,69.0,12.0,0.0,3.0,12.0,0.0,0.0,44.0,8.0,209.0,7797.0,24.0,295.0,0.0,0.0,,0.0,0.0,0.0,0.0,0.0,0.0,0.0,0.0,4576000000.0,137500000000.0,388906000000.0,45719000000.0,109.0,5006000.0,0.0,1.0,7687.0,203601.0,36000.0,175000.0,12100000.0,1523000000.0,9485000000.0,3738000000.0,5450000.0,6180000.0,2909000000.0,103000.0,0.0,2106.0,1622.0,278.0,2.820689861598489e-05,0.01176633942392249,0.4699999847804504,110000.0,54,0.0016586538461538462,0.002029126213592233,,464.29772685880164,25562.0
Angola,Unknown,Unknown,Unknown,Non-NATO,2026,56,37202061.0,7440412.0,3720206.0,372021.0,107000.0,0.0,10000.0,298.0,71.0,12.0,31.0,66.0,2.0,0.0,116.0,15.0,309.0,5500.0,25.0,575.0,113.0,31.0,,0.0,0.0,0.0,0.0,0.0,0.0,29.0,0.0,1101360000.0,45774500000.0,265868000000.0,13942000000.0,106.0,15223000.0,21.0,64.0,2761.0,26000.0,1175000.0,127000.0,7783000000.0,5514000000.0,1397000000.0,343002000000.0,0.0,0.0,0.0,1246700.0,1600.0,5369.0,1300.0,638.0,1.71495874919403e-05,0.004142506807889629,0.19999999462395376,10293.084112149532,55,0.0027850467289719624,0.0002478543354455763,0.019375,29.604811410851674,25562.0
Kazakhstan,Unknown,Unknown,Unknown,Non-NATO,2026,57,20260006.0,9117003.0,6928922.0,283640.0,110000.0,135000.0,55000.0,198.0,63.0,25.0,19.0,26.0,0.0,0.0,65.0,12.0,350.0,7736.0,126.0,194.0,287.0,26.0,,0.0,0.0,0.0,0.0,0.0,0.0,23.0,2.0,2048700000.0,91321500000.0,705520000000.0,35965000000.0,132.0,9587000.0,0.0,122.0,16636.0,96167.0,1955000.0,288000.0,30000000000.0,27011000000.0,22623000000.0,2407000000000.0,118195000.0,84852000.0,25605000000.0,2724900.0,26.0,13364.0,43983.0,574.0,2.833167966485301e-05,0.0029038156253543487,0.45000001480749807,18624.545454545456,56,0.0018,0.0001284450805534148,1.0,101.12040440659297,25562.0
Uzbekistan,Unknown,Unknown,Unknown,Non-NATO,2026,58,36520593.0,18990708.0,15959499.0,730412.0,48000.0,0.0,20000.0,192.0,58.0,13.0,13.0,7.0,0.0,0.0,101.0,34.0,340.0,2970.0,147.0,236.0,108.0,0.0,,0.0,0.0,0.0,0.0,0.0,0.0,0.0,0.0,2803500000.0,19652500000.0,319174000000.0,34558000000.0,74.0,14270000.0,0.0,0.0,4642.0,86496.0,64000.0,91000.0,594000000.0,47500000000.0,43227000000.0,1841000000000.0,5356000.0,7396000.0,1375000000.0,447400.0,420.0,6893.0,1100.0,532.0,1.4567123814227222e-05,0.008783610193812779,0.5199999901425478,58406.25,57,0.004,0.0007599463567277603,0.0,76.76490904734214,25562.0
Morocco,Unknown,Unknown,Unknown,Non-NATO,2026,59,37387585.0,17946041.0,15254135.0,635589.0,195800.0,150000.0,50000.0,260.0,83.0,0.0,31.0,75.0,4.0,2.0,78.0,0.0,903.0,7877.0,396.0,153.0,129.0,111.0,,0.0,0.0,0.0,0.0,6.0,1.0,105.0,0.0,13400000000.0,45645000000.0,337480000000.0,36328000000.0,49.0,12284000.0,12.0,94.0,2067.0,57300.0,25.0,318000.0,684000.0,82595000.0,243201000.0,1444000000.0,0.0,11940000.0,96000000.0,715550.0,1835.0,2363.0,0.0,1274.0,3.407548254320251e-05,0.039706056655209196,0.4800000053493693,68437.18079673137,58,0.001327885597548519,0.0012619663196142827,0.060490463215258854,358.40774417497147,25562.0
Azerbaijan,Unknown,Unknown,Unknown,Non-NATO,2026,60,10650239.0,5218617.0,3908638.0,159754.0,126400.0,300000.0,15000.0,154.0,12.0,18.0,3.0,35.0,0.0,0.0,86.0,16.0,497.0,7642.0,198.0,650.0,268.0,38.0,,0.0,0.0,4.0,0.0,0.0,0.0,17.0,4.0,5000000000.0,16159500000.0,215896000000.0,13749000000.0,32.0,5473000.0,0.0,312.0,2944.0,24981.0,618000.0,105000.0,7000000000.0,34175000000.0,11759000000.0,1699000000000.0,0.0,60000.0,0.0,86600.0,713.0,2468.0,0.0,689.0,6.469338387617405e-05,0.023159298921703042,0.4899999896715933,39556.962025316454,59,0.0012183544303797469,0.0057390300230946885,0.05329593267882188,469.4730324831208,25562.0
Belgium,Unknown,Unknown,Unknown,Non-NATO,2026,61,11977634.0,4910830.0,3880753.0,119776.0,25000.0,6400.0,0.0,108.0,43.0,0.0,7.0,38.0,0.0,0.0,20.0,0.0,0.0,4606.0,0.0,0.0,0.0,9.0,10190.0,0.0,0.0,0.0,0.0,2.0,0.0,2.0,5.0,10200000000.0,1449264300000.0,751592000000.0,40813000000.0,49.0,5432000.0,7.0,198.0,3602.0,118414.0,11000.0,585000.0,0.0,13436000.0,15347000000.0,0.0,1270000.0,4869000.0,4100000000.0,30528.0,67.0,1297.0,2043.0,117.0,9.768206308524706e-06,0.013571192881244079,0.4100000050093366,408000.0,60,0.00432,0.0,0.13432835820895522,851.5872166406153,25562.0
Bulgaria,Unknown,Unknown,Unknown,Non-NATO,2026,62,6782659.0,3187850.0,2611324.0,61044.0,37000.0,3000.0,0.0,65.0,10.0,5.0,6.0,21.0,0.0,0.0,27.0,4.0,90.0,4914.0,48.0,24.0,24.0,36.0,,0.0,0.0,0.0,0.0,4.0,3.0,0.0,10.0,1373232000.0,27138500000.0,214061000000.0,46334000000.0,111.0,3103000.0,2.0,78.0,4029.0,19512.0,4000.0,101000.0,15000000.0,20837000.0,2801000000.0,5663000000.0,35516000.0,35970000.0,2366000000.0,110880.0,354.0,1806.0,470.0,191.0,2.8160047556570367e-05,0.006415143346989877,0.4700000398073971,37114.37837837838,61,0.0017567567567567568,0.0008116883116883117,0.1016949152542373,202.4621907131112,25562.0
Serbia,Unknown,Unknown,Unknown,Non-NATO,2026,63,6652212.0,3259584.0,2574406.0,79827.0,25000.0,2000.0,600000.0,110.0,11.0,17.0,3.0,33.0,0.0,0.0,46.0,4.0,262.0,3683.0,90.0,150.0,98.0,20.0,,0.0,0.0,0.0,0.0,0.0,0.0,7.0,5.0,2287461000.0,35200000000.0,162213000000.0,27569000000.0,43.0,3333000.0,0.0,0.0,3333.0,44248.0,13000.0,82000.0,77500000.0,353376000.0,2939000000.0,48139000000.0,35129000.0,38297000.0,7514000000.0,77474.0,0.0,2322.0,587.0,392.0,5.8927767184810105e-05,0.014101588651957611,0.4900000180391124,91498.44,62,0.0044,0.0033817796938327696,inf,343.8647174804411,25562.0
Syria,Unknown,Unknown,Unknown,Non-NATO,2026,64,23865423.0,15273871.0,13245310.0,668232.0,170000.0,50000.0,50000.0,207.0,104.0,9.0,3.0,15.0,1.0,0.0,77.0,14.0,365.0,11148.0,90.0,641.0,204.0,27.0,,0.0,0.0,0.0,0.0,0.0,0.0,16.0,4.0,291850000.0,4309500000.0,55935900000.0,341962500.0,39.0,6315000.0,3.0,24.0,2052.0,69873.0,75000.0,138000.0,2500000000.0,3085000000.0,3084000000.0,240693000000.0,0.0,47000.0,0.0,187437.0,193.0,2363.0,900.0,599.0,2.509907324919403e-05,0.005217579407857923,0.6400000117324549,1716.764705882353,63,0.0012176470588235295,0.0019473209665114145,0.13989637305699482,12.228989194953721,25562.0
Ecuador,Unknown,Unknown,Unknown,Non-NATO,2026,65,18309984.0,8422593.0,6738074.0,329580.0,41250.0,118000.0,1500.0,102.0,0.0,0.0,20.0,34.0,8.0,0.0,46.0,0.0,54.0,5204.0,5.0,106.0,24.0,30.0,,0.0,0.0,2.0,0.0,2.0,6.0,5.0,0.0,2376000000.0,44898000000.0,260213000000.0,4442000000.0,310.0,8893000.0,6.0,154.0,965.0,43950.0,480000.0,225000.0,8273000000.0,309778000.0,309778000.0,10902000000.0,0.0,21000.0,24000000.0,283560.0,2237.0,2237.0,1500.0,186.0,1.0158392273854526e-05,0.009130981157743849,0.4600000196614044,57600.0,64,0.0024727272727272727,0.00019043588658484975,0.013410818059901655,129.76526904665783,25562.0
Democratic Republic of the Congo,Unknown,Unknown,Unknown,Non-NATO,2026,66,115403027.0,39237029.0,31389623.0,2538867.0,166580.0,31000.0,10000.0,46.0,1.0,6.0,6.0,1.0,0.0,0.0,32.0,8.0,105.0,916.0,8.0,60.0,25.0,16.0,,0.0,0.0,0.0,0.0,0.0,0.0,16.0,0.0,796560000.0,4994000000.0,154012000000.0,3898125000.0,272.0,35983000.0,3.0,24.0,4007.0,152373.0,19000.0,26000.0,180000000.0,380000.0,380000.0,991090000.0,0.0,23000.0,987999000.0,2344858.0,37.0,10481.0,15000.0,167.0,1.4471024230586256e-06,0.00517206451445342,0.33999999844024886,4781.84656021131,65,0.000276143594669228,4.4778830956927884e-05,0.43243243243243246,6.902418599470532,25562.0
Cuba,Unknown,Unknown,Unknown,Non-NATO,2026,67,10966038.0,5921661.0,4737328.0,142558.0,45500.0,40000.0,1145000.0,31.0,11.0,0.0,4.0,3.0,0.0,0.0,13.0,4.0,113.0,6864.0,60.0,130.0,15.0,19.0,,0.0,0.0,0.0,0.0,1.0,1.0,6.0,4.0,4508784000.0,33066000000.0,141400000000.0,10442000000.0,123.0,5317000.0,34.0,65.0,8367.0,60000.0,34000.0,165000.0,124000000.0,659434000.0,659434000.0,70792000000.0,0.0,2000.0,0.0,110860.0,3735.0,29.0,240.0,163.0,1.486407397092733e-05,0.031886732673267325,0.5400000437715061,99094.15384615384,66,0.0006813186813186814,0.0010193036261952012,0.0050870147255689425,411.1588889259731,25562.0
Austria,Unknown,Unknown,Unknown,Non-NATO,2026,68,8967982.0,4035592.0,3632033.0,98648.0,16000.0,125600.0,0.0,85.0,15.0,0.0,11.0,18.0,0.0,0.0,41.0,0.0,56.0,7322.0,30.0,0.0,0.0,0.0,,0.0,0.0,0.0,0.0,0.0,0.0,0.0,0.0,5475750000.0,630000000000.0,590354000000.0,31212000000.0,61.0,4825000.0,0.0,1.0,6123.0,137039.0,18000.0,245000.0,35200000.0,618209000.0,8136000000.0,5040000000.0,1271000.0,5026000.0,0.0,83871.0,0.0,2524.0,358.0,141.0,1.572260069210665e-05,0.00927536698319991,0.45000001115078064,342234.375,67,0.0053125,0.0006676920508876728,,610.5888704950568,25562.0
Sri Lanka,Unknown,Unknown,Unknown,Non-NATO,2026,69,21982608.0,10551652.0,8551235.0,307757.0,346000.0,90000.0,0.0,85.0,5.0,0.0,14.0,8.0,3.0,0.0,55.0,9.0,44.0,3190.0,0.0,96.0,28.0,270.0,27136.0,0.0,0.0,0.0,0.0,5.0,0.0,59.0,0.0,1265400000.0,46409500000.0,287132000000.0,3450700000.0,18.0,8707000.0,6.0,96.0,1562.0,114093.0,0.0,121000.0,0.0,0.0,0.0,0.0,0.0,2084000.0,0.0,65610.0,1340.0,0.0,160.0,399.0,1.8150712599706094e-05,0.004407032305699121,0.48000000727848124,3657.225433526012,68,0.00024566473988439305,0.0006706294772138394,0.20149253731343283,57.56368853049647,25562.0
Belarus,Unknown,Unknown,Unknown,Non-NATO,2026,70,9501451.0,5035769.0,3724569.0,104516.0,63000.0,145000.0,55000.0,185.0,36.0,50.0,4.0,27.0,0.0,0.0,68.0,29.0,507.0,6916.0,357.0,215.0,206.0,0.0,,0.0,0.0,0.0,0.0,0.0,0.0,0.0,0.0,1077900000.0,44000000000.0,254407000000.0,8118000000.0,46.0,4956000.0,0.0,4.0,5528.0,86600.0,30000.0,131000.0,198000000.0,73929000.0,16683000000.0,2832000000.0,0.0,778000.0,0.0,207600.0,0.0,3599.0,2500.0,692.0,7.283098128906837e-05,0.0042369117201963786,0.5299999968425875,17109.52380952381,69,0.0029365079365079364,0.0024421965317919076,,113.44583053683064,25562.0
Slovakia,Unknown,Unknown,Unknown,Non-NATO,2026,71,5563649.0,2837461.0,2353424.0,61200.0,19500.0,0.0,0.0,41.0,2.0,0.0,7.0,9.0,1.0,0.0,22.0,0.0,45.0,3074.0,35.0,9.0,25.0,0.0,,0.0,0.0,0.0,0.0,0.0,0.0,0.0,0.0,2656000000.0,127600000000.0,213053000000.0,11288000000.0,114.0,2823000.0,0.0,0.0,3627.0,56926.0,7000.0,94000.0,9000000.0,52556000.0,60424000.0,14158000000.0,2343000.0,5794000.0,19000000.0,49035.0,0.0,1587.0,172.0,86.0,1.5457481232191318e-05,0.012466381604577265,0.5100000017973816,136205.12820512822,70,0.0021025641025641025,0.0009177118384827164,,477.384536659304,25562.0
Qatar,Unknown,Unknown,Unknown,Non-NATO,2026,72,2552088.0,638022.0,490001.0,12760.0,66550.0,15000.0,5500.0,251.0,102.0,6.0,12.0,51.0,0.0,0.0,80.0,24.0,99.0,5024.0,46.0,12.0,16.0,115.0,,0.0,0.0,0.0,0.0,0.0,4.0,105.0,0.0,9432000000.0,187000000000.0,304973000000.0,51539000000.0,8.0,2035000.0,6.0,123.0,0.0,7039.0,1815000.0,297000.0,25244000.0,169595000000.0,41515000000.0,23861000000000.0,0.0,0.0,0.0,11586.0,563.0,87.0,0.0,465.0,0.00018220374846008444,0.03092732799296987,0.25,141728.02404207364,71,0.0037716003005259205,0.008544795442775763,0.20426287744227353,3695.7973236032612,25562.0
Sudan,Unknown,Unknown,Unknown,Non-NATO,2026,73,50467278.0,26747657.0,17108407.0,1312149.0,92000.0,85000.0,17500.0,165.0,37.0,27.0,13.0,15.0,0.0,0.0,64.0,35.0,224.0,2900.0,100.0,287.0,192.0,6.0,,0.0,0.0,0.0,0.0,0.0,0.0,6.0,0.0,342000000.0,37846000000.0,136039000000.0,206763700.0,41.0,13590000.0,4.0,14.0,7251.0,31000.0,68000.0,127000.0,1250000000.0,0.0,0.0,84951000000.0,0.0,0.0,0.0,1861484.0,853.0,6819.0,4068.0,395.0,7.826853669421203e-06,0.002513984960195238,0.5299999932629614,3717.391304347826,72,0.0017934782608695651,0.00012033409903066586,0.007033997655334115,6.776668240359625,25562.0
Croatia,Unknown,Unknown,Unknown,Non-NATO,2026,74,4150116.0,2033557.0,1564594.0,53952.0,14325.0,20100.0,2000.0,67.0,10.0,0.0,0.0,28.0,0.0,0.0,37.0,0.0,45.0,2848.0,25.0,42.0,42.0,30.0,,0.0,0.0,0.0,0.0,0.0,0.0,10.0,1.0,1176000000.0,55000000000.0,159305000000.0,3176000000.0,40.0,1744000.0,16.0,384.0,2617.0,26958.0,11000.0,70000.0,71000000.0,741456000.0,2502000000.0,24919000000.0,0.0,702000.0,0.0,56594.0,5835.0,2237.0,4714.0,142.0,3.4215911073329034e-05,0.007382065848529551,0.4900000385531392,82094.24083769633,73,0.004677137870855148,0.0007951372937060466,0.005141388174807198,283.36557339602075,25562.0
Jordan,Unknown,Unknown,Unknown,Non-NATO,2026,75,11174024.0,3463947.0,2983464.0,145262.0,100500.0,65000.0,35000.0,274.0,44.0,6.0,13.0,66.0,13.0,0.0,155.0,44.0,1458.0,16624.0,358.0,80.0,56.0,27.0,,0.0,0.0,0.0,0.0,0.0,0.0,27.0,0.0,2500000000.0,25646500000.0,106806000000.0,15715600000.0,17.0,3063000.0,1.0,34.0,509.0,7203.0,20.0,97000.0,1000000.0,187262000.0,4382000000.0,6031000000.0,0.0,479000.0,0.0,89342.0,26.0,1744.0,0.0,1759.0,0.00015741867030176417,0.02340692470460461,0.3099999606229591,24875.621890547263,74,0.00272636815920398,0.0163193123055226,1.0384615384615385,223.73318689847096,25562.0
Libya,Unknown,Unknown,Unknown,Non-NATO,2026,76,7361263.0,3827857.0,3290485.0,125141.0,32000.0,0.0,100000.0,143.0,10.0,1.0,6.0,38.0,0.0,0.0,16.0,4.0,43.0,1816.0,15.0,28.0,25.0,5.0,,0.0,0.0,0.0,0.0,0.0,1.0,1.0,1.0,3060000000.0,3322000000.0,121951000000.0,92427000000.0,66.0,2398000.0,14.0,96.0,2000.0,37000.0,1245000.0,230000.0,48363000000.0,11832000000.0,9212000000.0,1505000000000.0,0.0,0.0,0.0,1759540.0,1770.0,4339.0,0.0,191.0,2.5946634429445057e-05,0.0250920451656813,0.5200000326031009,95625.0,75,0.00446875,2.4438205440058197e-05,0.002824858757062147,415.6895358853501,25562.0
Turkmenistan,Unknown,Unknown,Unknown,Non-NATO,2026,77,5744151.0,2768681.0,2245963.0,109139.0,36500.0,0.0,3500.0,91.0,24.0,27.0,5.0,9.0,0.0,0.0,26.0,10.0,654.0,5016.0,73.0,450.0,164.0,16.0,,0.0,0.0,0.0,0.0,0.0,0.0,16.0,0.0,1078020000.0,2134500000.0,94790000000.0,23415400000.0,23.0,2163000.0,0.0,73.0,5113.0,58592.0,272000.0,152000.0,600000000.0,86472000000.0,41561000000.0,11327000000000.0,0.0,0.0,800000000.0,488100.0,1768.0,4158.0,1300.0,761.0,0.0001324825896812253,0.011372718641206878,0.48200003795164853,29534.794520547945,76,0.002493150684931507,0.0013398893669330056,0.00904977375565611,187.6726430067733,25562.0
Albania,Unknown,Unknown,Unknown,Non-NATO,2026,78,3107100.0,1522479.0,1292554.0,62142.0,6600.0,2000.0,500.0,19.0,0.0,0.0,0.0,0.0,0.0,0.0,19.0,0.0,46.0,1796.0,0.0,50.0,135.0,19.0,,0.0,0.0,0.0,0.0,0.0,0.0,19.0,0.0,558862420.0,7312000000.0,49592000000.0,6455000000.0,3.0,1388000.0,3.0,67.0,424.0,3945.0,1400.0,2600.0,150000000.0,50623000.0,50623000.0,5692000000.0,379000.0,389000.0,522000000.0,28748.0,362.0,691.0,41.0,84.0,2.7034855653181422e-05,0.011269205113728021,0.49,84676.12424242424,77,0.0028787878787878787,0.001600111312091276,0.052486187845303865,179.8662482700911,25562.0
Kuwait,Unknown,Unknown,Unknown,Non-NATO,2026,79,3138355.0,1726095.0,1449920.0,37660.0,72000.0,24000.0,7500.0,128.0,43.0,0.0,2.0,13.0,0.0,3.0,67.0,16.0,367.0,5636.0,74.0,0.0,27.0,123.0,,0.0,0.0,0.0,0.0,0.0,0.0,106.0,0.0,6950000000.0,55000000000.0,219060000000.0,52619000000.0,6.0,2463000.0,6.0,176.0,0.0,5749.0,2910000.0,372000.0,101500000000.0,19285000000.0,26083000000.0,1784000000000.0,0.0,145000.0,0.0,17818.0,499.0,475.0,0.0,618.0,0.00019691844931500737,0.03172646763443805,0.5499999203404331,96527.77777777778,78,0.0017777777777777779,0.020597148950499494,0.24649298597194388,2214.535959125083,25562.0
Bolivia,Unknown,Unknown,Unknown,Non-NATO,2026,80,12311974.0,5417269.0,4112199.0,233928.0,40000.0,40000.0,0.0,64.0,0.0,0.0,15.0,19.0,0.0,0.0,33.0,0.0,54.0,890.0,0.0,106.0,0.0,67.0,,0.0,0.0,0.0,0.0,0.0,0.0,50.0,0.0,550200000.0,11431000000.0,119785000000.0,1800000000.0,200.0,6114000.0,0.0,50.0,3690.0,90568.0,58000.0,87000.0,240900000.0,13760000000.0,3055000000.0,302990000000.0,0.0,9000.0,1000000.0,1098581.0,0.0,7252.0,10000.0,185.0,1.5026022634550723e-05,0.004593229536252452,0.44000003573756735,13755.0,79,0.0016,4.915431816133722e-05,inf,44.688203532593555,25562.0
Bahrain,Unknown,Unknown,Unknown,Non-NATO,2026,81,1566888.0,846120.0,720768.0,17236.0,18400.0,110000.0,1500.0,132.0,24.0,0.0,3.0,40.0,0.0,0.0,80.0,34.0,150.0,2764.0,38.0,26.0,17.0,64.0,,0.0,0.0,0.0,0.0,2.0,2.0,50.0,0.0,1597200000.0,49500000000.0,85491000000.0,5118000000.0,3.0,855000.0,4.0,184.0,0.0,4122.0,189000.0,72000.0,186500000.0,18005000000.0,17924000000.0,81382000000.0,0.0,0.0,0.0,760.0,161.0,0.0,0.0,346.0,0.0002208198671506834,0.018682668351054497,0.5400003063397001,86804.34782608696,80,0.007173913043478261,0.19736842105263158,0.39751552795031053,1019.3453520609004,25562.0
Oman,Unknown,Unknown,Unknown,Non-NATO,2026,82,3901992.0,1482757.0,1291559.0,50726.0,42600.0,100000.0,10000.0,128.0,29.0,10.0,9.0,45.0,4.0,0.0,31.0,0.0,150.0,4084.0,24.0,140.0,0.0,22.0,,0.0,0.0,0.0,0.0,0.0,5.0,12.0,0.0,8200000000.0,50897000000.0,185960000000.0,17455000000.0,36.0,2316000.0,7.0,57.0,0.0,60230.0,1056000.0,211000.0,5375000000.0,40754000000.0,27364000000.0,651287000000.0,0.0,31000.0,0.0,309500.0,2092.0,1561.0,0.0,300.0,7.688380704009644e-05,0.04409550440955044,0.38000001025117425,192488.26291079813,81,0.003004694835680751,0.0004846526655896607,0.010516252390057362,2101.490725762636,25562.0
Kenya,Unknown,Unknown,Unknown,Non-NATO,2026,83,58246378.0,21551160.0,14037377.0,931942.0,50000.0,0.0,25000.0,156.0,17.0,0.0,21.0,31.0,2.0,0.0,85.0,2.0,188.0,4128.0,18.0,53.0,0.0,23.0,,0.0,0.0,0.0,0.0,0.0,0.0,7.0,0.0,1307383850.0,30514500000.0,314063000000.0,7342000000.0,370.0,25502000.0,4.0,26.0,3819.0,161452.0,0.0,119000.0,0.0,0.0,0.0,0.0,0.0,1168000.0,0.0,580367.0,536.0,3457.0,0.0,367.0,6.300820971219876e-06,0.004162807621400802,0.37000000240358294,26147.677,82,0.00312,0.0003239329596617313,0.04291044776119403,22.445753622654443,25562.0
Chad,Unknown,Unknown,Unknown,Non-NATO,2026,84,19093595.0,6873694.0,3856906.0,381872.0,33250.0,0.0,5000.0,40.0,0.0,7.0,7.0,8.0,2.0,0.0,16.0,3.0,90.0,3316.0,10.0,10.0,20.0,0.0,,0.0,0.0,0.0,0.0,0.0,0.0,0.0,0.0,381350000.0,2038000000.0,32446000000.0,211591000.0,42.0,5806000.0,0.0,0.0,0.0,40000.0,124000.0,15000.0,1500000000.0,0.0,0.0,0.0,0.0,0.0,0.0,1284000.0,0.0,6406.0,12400.0,130.0,6.808565909143878e-06,0.01175337483819269,0.3599999895252832,11469.172932330826,83,0.0012030075187969924,7.009345794392523e-05,,19.972666226553983,25562.0
Yemen,Unknown,Unknown,Unknown,Non-NATO,2026,85,32140443.0,12213368.0,9031464.0,610668.0,66700.0,0.0,20000.0,84.0,27.0,12.0,2.0,15.0,0.0,0.0,30.0,7.0,0.0,550.0,0.0,15.0,10.0,33.0,,0.0,0.0,0.0,0.0,0.0,1.0,12.0,1.0,810375000.0,6343500000.0,67003300000.0,923361750.0,36.0,6883000.0,10.0,30.0,0.0,71300.0,15000.0,60000.0,3000000000.0,189432000.0,189432000.0,478555000000.0,0.0,165000.0,0.0,527968.0,1906.0,1601.0,0.0,117.0,3.6402734088014903e-06,0.012094553551839984,0.3799999894214277,12149.550224887556,84,0.0012593703148425788,0.0,0.017313746065057714,25.213560373141092,25562.0
New Zealand,Unknown,Unknown,Unknown,Non-NATO,2026,86,5161211.0,2219321.0,1775457.0,61935.0,8670.0,3250.0,300.0,48.0,0.0,0.0,8.0,13.0,6.0,0.0,21.0,0.0,0.0,2114.0,0.0,31.0,0.0,8.0,,0.0,0.0,0.0,0.0,2.0,0.0,4.0,0.0,3030000000.0,209683100000.0,254770000000.0,15487000000.0,202.0,3068000.0,22.0,117.0,4128.0,94000.0,12000.0,154000.0,40993000.0,3770000000.0,3819000000.0,31149000000.0,3036000.0,2441000.0,7575000000.0,268838.0,15134.0,0.0,0.0,56.0,1.0850166753500293e-05,0.011893080032970915,0.430000052313304,349480.9688581315,85,0.005536332179930796,0.0,0.0005286110744020088,587.0715225554623,25562.0
Paraguay,Unknown,Unknown,Unknown,Non-NATO,2026,87,7522549.0,3535598.0,3001497.0,150451.0,15650.0,168500.0,15000.0,39.0,0.0,0.0,11.0,13.0,1.0,0.0,14.0,0.0,0.0,1108.0,0.0,25.0,0.0,72.0,,0.0,0.0,0.0,0.0,0.0,0.0,63.0,0.0,17595000000.0,14370000000.0,108022000000.0,9886000000.0,83.0,3469000.0,1.0,108.0,30.0,78811.0,2000.0,57000.0,0.0,0.0,0.0,0.0,0.0,1000.0,0.0,406752.0,0.0,4655.0,3100.0,111.0,1.4755636686447638e-05,0.16288348669715427,0.4699999960119901,1124281.1501597443,86,0.002492012779552716,0.0,inf,2338.9678152977135,25562.0
Lithuania,Unknown,Unknown,Unknown,Non-NATO,2026,88,2628186.0,1708321.0,1332490.0,36795.0,23000.0,104000.0,14150.0,9.0,0.0,0.0,5.0,0.0,0.0,0.0,4.0,0.0,0.0,1263.0,21.0,54.0,0.0,14.0,,0.0,0.0,0.0,0.0,0.0,0.0,7.0,4.0,2388900000.0,44000000000.0,132712000000.0,6168000000.0,65.0,1510000.0,2.0,59.0,1911.0,84166.0,4000.0,68000.0,12000000.0,0.0,1601000000.0,0.0,0.0,263000.0,0.0,65300.0,90.0,1545.0,441.0,23.0,8.751283204461176e-06,0.01800063294954488,0.6500000380490574,103865.21739130435,87,0.000391304347826087,0.0,0.15555555555555556,908.9539324842306,25562.0
Mozambique,Unknown,Unknown,Unknown,Non-NATO,2026,89,33350954.0,14674420.0,7770772.0,533615.0,11200.0,0.0,3000.0,22.0,8.0,0.0,4.0,1.0,1.0,0.0,8.0,2.0,30.0,872.0,0.0,52.0,6.0,33.0,,0.0,0.0,0.0,0.0,0.0,0.0,33.0,0.0,412400000.0,12100000000.0,50631000000.0,3515000000.0,92.0,15191000.0,11.0,36.0,4787.0,31083.0,0.0,40000.0,0.0,5388000000.0,1347000000.0,2832000000000.0,9015000.0,11000.0,1792000000.0,799380.0,2470.0,4783.0,460.0,85.0,2.5486527311932366e-06,0.00814520748158243,0.4400000071961959,36821.42857142857,88,0.0019642857142857144,3.75290850409067e-05,0.013360323886639677,12.365463368754009,25562.0
Tunisia,Unknown,Unknown,Unknown,Non-NATO,2026,90,12048847.0,6024424.0,5181004.0,204830.0,89800.0,0.0,12000.0,154.0,10.0,0.0,11.0,28.0,4.0,0.0,101.0,0.0,90.0,7913.0,0.0,85.0,0.0,58.0,,0.0,0.0,0.0,0.0,0.0,0.0,51.0,0.0,1400000000.0,27084500000.0,153637000000.0,9240000000.0,14.0,4445000.0,16.0,72.0,2173.0,20000.0,35000.0,108000.0,425000000.0,1323000000.0,5153000000.0,65129000000.0,0.0,2000.0,0.0,163610.0,1148.0,1495.0,0.0,302.0,2.506463896503956e-05,0.009112388291882814,0.5000000414977467,15590.200445434299,89,0.0017149220489977729,0.0005500886253896461,0.050522648083623695,116.19369056640855,25562.0
Armenia,Unknown,Unknown,Unknown,Non-NATO,2026,91,2976765.0,1666988.0,1366335.0,44651.0,57500.0,210000.0,5000.0,71.0,4.0,15.0,3.0,13.0,0.0,0.0,36.0,20.0,109.0,1306.0,145.0,148.0,100.0,0.0,,0.0,0.0,0.0,0.0,0.0,0.0,0.0,0.0,1700000000.0,9014000000.0,57728000000.0,3607000000.0,11.0,1356000.0,0.0,0.0,686.0,7700.0,0.0,14000.0,0.0,0.0,2861000000.0,0.0,60.0,23000.0,317000000.0,29743.0,0.0,1570.0,0.0,180.0,6.046832719411845e-05,0.029448447893569846,0.5599998656259396,29565.217391304348,90,0.001234782608695652,0.0036647278351208687,,571.0897568333409,25562.0
Tanzania,Unknown,Unknown,Unknown,Non-NATO,2026,92,67462121.0,12143182.0,6678750.0,607159.0,27000.0,80000.0,6500.0,39.0,14.0,0.0,6.0,7.0,0.0,0.0,12.0,0.0,62.0,1072.0,0.0,0.0,0.0,12.0,,0.0,0.0,0.0,0.0,0.0,0.0,10.0,0.0,1406745334.0,18983500000.0,234050000000.0,5693050000.0,206.0,31219000.0,8.0,381.0,4097.0,145203.0,0.0,58000.0,0.0,1808000000.0,1808000000.0,6513000000.0,2511000.0,802000.0,1410000000.0,947300.0,1424.0,4161.0,0.0,113.0,1.6750140423245809e-06,0.006010447912839137,0.18000000326108928,52101.679037037036,91,0.0014444444444444444,6.544917132904044e-05,0.008426966292134831,20.85237334889011,25562.0
Cameroon,Unknown,Unknown,Unknown,Non-NATO,2026,93,30966105.0,10528476.0,6224187.0,495458.0,40000.0,0.0,12500.0,35.0,0.0,0.0,6.0,6.0,2.0,0.0,21.0,0.0,0.0,430.0,18.0,52.0,20.0,51.0,,0.0,0.0,0.0,0.0,0.0,0.0,51.0,0.0,554952283.0,9506000000.0,138925000000.0,5754093000.0,37.0,11965000.0,7.0,198.0,987.0,77589.0,54000.0,40000.0,200000000.0,2595000000.0,877058000.0,135071000000.0,0.0,0.0,0.0,475440.0,400.0,5018.0,0.0,86.0,2.7772301359825527e-06,0.00399461783696239,0.3400000096880121,13873.807075,92,0.000875,0.0,0.1275,17.921281446278115,25562.0
Georgia,Unknown,Unknown,Unknown,Non-NATO,2026,94,4900961.0,2744538.0,2225036.0,93118.0,55000.0,152500.0,0.0,61.0,0.0,5.0,2.0,10.0,0.0,0.0,44.0,11.0,123.0,3392.0,67.0,121.0,42.0,19.0,,0.0,0.0,0.0,0.0,0.0,0.0,31.0,4.0,495629055.0,13488000000.0,83656000000.0,5002000000.0,19.0,1853000.0,3.0,26.0,1363.0,20295.0,300.0,32000.0,35000000.0,8760000.0,2796000000.0,8495000000.0,256000.0,516000.0,900999000.0,69700.0,310.0,1814.0,0.0,203.0,4.1420447948881865e-05,0.005924608575595295,0.5599999673533416,9011.437363636363,93,0.0011090909090909092,0.0017647058823529412,0.06129032258064516,101.12895307675372,25562.0
Cambodia,Unknown,Unknown,Unknown,Non-NATO,2026,95,17063669.0,8190561.0,5733393.0,307146.0,221000.0,0.0,10000.0,25.0,0.0,0.0,4.0,0.0,0.0,0.0,21.0,0.0,644.0,3627.0,30.0,430.0,463.0,20.0,,0.0,0.0,0.0,0.0,0.0,0.0,20.0,0.0,860000000.0,13200000000.0,85900000000.0,17801000000.0,13.0,9175000.0,2.0,195.0,642.0,47263.0,0.0,73000.0,0.0,0.0,0.0,0.0,113000.0,2215000.0,0.0,181035.0,443.0,2530.0,3700.0,689.0,4.037818595754524e-05,0.010011641443538999,0.4799999929675148,3891.402714932127,94,0.00011312217194570136,0.003557323169552849,0.045146726862302484,50.399477392581865,25562.0
Slovenia,Unknown,Unknown,Unknown,Non-NATO,2026,96,2097893.0,1006989.0,826570.0,22867.0,7300.0,26000.0,5000.0,39.0,0.0,0.0,4.0,23.0,0.0,0.0,16.0,0.0,54.0,1428.0,0.0,18.0,0.0,2.0,,0.0,0.0,0.0,0.0,0.0,0.0,2.0,0.0,886860000.0,55000000000.0,102036000000.0,2370000000.0,42.0,1055000.0,2.0,8.0,1207.0,38985.0,0.0,45000.0,0.0,3863000.0,840902000.0,0.0,2358000.0,2553000.0,95000000.0,20273.0,47.0,1211.0,710.0,95.0,4.528352971290719e-05,0.00869163824532518,0.48000017160074415,121487.67123287672,95,0.005342465753424658,0.0026636412963054307,0.0425531914893617,422.7384332756723,25562.0
Ireland,Unknown,Unknown,Unknown,Non-NATO,2026,97,5233461.0,2407392.0,1999182.0,57568.0,7765.0,1700.0,0.0,22.0,0.0,0.0,4.0,8.0,2.0,0.0,8.0,0.0,0.0,1712.0,0.0,0.0,0.0,8.0,,0.0,0.0,0.0,0.0,0.0,0.0,8.0,0.0,1500000000.0,3300000000000.0,608463000000.0,12905000000.0,100.0,2766000.0,21.0,94.0,1688.0,99830.0,600.0,156000.0,0.0,1447000000.0,5280000000.0,9911000000.0,0.0,1322000.0,40000000.0,70273.0,1448.0,443.0,956.0,30.0,5.732344236443149e-06,0.002465227959629427,0.45999998853531154,193174.50096587252,96,0.00283322601416613,0.0,0.0055248618784530384,286.61721182215746,25562.0
Mongolia,Unknown,Unknown,Unknown,Non-NATO,2026,98,3281676.0,1870555.0,1552233.0,62352.0,35000.0,135000.0,50000.0,7.0,0.0,0.0,3.0,2.0,0.0,0.0,2.0,0.0,420.0,2560.0,0.0,500.0,130.0,0.0,,0.0,0.0,0.0,0.0,0.0,0.0,0.0,0.0,165110000.0,19542500000.0,56264000000.0,4782000000.0,35.0,1403000.0,0.0,318.0,1815.0,113200.0,15000.0,36000.0,0.0,0.0,0.0,0.0,28276000.0,6393000.0,2520000000.0,1564116.0,0.0,8082.0,580.0,427.0,0.00013011644050174361,0.002934558509881985,0.5699999024888502,4717.428571428572,97,0.0002,0.000268522283513499,,50.312706068484516,25562.0
Latvia,Unknown,Unknown,Unknown,Non-NATO,2026,99,1801246.0,810561.0,648449.0,16211.0,17250.0,36000.0,12500.0,7.0,0.0,0.0,0.0,0.0,0.0,0.0,7.0,0.0,0.0,1848.0,47.0,0.0,0.0,18.0,,0.0,0.0,0.0,0.0,0.0,0.0,11.0,6.0,1138000000.0,44180400000.0,71154000000.0,4957000000.0,56.0,978000.0,5.0,83.0,2216.0,70244.0,2000.0,35000.0,0.0,0.0,828214000.0,0.0,0.0,20000.0,0.0,64589.0,498.0,1370.0,300.0,25.0,1.3879281341915541e-05,0.015993478933018522,0.4500001665513761,65971.01449275362,98,0.00040579710144927536,0.0,0.03614457831325301,631.7848866839954,25562.0
Uruguay,Unknown,Unknown,Unknown,Non-NATO,2026,100,3425330.0,1575652.0,1322177.0,54805.0,25000.0,0.0,5000.0,43.0,0.0,6.0,6.0,12.0,5.0,2.0,12.0,0.0,31.0,3042.0,6.0,70.0,4.0,14.0,,0.0,0.0,0.0,0.0,0.0,0.0,2.0,2.0,772400000.0,49500000000.0,105096000000.0,16257000000.0,64.0,1775000.0,8.0,58.0,1673.0,77732.0,400.0,52000.0,0.0,0.0,86037000.0,0.0,0.0,18000.0,0.0,176215.0,660.0,1591.0,1600.0,88.0,2.5690955324012578e-05,0.0073494709598842965,0.4600000583885348,30896.0,99,0.00172,0.00017592145958062594,0.021212121212121213,225.49652150303766,25562.0
Honduras,Unknown,Unknown,Unknown,Non-NATO,2026,101,9529188.0,4192843.0,3144632.0,95292.0,52225.0,60000.0,23000.0,40.0,4.0,7.0,10.0,10.0,1.0,0.0,8.0,0.0,11.0,614.0,0.0,32.0,0.0,98.0,,0.0,0.0,0.0,0.0,0.0,0.0,93.0,0.0,413635000.0,8805500000.0,68854000000.0,7543000000.0,129.0,4676000.0,8.0,489.0,699.0,14742.0,20.0,67000.0,0.0,0.0,0.0,0.0,0.0,190000.0,0.0,112090.0,832.0,1575.0,465.0,149.0,1.56361696295634e-05,0.006007421500566416,0.440000029383406,7920.248922929632,100,0.0007659167065581618,9.813542688910697e-05,0.11778846153846154,43.40716123976146,25562.0
Ivory Coast,Unknown,Unknown,Unknown,Non-NATO,2026,102,29981758.0,12292521.0,7855221.0,569653.0,22000.0,0.0,5500.0,19.0,0.0,0.0,4.0,2.0,3.0,0.0,10.0,3.0,5.0,656.0,0.0,2.0,3.0,3.0,,0.0,0.0,0.0,0.0,0.0,0.0,3.0,0.0,669600935.0,19311500000.0,202758000000.0,7583484000.0,29.0,10954000.0,5.0,25.0,660.0,81996.0,29000.0,60000.0,100000000.0,2635000000.0,2635000000.0,28317000000.0,0.0,0.0,0.0,322463.0,515.0,3458.0,980.0,27.0,9.005475929730338e-07,0.0033024637005691516,0.4100000073377952,30436.406136363636,101,0.0008636363636363636,1.5505654912346533e-05,0.005825242718446602,22.33361149136085,25562.0
Guatemala,Unknown,Unknown,Unknown,Non-NATO,2026,103,18255216.0,7484639.0,6279794.0,182552.0,106114.0,90000.0,35000.0,36.0,0.0,4.0,10.0,0.0,0.0,0.0,21.0,0.0,5.0,688.0,0.0,50.0,0.0,25.0,,0.0,0.0,0.0,0.0,0.0,0.0,20.0,0.0,408635000.0,27500000000.0,223183000000.0,21311000000.0,58.0,7258000.0,3.0,9.0,800.0,17440.0,6000.0,115000.0,86110000.0,3276000.0,2986000.0,0.0,0.0,1296000.0,0.0,108889.0,400.0,1667.0,990.0,66.0,3.6154050436872397e-06,0.001830941424750093,0.4100000241027003,3850.905629794372,102,0.0003392577793693575,4.5918320491509704e-05,0.0625,22.384561212532354,25562.0
Mali,Unknown,Unknown,Unknown,Non-NATO,2026,104,21990607.0,6817088.0,4288168.0,351850.0,40000.0,0.0,4800.0,43.0,9.0,12.0,7.0,4.0,1.0,0.0,10.0,8.0,10.0,570.0,0.0,10.0,20.0,0.0,,0.0,0.0,0.0,0.0,0.0,0.0,0.0,0.0,650386000.0,4057500000.0,57235000000.0,647800000.0,30.0,8277000.0,0.0,0.0,593.0,139107.0,0.0,46000.0,0.0,0.0,0.0,0.0,0.0,0.0,0.0,1240192.0,0.0,7908.0,1800.0,53.0,2.410119920746162e-06,0.01136343146675985,0.30999999226942665,16259.65,103,0.001075,8.063267623077716e-06,,29.57562744857384,25562.0
Kyrgyzstan,Unknown,Unknown,Unknown,Non-NATO,2026,105,6172101.0,3147772.0,2487357.0,117270.0,23000.0,300000.0,55000.0,7.0,0.0,0.0,0.0,0.0,0.0,0.0,7.0,2.0,215.0,2686.0,30.0,169.0,21.0,0.0,,0.0,0.0,0.0,0.0,0.0,0.0,0.0,0.0,221800000.0,6728500000.0,45461000000.0,3237000000.0,28.0,3069000.0,0.0,0.0,424.0,34000.0,6000.0,31000.0,40000000.0,31026000.0,438000000.0,5663000000.0,3637000.0,3352000.0,28499000000.0,199951.0,0.0,4573.0,576.0,222.0,3.596830317585535e-05,0.004878907195178285,0.510000079389498,9643.478260869566,104,0.0003043478260869565,0.001075263439542688,,35.93589929912035,25562.0
Laos,Unknown,Unknown,Unknown,Non-NATO,2026,106,7953556.0,3499565.0,2521277.0,159071.0,100000.0,30000.0,120000.0,33.0,0.0,0.0,2.0,8.0,0.0,0.0,23.0,0.0,160.0,4380.0,40.0,87.0,64.0,36.0,,0.0,0.0,0.0,0.0,0.0,0.0,36.0,0.0,135000000.0,16500000000.0,64173000000.0,1770000000.0,18.0,3174000.0,0.0,1.0,422.0,39568.0,0.0,24000.0,0.0,0.0,0.0,0.0,14845000.0,13691000.0,62000000.0,236800.0,0.0,5274.0,4600.0,229.0,2.8792152843331963e-05,0.002103688467112337,0.44000004526277303,1350.0,105,0.00033,0.0006756756756756757,inf,16.973539885807053,25562.0
Estonia,Unknown,Unknown,Unknown,Non-NATO,2026,107,1193791.0,584958.0,456028.0,13132.0,7700.0,78800.0,10000.0,5.0,0.0,0.0,2.0,3.0,0.0,0.0,3.0,0.0,0.0,1685.0,36.0,0.0,0.0,8.0,,0.0,0.0,0.0,0.0,0.0,0.0,4.0,4.0,1463360000.0,26400000000.0,57377000000.0,2593000000.0,26.0,752000.0,20.0,72.0,1441.0,58412.0,24000.0,28000.0,0.0,0.0,354912000.0,0.0,0.0,3000.0,0.0,45228.0,3794.0,657.0,335.0,13.0,1.0889678344031744e-05,0.025504296146539554,0.49000034344370164,190046.75324675324,106,0.0006493506493506494,0.0,0.0021085925144965737,1225.809207809407,25562.0
Tajikistan,Unknown,Unknown,Unknown,Non-NATO,2026,108,10394063.0,4781269.0,3773045.0,176699.0,9500.0,600000.0,20000.0,25.0,0.0,0.0,1.0,4.0,0.0,0.0,20.0,6.0,38.0,1240.0,3.0,13.0,20.0,0.0,,0.0,0.0,0.0,0.0,0.0,0.0,0.0,0.0,446000000.0,7150000000.0,46467000000.0,2748900000.0,19.0,2677000.0,0.0,0.0,680.0,30000.0,300.0,28000.0,12000000.0,18476000.0,85567000.0,5663000000.0,2175000.0,2245000.0,4075000000.0,144100.0,0.0,4130.0,200.0,63.0,6.061152409793937e-06,0.009598209481997978,0.4600000019241754,46947.36842105263,107,0.002631578947368421,0.00026370575988896597,,42.9091107106047,25562.0
Zambia,Unknown,Unknown,Unknown,Non-NATO,2026,109,20799116.0,7279691.0,4139024.0,374384.0,15150.0,0.0,1200.0,77.0,0.0,0.0,13.0,34.0,0.0,0.0,32.0,0.0,35.0,424.0,12.0,30.0,25.0,0.0,,0.0,0.0,0.0,0.0,0.0,0.0,0.0,0.0,394240000.0,13200000000.0,76493000000.0,2861000000.0,119.0,7051000.0,0.0,2.0,3126.0,67671.0,0.0,34000.0,0.0,0.0,0.0,0.0,831000.0,823000.0,944999000.0,752618.0,0.0,6043.0,0.0,112.0,5.384844240495606e-06,0.005153935654242872,0.3500000192315866,26022.44224422442,108,0.005082508250825082,4.6504335532766956e-05,,18.954651726544533,25562.0
Ghana,Unknown,Unknown,Unknown,Non-NATO,2026,110,34589092.0,14873310.0,9961658.0,622604.0,15500.0,0.0,0.0,19.0,0.0,0.0,2.0,5.0,2.0,0.0,10.0,0.0,0.0,1824.0,0.0,6.0,6.0,28.0,,0.0,0.0,0.0,0.0,0.0,0.0,27.0,0.0,308500000.0,22550000000.0,229639000000.0,3624000000.0,11.0,14887000.0,4.0,52.0,947.0,65725.0,174000.0,110000.0,660000000.0,3192000000.0,3912000000.0,22653000000.0,0.0,85000.0,0.0,238533.0,539.0,2420.0,1293.0,47.0,1.3588098814504872e-06,0.0013434129220210853,0.4300000127207734,19903.225806451614,109,0.0012258064516129032,0.0,0.05194805194805195,8.918996775052667,25562.0
Zimbabwe,Unknown,Unknown,Unknown,Non-NATO,2026,111,17150352.0,6517134.0,3721626.0,360157.0,29000.0,0.0,21800.0,95.0,13.0,0.0,14.0,40.0,0.0,0.0,28.0,6.0,15.0,828.0,0.0,0.0,0.0,0.0,,0.0,0.0,0.0,0.0,0.0,0.0,0.0,0.0,530800000.0,11000000000.0,58583000000.0,115530000.0,144.0,6561000.0,0.0,0.0,3427.0,97267.0,800.0,29000.0,0.0,0.0,0.0,0.0,3877000.0,4479000.0,502000000.0,390757.0,0.0,3229.0,0.0,110.0,6.413862525970313e-06,0.009060648993735383,0.3800000139938819,18303.44827586207,110,0.0032758620689655174,3.838702825541193e-05,,30.949802079864018,25562.0
North Macedonia,Unknown,Unknown,Unknown,Non-NATO,2026,112,2135622.0,948216.0,783773.0,27763.0,9000.0,60000.0,3500.0,20.0,0.0,0.0,0.0,10.0,0.0,0.0,10.0,4.0,20.0,1108.0,0.0,150.0,17.0,0.0,,0.0,0.0,0.0,0.0,0.0,0.0,0.0,0.0,388421700.0,11000000000.0,42444000000.0,5015000000.0,13.0,801000.0,0.0,0.0,699.0,14182.0,0.0,22000.0,0.0,0.0,274928000.0,0.0,5075000.0,5776000.0,332000000.0,25713.0,0.0,838.0,0.0,40.0,1.8729906322373528e-05,0.00915139242295731,0.4439999213343934,43157.96666666667,111,0.0022222222222222222,0.0007778166686112084,,181.87755136442686,25562.0
South Sudan,Unknown,Unknown,Unknown,Non-NATO,2026,113,12703714.0,6351857.0,4065188.0,330297.0,185000.0,0.0,0.0,20.0,0.0,0.0,5.0,0.0,0.0,0.0,15.0,6.0,30.0,1950.0,24.0,0.0,15.0,0.0,,0.0,0.0,0.0,0.0,0.0,0.0,0.0,0.0,175300000.0,2475000000.0,20010000000.0,183615000.0,82.0,4471000.0,0.0,0.0,248.0,90200.0,146000.0,14000.0,3750000000.0,0.0,0.0,0.0,0.0,0.0,0.0,644329.0,0.0,6018.0,0.0,50.0,3.935856868314258e-06,0.008760619690154922,0.5,947.5675675675676,112,0.00010810810810810811,4.6560064811610216e-05,,13.79911418030979,25562.0
Uganda,Unknown,Unknown,Unknown,Non-NATO,2026,114,49283041.0,16756234.0,9905891.0,985661.0,45000.0,0.0,10000.0,51.0,6.0,0.0,0.0,12.0,0.0,0.0,30.0,6.0,259.0,3862.0,6.0,26.0,12.0,0.0,,0.0,0.0,0.0,0.0,0.0,0.0,0.0,0.0,985400000.0,11818000000.0,135668000000.0,3506500000.0,39.0,18881000.0,0.0,0.0,1244.0,20544.0,0.0,43000.0,2500000000.0,0.0,0.0,14158000000.0,0.0,0.0,800000000.0,241038.0,0.0,2729.0,0.0,310.0,6.290196256355204e-06,0.007263319279417401,0.3400000012174573,21897.777777777777,113,0.0011333333333333334,0.0010745193703897312,,19.99470771294328,25562.0
Lebanon,Unknown,Unknown,Unknown,Non-NATO,2026,115,5364482.0,2092148.0,1775644.0,69738.0,60000.0,35000.0,65000.0,80.0,0.0,9.0,0.0,9.0,0.0,0.0,68.0,0.0,116.0,4538.0,12.0,353.0,11.0,64.0,,0.0,0.0,0.0,0.0,0.0,0.0,61.0,0.0,768250325.0,36928000000.0,65818000000.0,26498095000.0,8.0,1771000.0,5.0,51.0,401.0,21705.0,0.0,174000.0,0.0,0.0,0.0,0.0,0.0,207000.0,0.0,10400.0,225.0,484.0,0.0,260.0,4.846693492493777e-05,0.011672343811723237,0.39000000372822574,12804.172083333333,114,0.0013333333333333333,0.011153846153846153,0.28444444444444444,143.21053272245112,25562.0
Namibia,Unknown,Unknown,Unknown,Non-NATO,2026,116,2803660.0,616805.0,400923.0,30840.0,13000.0,0.0,5000.0,34.0,11.0,0.0,3.0,14.0,0.0,0.0,7.0,2.0,4.0,2094.0,0.0,25.0,25.0,15.0,,0.0,0.0,0.0,0.0,0.0,2.0,12.0,0.0,370500000.0,8800000000.0,29944000000.0,2956000000.0,255.0,989000.0,2.0,15.0,2628.0,48875.0,0.0,25000.0,0.0,0.0,0.0,62297000000.0,0.0,32000.0,350000000.0,824292.0,1572.0,4220.0,0.0,53.0,1.890386138119458e-05,0.012373096446700508,0.21999992866467402,28500.0,115,0.0026153846153846153,4.852649303887457e-06,0.009541984732824428,132.14869135344514,25562.0
Luxembourg,Unknown,Unknown,Unknown,Non-NATO,2026,117,671254.0,154388.0,92633.0,3356.0,1000.0,0.0,0.0,1.0,0.0,0.0,1.0,0.0,0.0,0.0,0.0,0.0,0.0,182.0,0.0,0.0,0.0,0.0,,0.0,0.0,0.0,0.0,0.0,0.0,0.0,0.0,726092925.0,4730000000000.0,88533000000.0,2977000000.0,3.0,352000.0,0.0,147.0,271.0,2875.0,0.0,51000.0,0.0,0.0,594240000.0,0.0,0.0,62000.0,0.0,2586.0,0.0,327.0,37.0,1.0,1.4897490368772476e-06,0.008201381688184068,0.2299993743054045,726092.925,116,0.001,0.0,,1081.6962357021337,25562.0
Afghanistan,Unknown,Unknown,Unknown,Non-NATO,2026,118,40121552.0,15647405.0,8826741.0,842553.0,0.0,0.0,80000.0,9.0,0.0,0.0,3.0,0.0,0.0,0.0,6.0,1.0,0.0,5202.0,0.0,0.0,0.0,0.0,,0.0,0.0,0.0,0.0,0.0,0.0,0.0,0.0,290000000.0,1142500000.0,54772700000.0,8852092000.0,67.0,8921000.0,0.0,0.0,0.0,34903.0,0.0,2700.0,0.0,80200000.0,80200000.0,49554000000.0,4885000.0,1545000.0,66000000.0,652230.0,0.0,5987.0,1200.0,9.0,2.243183414240805e-07,0.005294608445448189,0.38999999302120714,inf,117,inf,0.0,,7.228035445887039,25562.0
Niger,Unknown,Unknown,Unknown,Non-NATO,2026,119,26342784.0,7902835.0,5294900.0,447827.0,25000.0,0.0,5000.0,26.0,0.0,2.0,7.0,0.0,2.0,0.0,13.0,1.0,0.0,456.0,0.0,0.0,0.0,0.0,,0.0,0.0,0.0,0.0,0.0,0.0,0.0,0.0,336400000.0,3844000000.0,44561000000.0,1442772000.0,26.0,10237000.0,0.0,0.0,0.0,18949.0,6000.0,13000.0,150000000.0,29509000.0,29858000.0,0.0,457000.0,457000.0,90000000.0,1267000.0,0.0,5834.0,300.0,26.0,9.869875560608932e-07,0.007549202217185432,0.299999992407788,13456.0,118,0.00104,0.0,,12.770100533034018,25562.0
Eritrea,Unknown,Unknown,Unknown,Non-NATO,2026,120,6343956.0,2220385.0,1598677.0,76127.0,120000.0,130000.0,0.0,20.0,1.0,0.0,5.0,1.0,0.0,0.0,13.0,6.0,65.0,860.0,23.0,75.0,22.0,23.0,,0.0,0.0,0.0,0.0,0.0,0.0,18.0,0.0,198000000.0,635504500.0,9702000000.0,225014976.0,10.0,1800000.0,2.0,9.0,306.0,16000.0,0.0,4000.0,0.0,0.0,0.0,0.0,0.0,0.0,0.0,117600.0,2234.0,1840.0,0.0,108.0,1.7024077720589487e-05,0.02040816326530612,0.3500000630521397,1650.0,119,0.00016666666666666666,0.0005527210884353742,0.010295434198746643,31.21080915441406,25562.0
Republic of the Congo,Unknown,Unknown,Unknown,Non-NATO,2026,121,6097665.0,2256136.0,1353682.0,115856.0,8500.0,0.0,2500.0,13.0,2.0,0.0,4.0,0.0,0.0,0.0,7.0,1.0,30.0,644.0,2.0,38.0,30.0,4.0,,0.0,0.0,0.0,0.0,0.0,0.0,0.0,0.0,306400000.0,5741000000.0,38163000000.0,715391000.0,56.0,2461000.0,5.0,11.0,510.0,23324.0,267000.0,12000.0,2885000000.0,423000000.0,423000000.0,283990000000.0,0.0,0.0,0.0,342000.0,169.0,5008.0,1120.0,47.0,7.707868503763325e-06,0.00802871891622776,0.36999999180013987,36047.05882352941,120,0.0015294117647058824,8.771929824561403e-05,0.023668639053254437,50.24874275644858,25562.0
Botswana,Unknown,Unknown,Unknown,Non-NATO,2026,122,2450668.0,1029281.0,617568.0,24507.0,21000.0,0.0,0.0,45.0,11.0,0.0,9.0,9.0,0.0,0.0,16.0,0.0,45.0,1224.0,12.0,36.0,20.0,0.0,,0.0,0.0,0.0,0.0,0.0,0.0,0.0,0.0,465600000.0,1853500000.0,46742000000.0,4756000000.0,122.0,1170000.0,0.0,0.0,888.0,31747.0,0.0,21000.0,0.0,0.0,0.0,0.0,2634000.0,2291000.0,1660000000.0,581730.0,0.0,4347.0,0.0,90.0,3.672468078091361e-05,0.009961062855675837,0.4200001795428838,22171.428571428572,121,0.002142857142857143,7.735547418905678e-05,,189.98901523992643,25562.0
Mauritania,Unknown,Unknown,Unknown,Non-NATO,2026,123,4328040.0,1687936.0,1181555.0,82233.0,31540.0,66000.0,5000.0,24.0,0.0,4.0,7.0,7.0,2.0,0.0,4.0,0.0,25.0,628.0,0.0,75.0,0.0,6.0,,0.0,0.0,0.0,0.0,0.0,0.0,6.0,0.0,261250000.0,3661000000.0,30395000000.0,2629290500.0,25.0,1179000.0,2.0,11.0,728.0,12253.0,0.0,29000.0,20000000.0,0.0,0.0,28317000000.0,0.0,0.0,0.0,1030700.0,754.0,5002.0,1086.0,55.0,1.2707830796388203e-05,0.008595163678236551,0.3900000924205876,8283.132530120482,122,0.0007609384908053266,2.425536043465606e-05,0.007957559681697613,60.36219628284397,25562.0
Dominican Republic,Unknown,Unknown,Unknown,Non-NATO,2026,124,10815857.0,4975294.0,4034315.0,97343.0,50000.0,0.0,30000.0,79.0,0.0,8.0,11.0,17.0,1.0,0.0,50.0,0.0,5.0,540.0,0.0,11.0,0.0,34.0,,0.0,0.0,0.0,0.0,0.0,0.0,14.0,0.0,810800000.0,27500000000.0,261616000000.0,15547000000.0,32.0,5302000.0,17.0,40.0,496.0,19705.0,0.0,134000.0,0.0,0.0,2440000000.0,0.0,0.0,2188000.0,0.0,48320.0,1288.0,376.0,0.0,118.0,1.0909907555175702e-05,0.0030991988257598924,0.4599999796594944,16216.0,123,0.00158,0.00010347682119205298,0.026397515527950312,74.96400886217339,25562.0
Senegal,Unknown,Unknown,Unknown,Non-NATO,2026,125,18847519.0,7162057.0,4089912.0,395798.0,17000.0,0.0,0.0,40.0,0.0,0.0,5.0,23.0,1.0,0.0,20.0,5.0,0.0,1740.0,0.0,20.0,6.0,4.0,,0.0,0.0,0.0,0.0,0.0,0.0,4.0,0.0,465150000.0,11326000000.0,77382000000.0,889295000.0,19.0,5257000.0,6.0,36.0,906.0,16665.0,9000.0,55000.0,0.0,54646000.0,54498000.0,0.0,0.0,502000.0,0.0,196722.0,531.0,2684.0,1000.0,44.0,2.3345247721994605e-06,0.006011087849887571,0.37999998832737614,27361.764705882353,124,0.002352941176470588,0.0,0.007532956685499058,24.67964085883134,25562.0
Nepal,Unknown,Unknown,Unknown,Non-NATO,2026,126,31122387.0,15249970.0,11733140.0,778060.0,95000.0,0.0,15000.0,15.0,0.0,0.0,5.0,0.0,0.0,0.0,10.0,0.0,0.0,1108.0,0.0,14.0,0.0,0.0,,0.0,0.0,0.0,0.0,0.0,0.0,0.0,0.0,409100000.0,5838500000.0,144310000000.0,12456000000.0,51.0,8937000.0,0.0,0.0,59.0,27990.0,0.0,62000.0,0.0,0.0,0.0,0.0,15000.0,1095000.0,8000000.0,147181.0,0.0,3159.0,0.0,15.0,4.819681729425188e-07,0.0028348693784214537,0.49000001188854825,4306.315789473684,125,0.00015789473684210527,0.0,,13.144878636718964,25562.0
Montenegro,Unknown,Unknown,Unknown,Non-NATO,2026,127,599849.0,143964.0,85179.0,3599.0,2350.0,0.0,5500.0,11.0,0.0,0.0,0.0,0.0,0.0,0.0,11.0,0.0,0.0,471.0,0.0,12.0,12.0,14.0,,0.0,0.0,0.0,0.0,0.0,0.0,2.0,0.0,148100000.0,2958500000.0,17115000000.0,1574000000.0,5.0,286000.0,4.0,18.0,250.0,7762.0,0.0,8000.0,0.0,0.0,0.0,0.0,1734000.0,1517000.0,337000000.0,13812.0,294.0,680.0,0.0,25.0,4.167715541744672e-05,0.008653228162430616,0.240000400100692,63021.27659574468,126,0.004680851063829788,0.0,0.047619047619047616,246.89546869295438,25562.0
El Salvador,Unknown,Unknown,Unknown,Non-NATO,2026,128,6628702.0,3181777.0,2512278.0,145831.0,25000.0,10000.0,15000.0,52.0,0.0,15.0,4.0,10.0,0.0,0.0,30.0,0.0,0.0,1844.0,0.0,76.0,0.0,14.0,,0.0,0.0,0.0,0.0,0.0,0.0,10.0,0.0,334620000.0,14258000000.0,71957000000.0,3799434000.0,27.0,2870000.0,3.0,5.0,13.0,9012.0,3.0,58000.0,0.0,0.0,226472.0,0.0,0.0,500.0,0.0,21041.0,307.0,590.0,422.0,66.0,9.956700421892551e-06,0.004650277248912545,0.4800000060343639,13384.8,127,0.00208,0.0,0.04560260586319218,50.480471138995235,25562.0
Burkina Faso,Unknown,Unknown,Unknown,Non-NATO,2026,129,23042199.0,8525614.0,6060098.0,368675.0,12000.0,0.0,4500.0,25.0,0.0,3.0,2.0,0.0,2.0,0.0,18.0,5.0,0.0,491.0,0.0,8.0,9.0,0.0,,0.0,0.0,0.0,0.0,0.0,0.0,0.0,0.0,81280000.0,3145000000.0,57152000000.0,47138000.0,49.0,8577000.0,0.0,0.0,622.0,15304.0,0.0,36000.0,0.0,0.0,0.0,0.0,0.0,0.0,0.0,274200.0,0.0,3611.0,0.0,25.0,1.0849658923612281e-06,0.0014221724524076148,0.3700000160574952,6773.333333333333,128,0.0020833333333333333,0.0,,3.5274411092448252,25562.0
Madagascar,Unknown,Unknown,Unknown,Non-NATO,2026,130,29452714.0,11192031.0,7952233.0,559602.0,13500.0,0.0,8100.0,5.0,0.0,0.0,0.0,0.0,0.0,0.0,5.0,0.0,6.0,158.0,0.0,9.0,0.0,6.0,,0.0,0.0,0.0,0.0,0.0,0.0,4.0,0.0,112210000.0,3028500000.0,51255000000.0,2632000000.0,91.0,15830000.0,13.0,29.0,836.0,31640.0,0.0,19000.0,0.0,0.0,0.0,0.0,0.0,511000.0,150000000.0,587040.0,4828.0,0.0,600.0,17.0,5.771963833282053e-07,0.002189249829284948,0.3799999891351269,8311.851851851852,129,0.00037037037037037035,1.0220768601798855e-05,0.0012427506213753107,3.809835657250466,25562.0
Nicaragua,Unknown,Unknown,Unknown,Non-NATO,2026,131,6676948.0,3271705.0,2777610.0,146893.0,45000.0,0.0,5500.0,17.0,0.0,0.0,5.0,1.0,0.0,0.0,11.0,0.0,89.0,1869.0,0.0,0.0,0.0,23.0,,0.0,0.0,0.0,0.0,0.0,0.0,23.0,0.0,92000000.0,9053000000.0,51088000000.0,5447000000.0,39.0,3264000.0,5.0,5.0,0.0,23897.0,200.0,36000.0,0.0,0.0,0.0,0.0,0.0,0.0,0.0,130370.0,910.0,1253.0,2220.0,129.0,1.9320204380803925e-05,0.001800814281240213,0.4900000718891326,2044.4444444444443,130,0.00037777777777777777,0.0006826723939556647,0.025274725274725275,13.778750411115977,25562.0
Bosnia and Herzegovina,Unknown,Unknown,Unknown,Non-NATO,2026,132,3798671.0,2355176.0,1956316.0,49383.0,12770.0,6000.0,0.0,22.0,0.0,0.0,0.0,0.0,0.0,0.0,22.0,0.0,45.0,720.0,0.0,457.0,79.0,0.0,,0.0,0.0,0.0,0.0,0.0,0.0,0.0,0.0,216400000.0,7760500000.0,63769000000.0,9205000000.0,13.0,1369000.0,1.0,0.0,965.0,22926.0,0.0,36000.0,0.0,0.0,225824000.0,0.0,14114000.0,14766000.0,2264000000.0,51197.0,20.0,1543.0,990.0,67.0,1.7637747517487038e-05,0.003393498408317521,0.6199999947350008,16945.967110415037,131,0.0017227877838684417,0.0008789577514307479,0.0,56.967291981853656,25562.0
Gabon,Unknown,Unknown,Unknown,Non-NATO,2026,133,2455105.0,932940.0,532758.0,46647.0,4800.0,0.0,2500.0,24.0,6.0,0.0,3.0,0.0,0.0,0.0,15.0,0.0,0.0,424.0,0.0,0.0,14.0,5.0,,0.0,0.0,0.0,0.0,0.0,0.0,4.0,0.0,274820000.0,6280000000.0,48201000000.0,1568196000.0,40.0,763000.0,9.0,87.0,649.0,14300.0,204000.0,16000.0,2000000000.0,463000000.0,463000000.0,25995000000.0,0.0,0.0,0.0,267667.0,885.0,3261.0,1600.0,29.0,1.1812122088464648e-05,0.005701541461795398,0.3800000407314555,57254.166666666664,132,0.005,0.0,0.005649717514124294,111.9381859431674,25562.0
Moldova,Unknown,Unknown,Unknown,Non-NATO,2026,134,3599528.0,2159717.0,1792565.0,71991.0,8500.0,67000.0,2000.0,3.0,0.0,0.0,1.0,0.0,0.0,0.0,2.0,0.0,0.0,500.0,9.0,67.0,11.0,0.0,,0.0,0.0,0.0,0.0,0.0,0.0,0.0,0.0,1710000000.0,4565500000.0,38969000000.0,5453000000.0,11.0,1464000.0,0.0,75.0,1171.0,9352.0,0.0,22000.0,0.0,10000.0,2344000000.0,0.0,0.0,120000.0,0.0,33851.0,0.0,1885.0,558.0,3.0,8.334426069195739e-07,0.04388103364212579,0.6000000555628404,201176.4705882353,133,0.00035294117647058826,0.0,,475.0622859441571,25562.0
Iceland,Unknown,Unknown,Unknown,Non-NATO,2026,135,364036.0,83728.0,50237.0,1820.0,0.0,0.0,0.0,0.0,0.0,0.0,0.0,0.0,0.0,0.0,0.0,0.0,0.0,150.0,0.0,0.0,0.0,0.0,,0.0,0.0,0.0,0.0,0.0,0.0,0.0,0.0,312400000.0,22000000000.0,26155000000.0,5809000000.0,83.0,239000.0,43.0,39.0,0.0,12898.0,0.0,18000.0,0.0,0.0,0.0,0.0,0.0,188000.0,0.0,100250.0,4970.0,0.0,0.0,0.0,0.0,0.011944178933282356,0.22999923084530102,inf,134,,0.0,0.0,858.1568855827445,25562.0
Panama,Unknown,Unknown,Unknown,Non-NATO,2026,136,4470241.0,2011608.0,1206965.0,53643.0,0.0,0.0,80000.0,38.0,0.0,0.0,13.0,0.0,2.0,0.0,23.0,0.0,0.0,262.0,0.0,0.0,0.0,30.0,,0.0,0.0,0.0,0.0,0.0,0.0,27.0,0.0,917202000.0,1115532300000.0,159867000000.0,6757000000.0,76.0,2096000.0,12.0,8174.0,77.0,11978.0,0.0,146000.0,0.0,0.0,389611000.0,0.0,0.0,837000.0,0.0,75420.0,2490.0,687.0,800.0,68.0,1.5211707825148577e-05,0.005737281615342754,0.44999989933428647,inf,135,inf,0.0,0.012048192771084338,205.17954177414595,25562.0
Beliz,Unknown,Unknown,Unknown,Non-NATO,2026,137,415789.0,158000.0,90226.0,8732.0,1650.0,850.0,0.0,3.0,0.0,0.0,1.0,0.0,1.0,0.0,1.0,0.0,0.0,130.0,0.0,0.0,0.0,8.0,,0.0,0.0,0.0,0.0,0.0,0.0,8.0,0.0,29538000.0,1248000000.0,5257000000.0,473729000.0,27.0,190000.0,2.0,774.0,0.0,3281.0,800.0,5000.0,6700000.0,0.0,0.0,0.0,0.0,0.0,0.0,22966.0,386.0,542.0,825.0,11.0,2.645572634196672e-05,0.005618793988967092,0.3800004329118856,17901.81818181818,136,0.0018181818181818182,0.0,0.02072538860103627,71.0408404262739,25562.0
Liberia,Unknown,Unknown,Unknown,Non-NATO,2026,138,5437249.0,2392390.0,1913912.0,65247.0,1500.0,0.0,5500.0,0.0,0.0,0.0,0.0,0.0,0.0,0.0,0.0,0.0,0.0,300.0,0.0,0.0,0.0,4.0,,0.0,0.0,0.0,0.0,0.0,0.0,4.0,0.0,364800000.0,830923000.0,8884000000.0,599660000.0,99.0,2499000.0,4.0,4821.0,429.0,10600.0,0.0,4000.0,0.0,0.0,0.0,0.0,0.0,0.0,0.0,111369.0,579.0,1667.0,0.0,4.0,7.356661429336784e-07,0.041062584421431784,0.44000008092327575,243200.0,137,0.0,0.0,0.0069084628670120895,67.09275223555147,25562.0
Suriname,Unknown,Unknown,Unknown,Non-NATO,2026,139,646758.0,142287.0,84079.0,3234.0,2000.0,0.0,200.0,3.0,0.0,0.0,0.0,0.0,0.0,0.0,3.0,0.0,0.0,650.0,0.0,0.0,0.0,17.0,,0.0,0.0,0.0,0.0,0.0,0.0,17.0,0.0,144000000.0,2200000000.0,11824000000.0,1346000000.0,55.0,250000.0,4.0,13.0,0.0,4304.0,14000.0,15000.0,89000000.0,7109000.0,6967000.0,0.0,0.0,0.0,0.0,163820.0,386.0,1907.0,1200.0,20.0,3.092346751025886e-05,0.012178619756427604,0.22000037108161014,72000.0,138,0.0015,0.0,0.04404145077720207,222.6489660738638,25562.0
Sierra Leone,Unknown,Unknown,Unknown,Non-NATO,2026,140,9121049.0,2006631.0,1203978.0,45605.0,13000.0,0.0,0.0,1.0,0.0,0.0,0.0,0.0,0.0,0.0,1.0,0.0,0.0,150.0,0.0,0.0,0.0,7.0,,0.0,0.0,0.0,0.0,0.0,0.0,7.0,0.0,228600000.0,2687000000.0,14633000000.0,495699000.0,8.0,2913000.0,3.0,584.0,0.0,11701.0,0.0,9000.0,0.0,0.0,0.0,0.0,0.0,0.0,0.0,71740.0,402.0,1093.0,800.0,8.0,8.77092097630437e-07,0.015622223740859701,0.2200000241200327,17584.615384615383,139,7.692307692307693e-05,0.0,0.017412935323383085,25.062906689789738,25562.0
Kosovo,Unknown,Unknown,Unknown,Non-NATO,2026,141,1977093.0,917371.0,743387.0,17794.0,10000.0,5000.0,500.0,0.0,0.0,0.0,0.0,0.0,0.0,0.0,0.0,0.0,0.0,737.0,0.0,0.0,0.0,0.0,,0.0,0.0,0.0,0.0,0.0,0.0,0.0,0.0,260715150.0,2750000000.0,23794000000.0,1245000000.0,4.0,500300.0,0.0,0.0,437.0,2012.0,0.0,15000.0,0.0,0.0,0.0,0.0,9074000.0,8927000.0,1564000000.0,10887.0,0.0,714.0,0.0,0.0,0.0,0.01095718038160881,0.4639999231194486,26071.515,140,0.0,0.0,,131.8679242706337,25562.0
Somalia,Unknown,Unknown,Unknown,Non-NATO,2026,142,13017273.0,2993973.0,1796384.0,130173.0,15000.0,0.0,2000.0,0.0,0.0,0.0,0.0,0.0,0.0,0.0,0.0,0.0,0.0,682.0,0.0,0.0,0.0,10.0,,0.0,0.0,0.0,0.0,0.0,0.0,10.0,0.0,171002350.0,5830000000.0,26351000000.0,16747500.0,38.0,3277000.0,6.0,4.0,0.0,15000.0,0.0,6000.0,0.0,0.0,0.0,5663000000.0,0.0,0.0,0.0,637657.0,3025.0,2385.0,0.0,10.0,7.682100544407419e-07,0.006489406474137604,0.23000001613241114,11400.156666666666,141,0.0,0.0,0.003305785123966942,13.136572460299481,25562.0
Central African Republic,Unknown,Unknown,Unknown,Non-NATO,2026,143,5650957.0,2203873.0,1254512.0,101717.0,10000.0,0.0,1000.0,6.0,0.0,6.0,0.0,0.0,0.0,0.0,0.0,0.0,0.0,228.0,0.0,0.0,0.0,0.0,,0.0,0.0,0.0,0.0,0.0,0.0,0.0,0.0,45990000.0,666293000.0,5849000000.0,374405000.0,43.0,2114000.0,0.0,0.0,0.0,24000.0,0.0,2000.0,0.0,0.0,0.0,0.0,0.0,0.0,3000000.0,622984.0,0.0,5920.0,2800.0,6.0,1.0617670599864766e-06,0.00786288254402462,0.3899999592989294,4599.0,142,0.0006,0.0,,8.138444514796344,25562.0
Benin,Unknown,Unknown,Unknown,Non-NATO,2026,144,14697052.0,5584880.0,3189260.0,308638.0,4750.0,0.0,0.0,5.0,0.0,0.0,0.0,0.0,0.0,0.0,5.0,0.0,0.0,92.0,0.0,16.0,0.0,2.0,,0.0,0.0,0.0,0.0,0.0,0.0,2.0,0.0,98350000.0,4066500000.0,52510000000.0,698900000.0,10.0,4964000.0,1.0,6.0,438.0,16000.0,0.0,46000.0,8000000.0,0.0,182131000.0,1133000000.0,0.0,45000.0,0.0,112622.0,121.0,2123.0,150.0,7.0,4.762859925922559e-07,0.0018729765758903065,0.38000001632980546,20705.263157894737,143,0.0010526315789473684,0.0,0.01652892561983471,6.691818195921195,25562.0
Bhutan,Unknown,Unknown,Unknown,Non-NATO,2026,145,884546.0,203446.0,122067.0,4423.0,7500.0,0.0,0.0,2.0,0.0,0.0,0.0,0.0,0.0,0.0,2.0,0.0,0.0,84.0,0.0,0.0,0.0,0.0,,0.0,0.0,0.0,0.0,0.0,0.0,0.0,0.0,14000000.0,2757000000.0,10981000000.0,976260000.0,4.0,430000.0,0.0,0.0,0.0,12205.0,0.0,3000.0,0.0,0.0,0.0,0.0,177000.0,325000.0,0.0,38394.0,0.0,1136.0,0.0,2.0,2.2610469099402407e-06,0.0012749294235497677,0.2300004748198511,1866.6666666666667,144,0.0002666666666666667,0.0,,15.827328369581684,25562.0
